pair_id,jd_id,jd_title,jd_level,jd_domain,jd_mandatory_skills,repo_name,file_path,start_line,end_line,context_header,chunk_content,gemini_suggested_label,gemini_reason,human_label,human_note
ITEM_001,JD_REACT_01,Frontend Developer Fresher (ReactJS / TypeScript),Fresher,E-Commerce Storefront & Order Management,"ReactJS, TypeScript, Redux Toolkit, Tailwind CSS, Git",sylvaincodes/youtube_ecommerce,components/modules/custom/Container.tsx,1,11,File: components/modules/custom/Container.tsx | Lines 1..11,"import React from ""react"";

export default function Container({
  children,
  className,
}: {
  children: React.ReactNode;
  className?: string;
}) {
  return <div className={`container h-full w-full ${className}`}>{children}</div>;
}",1,"The code demonstrates basic React, TypeScript prop typing, and Tailwind CSS usage, but it is merely a simple layout wrapper lacking complex state or business logic.",,
ITEM_002,JD_REACT_06,Junior ReactJS Developer,Junior,Productivity & Collaborative Kanban System,"ReactJS, TypeScript, Redux Toolkit / Zustand, React Hook Form & Zod/Yup, Tailwind CSS / CSS-in-JS",devias-io/material-kit-react,src/components/core/logo.tsx,1,50,File: src/components/core/logo.tsx | Lines 1..50,"'use client';

import * as React from 'react';
import Box from '@mui/material/Box';
import { useColorScheme } from '@mui/material/styles';

import { NoSsr } from '@/components/core/no-ssr';

const HEIGHT = 60;
const WIDTH = 60;

type Color = 'dark' | 'light';

export interface LogoProps {
  color?: Color;
  emblem?: boolean;
  height?: number;
  width?: number;
}

export function Logo({ color = 'dark', emblem, height = HEIGHT, width = WIDTH }: LogoProps): React.JSX.Element {
  let url: string;

  if (emblem) {
    url = color === 'light' ? '/assets/logo-emblem.svg' : '/assets/logo-emblem--dark.svg';
  } else {
    url = color === 'light' ? '/assets/logo.svg' : '/assets/logo--dark.svg';
  }

  return <Box alt=""logo"" component=""img"" height={height} src={url} width={width} />;
}

export interface DynamicLogoProps {
  colorDark?: Color;
  colorLight?: Color;
  emblem?: boolean;
  height?: number;
  width?: number;
}

export function DynamicLogo({
  colorDark = 'light',
  colorLight = 'dark',
  height = HEIGHT,
  width = WIDTH,
  ...props
}: DynamicLogoProps): React.JSX.Element {
  const { colorScheme } = useColorScheme();
  const color = colorScheme === 'dark' ? colorDark : colorLight;
",1,"The code demonstrates basic TypeScript typing and simple presentational React components with MUI, but lacks complex state management, custom hooks, or form validation required by the role.",,
ITEM_003,JD_REACT_03,Fullstack TypeScript Fresher,Fresher,Fullstack Web Application Development,"TypeScript, JavaScript (ES6+), ReactJS, Node.js / Express.js, JWT Authentication, MongoDB / PostgreSQL / MySQL",ZahraMirzaei/online-shop,components/carousel/Slide.tsx,12,38,File: components/carousel/Slide.tsx | Lines 12..38,"const Slide: React.FC<Props> = ({ title, description, bgImg, url }) => {
  const { t } = useLanguage();

  return (
    <>
      <div
        className={`relative w-[100%] h-[50vh] md:h-[70vh] bg-cover bg-center bg-no-repeat`}
        style={{ backgroundImage: `${bgImg}` }}
      >
        <Link href={url}>
          <a className=""block"">
            <div
              className={`backdrop-filter backdrop-blur-[12px] bg-palette-card/60 p-3 md:p-8 lg:p-10 shadow-lg md:overflow-hidden ltr:text-left rtl:text-right rounded-md md:w-[60%] lg:w-[50%] md:mt-auto absolute bottom-0 md:top-[45%] md:right-[25%] md:bottom-auto`}
            >
              <h3 className=""text-lg md:text-2xl lg:text-3xl font-medium"">
                {t[`${title}`]}
              </h3>
              <p className=""text-[13px] md:text-lg mt-2 md:mt-4 lg:mt-8"">
                {t[`${description}`]}
              </p>
            </div>
          </a>
        </Link>
      </div>
    </>
  );
};",2,"The code provides strong evidence of ReactJS and TypeScript competencies, implementing a typed functional component with Tailwind CSS styling and custom hooks.",,
ITEM_004,JD_REACT_02,ReactJS / TypeScript Intern,Intern/Fresher,Digital Media & Streaming SPA,"HTML5/CSS3, JavaScript (ES6+), TypeScript, ReactJS",sudeepmahato16/movie-app,src/pages/Catalog/components/Search.tsx,9,40,File: src/pages/Catalog/components/Search.tsx | Lines 9..40,"const Search: React.FC<SearchProps> = ({ setQuery }) => {
  const { category } = useParams();
  const [search, setSearch] = useState<string>("""");

  const handleSubmit = (e: React.FormEvent) => {
    e.preventDefault();
    if (!search) return;
    setQuery({ search });
    setSearch("""");
  };

  return (
    <form
      className=""text-[14px] lg:py-10 md:pt-9 md:pb-10 sm:pt-8 sm:pb-10  pt-6 pb-8 flex flex-row items-center justify-center""
      onSubmit={handleSubmit}
    >
      <input
        type=""text""
        className=""py-[8px] pl-[20px] pr-[36px]  rounded-full outline-none w-[300px] md:w-[340px]  shadow-md transition-all duration-300 focus:shadow-sm text-[#666] focus:bg-[#ffffff] bg-[#fdfdfd] font-medium dark:bg-[#302d3a] dark:text-primary dark:focus:bg-[#474550]""
        onChange={(e) => setSearch(e.target.value)}
        value={search}
        placeholder={`Search ${category === ""movie"" ? ""movies"" : ""tv series""}`}
      />
      <button
        type=""submit""
        className=""text-[18px] -ml-[32px] text-[#ff0000] z-[1]""
      >
        <GoSearch />
      </button>
    </form>
  );
};",2,"This component demonstrates proper ReactJS state management, form handling, TypeScript typing, and react-router parameter usage, fulfilling the requirements.",,
ITEM_005,JD_REACT_08,React TypeScript Fresher,Fresher,Personal Finance & Digital Banking Portal,"ReactJS, TypeScript, React Hook Form, Zod / Yup, Authentication & Axios Interceptors, Material UI / Ant Design / Shadcn UI / Tailwind CSS",sylvaincodes/youtube_ecommerce,components/modules/custom/Currency.tsx,1,32,File: components/modules/custom/Currency.tsx | Lines 1..32,"import React from ""react"";
import {
  Select,
  SelectContent,
  SelectGroup,
  SelectItem,
  SelectTrigger,
  SelectValue,
} from ""@/components/ui/select"";
import { CiMoneyBill } from ""react-icons/ci"";

export default function Currency({
  currency,
  handleCurrency,
}: {
  currency: string;
  handleCurrency: (value: string) => void;
}) {
  return (
    <Select onValueChange={handleCurrency}>
      <SelectTrigger className="" w-[140px] border-0 focus:outline-none  focus:visible-none focus:ring-0 ring-white"">
        <CiMoneyBill className=""text-primary-500 h-4 w-4"" />
        <SelectValue placeholder={currency} />
      </SelectTrigger>
      <SelectContent>
        <SelectGroup>
          <SelectItem value=""en"">USD</SelectItem>
        </SelectGroup>
      </SelectContent>
    </Select>
  );
}",1,"The snippet provides peripheral evidence of React, TypeScript, and Shadcn UI/Tailwind CSS through a basic currency select dropdown with typed props, but lacks state management, React Hook Form, or Zod validation.",,
ITEM_006,JD_REACT_07,Frontend Developer Intern/Fresher,Intern/Fresher,Real-Time Collaboration & Messaging,"ReactJS, TypeScript, WebSocket / Socket.io-client, Zustand / Redux Toolkit / React Context API, Tailwind CSS / SCSS",devdcores/BookStoreApp-Distributed-Application,bookstore-account-service/src/main/java/com/devd/spring/bookstoreaccountservice/config/AuthForwardInterceptor.java,1,29,File: bookstore-account-service/src/main/java/com/devd/spring/bookstoreaccountservice/config/AuthForwardInterceptor.java | Lines 1..29,"package com.devd.spring.bookstoreaccountservice.config;

import feign.RequestInterceptor;
import feign.RequestTemplate;
import java.util.Objects;
import javax.servlet.http.HttpServletRequest;
import org.springframework.http.HttpHeaders;
import org.springframework.stereotype.Component;
import org.springframework.web.context.request.RequestContextHolder;
import org.springframework.web.context.request.ServletRequestAttributes;

/**
 * @author: Devaraj Reddy, Date : 2019-07-02
 */

/*
This is required for Feign clients to make request to services.
It takes the token from header and set the header in the feign request header.
 */
@Component
public class AuthForwardInterceptor implements RequestInterceptor {

  @Override
  public void apply(RequestTemplate template) {
    HttpServletRequest request = ((ServletRequestAttributes) Objects
        .requireNonNull(RequestContextHolder.getRequestAttributes())).getRequest();
    template.header(HttpHeaders.AUTHORIZATION, request.getHeader(HttpHeaders.AUTHORIZATION));
  }
}",0,"The code snippet is a Java Spring Boot / Feign interceptor, which is completely irrelevant to the requested Frontend Web Developer JD requiring ReactJS and TypeScript.",,
ITEM_007,JD_JAVA_14,Backend Engineer (Java / Spring Boot),Intern/Fresher,HRTech & Recruitment Job Portal,"Java Core, Spring Boot, Spring Data JPA, Spring Security & JWT, PostgreSQL / MySQL",Snailclimb/spring-security-jwt-guide,src/main/java/github/javaguide/springsecurityjwtguide/security/service/AuthService.java,1,50,File: src/main/java/github/javaguide/springsecurityjwtguide/security/service/AuthService.java | Lines 1..50,"package github.javaguide.springsecurityjwtguide.security.service;

import github.javaguide.springsecurityjwtguide.security.common.utils.CurrentUserUtil;
import github.javaguide.springsecurityjwtguide.security.common.utils.JwtTokenUtil;
import github.javaguide.springsecurityjwtguide.security.dto.LoginRequest;
import github.javaguide.springsecurityjwtguide.security.entity.JwtUser;
import github.javaguide.springsecurityjwtguide.system.entity.User;
import github.javaguide.springsecurityjwtguide.system.exception.UserNameNotFoundException;
import github.javaguide.springsecurityjwtguide.system.service.UserService;
import lombok.RequiredArgsConstructor;
import lombok.extern.slf4j.Slf4j;
import org.springframework.beans.factory.annotation.Autowired;
import org.springframework.data.redis.core.StringRedisTemplate;
import org.springframework.security.authentication.BadCredentialsException;
import org.springframework.security.core.Authentication;
import org.springframework.security.core.GrantedAuthority;
import org.springframework.security.core.context.SecurityContextHolder;
import org.springframework.stereotype.Service;

import java.util.List;
import java.util.stream.Collectors;

/**
 * @author shuang.kou
 **/
@Service
@RequiredArgsConstructor(onConstructor = @__(@Autowired))
@Slf4j
public class AuthService {
    private final UserService userService;
    private final StringRedisTemplate stringRedisTemplate;
    private final CurrentUserUtil currentUserUtil;

    public String createToken(LoginRequest loginRequest) {
        User user = userService.find(loginRequest.getUsername());
        if (!userService.check(loginRequest.getPassword(), user.getPassword())) {
            throw new BadCredentialsException(""The user name or password is not correct."");
        }
        JwtUser jwtUser = new JwtUser(user);
        if (!jwtUser.isEnabled()) {
            throw new BadCredentialsException(""User is forbidden to login"");
        }
        List<String> authorities = jwtUser.getAuthorities()
                .stream()
                .map(GrantedAuthority::getAuthority)
                .collect(Collectors.toList());
        String token = JwtTokenUtil.createToken(user.getUserName(), user.getId().toString(), authorities, loginRequest.getRememberMe());
        stringRedisTemplate.opsForValue().set(user.getId().toString(), token);
        return token;
    }",2,"The class demonstrates robust Spring Boot service logic, credential checking, token generation, and integration with security and Redis components.",,
ITEM_008,JD_JAVA_09,Java Backend Intern,Intern,Digital Library & Bookstore API,"Java Core, Spring Boot, Spring Data JPA, MySQL/PostgreSQL",mdtalalwasim/blog-application-spring-boot-rest-api,blog-application-springboot-rest-apis/src/main/java/com/mdtalalwasim/blog/app/controller/PostRestController.java,1,50,File: blog-application-springboot-rest-apis/src/main/java/com/mdtalalwasim/blog/app/controller/PostRestController.java | Lines 1..50,"package com.mdtalalwasim.blog.app.controller;

import java.io.IOException;
import java.io.InputStream;
import java.util.List;

import javax.print.attribute.standard.Media;


import org.springframework.beans.factory.annotation.Autowired;
import org.springframework.beans.factory.annotation.Value;
import org.springframework.boot.ApplicationArguments;
import org.springframework.http.HttpStatus;
import org.springframework.http.MediaType;
import org.springframework.http.ResponseEntity;
import org.springframework.util.StreamUtils;
import org.springframework.web.bind.annotation.DeleteMapping;
import org.springframework.web.bind.annotation.GetMapping;
import org.springframework.web.bind.annotation.PathVariable;
import org.springframework.web.bind.annotation.PostMapping;
import org.springframework.web.bind.annotation.PutMapping;
import org.springframework.web.bind.annotation.RequestBody;
import org.springframework.web.bind.annotation.RequestMapping;
import org.springframework.web.bind.annotation.RequestParam;
import org.springframework.web.bind.annotation.RestController;
import org.springframework.web.multipart.MultipartFile;

import com.mdtalalwasim.blog.app.config.ApplicationConstants;
import com.mdtalalwasim.blog.app.payloads.ApiResponse;
import com.mdtalalwasim.blog.app.payloads.PostDto;
import com.mdtalalwasim.blog.app.payloads.PostResponse;
import com.mdtalalwasim.blog.app.services.FileService;
import com.mdtalalwasim.blog.app.services.PostService;

import jakarta.servlet.http.HttpServletRequest;
import jakarta.servlet.http.HttpServletResponse;
import jakarta.validation.Valid;

@RestController
@RequestMapping(""/api/"")
public class PostRestController {

	@Autowired
	PostService postService;
	
	@Autowired
	private FileService fileService;
	
	@Value(""${project.image}"")
	private String path;",1,"The snippet only contains package declarations, imports, and field injections for a REST controller without any actual method logic implementation.",,
ITEM_009,JD_JAVA_04,Java Microservices Fresher,Fresher,Distributed Systems & Supply Chain,"Java 17+, Spring Boot, Apache Kafka, Spring Data JPA, MySQL/PostgreSQL, Docker / Docker Compose",mewebstudio/java-spring-boot-boilerplate,src/main/java/com/mewebstudio/javaspringbootboilerplate/controller/AccountController.java,66,106,File: src/main/java/com/mewebstudio/javaspringbootboilerplate/controller/AccountController.java | Lines 66..106,"@PostMapping(""/password"")
    @Operation(
        summary = ""Password update endpoint"",
        security = @SecurityRequirement(name = SECURITY_SCHEME_NAME),
        responses = {
            @ApiResponse(
                responseCode = ""200"",
                description = ""Successful operation"",
                content = @Content(
                    mediaType = ""application/json"",
                    schema = @Schema(implementation = SuccessResponse.class)
                )
            ),
            @ApiResponse(
                responseCode = ""401"",
                description = ""Bad credentials"",
                content = @Content(
                    mediaType = MediaType.APPLICATION_JSON_VALUE,
                    schema = @Schema(implementation = ErrorResponse.class)
                )
            ),
            @ApiResponse(
                responseCode = ""422"",
                description = ""Validation failed"",
                content = @Content(
                    mediaType = MediaType.APPLICATION_JSON_VALUE,
                    schema = @Schema(implementation = DetailedErrorResponse.class)
                )
            )
        }
    )
    public ResponseEntity<SuccessResponse> password(
        @Parameter(description = ""Request body to update password"", required = true)
        @RequestBody @Valid UpdatePasswordRequest request
    ) throws BindException {
        userService.updatePassword(request);

        return ResponseEntity.ok(SuccessResponse.builder()
            .message(messageSourceService.get(""your_password_updated""))
            .build());
    }",2,"The code provides clear Spring Boot REST controller implementation complete with OpenAPI annotations, DTO validation (@Valid), and service delegation.",,
ITEM_010,JD_REACT_09,Frontend Web Developer,Intern / Fresher,Service Discovery & Booking Platform,"ReactJS, TypeScript, React Router, Axios",hoangtien2k3/ecommerce-microservices,auth-service/src/main/java/com/ecommerce/authservice/controller/AuthController.java,123,128,File: auth-service/src/main/java/com/ecommerce/authservice/controller/AuthController.java | Lines 123..128,"private String resolveFrontendRedirect(String requested) {
        if (StringUtils.hasText(requested) && ssoProperties.getAllowedRedirectUris().contains(requested)) {
            return requested;
        }
        return ssoProperties.getDefaultFrontendRedirect();
    }",0,"The code snippet belongs to a Java backend authentication service method, which is irrelevant to the frontend web developer role focusing on React and TypeScript.",,
ITEM_011,JD_JAVA_04,Java Microservices Fresher,Fresher,Distributed Systems & Supply Chain,"Java 17+, Spring Boot, Apache Kafka, Spring Data JPA, MySQL/PostgreSQL, Docker / Docker Compose",f-lab-edu/fast-shoppers,src/main/java/com/fastshoppers/entity/Product.java,1,50,File: src/main/java/com/fastshoppers/entity/Product.java | Lines 1..50,"package com.fastshoppers.entity;

import java.math.BigDecimal;

import org.springframework.data.jpa.domain.support.AuditingEntityListener;

import jakarta.persistence.AttributeOverride;
import jakarta.persistence.Column;
import jakarta.persistence.Entity;
import jakarta.persistence.EntityListeners;
import jakarta.persistence.FetchType;
import jakarta.persistence.JoinColumn;
import jakarta.persistence.ManyToOne;
import jakarta.persistence.Table;
import lombok.AllArgsConstructor;
import lombok.Getter;
import lombok.NoArgsConstructor;
import lombok.Setter;
import lombok.ToString;

@Entity
@AttributeOverride(name = ""id"", column = @Column(name = ""product_id"", nullable = false))
@Table(name = ""product"")
@Getter
@Setter
@NoArgsConstructor
@AllArgsConstructor
@EntityListeners(AuditingEntityListener.class)
@ToString
public class Product extends BaseEntity {

	@Column(name = ""product_uuid"", nullable = false, unique = true)
	private String productUuid;

	@ManyToOne(fetch = FetchType.LAZY)
	@JoinColumn(name = ""category_id"", nullable = false)
	private Category category;

	@Column(name = ""product_name"", length = 255, nullable = false)
	private String productName;

	@Column(name = ""product_subtitle"", length = 255)
	private String productSubtitle;

	@Column(name = ""list_price"", nullable = false)
	private BigDecimal listPrice;

	@Column(name = ""selling_price"", nullable = false)
	private BigDecimal sellingPrice;
",1,"The snippet consists of a standard JPA entity definition with basic annotations and auditing listeners, representing boilerplate data-layer configuration.",,
ITEM_012,JD_JAVA_11,Java Backend Developer,Fresher / Junior,Social Network & Technical Blogging Platform,"Java 17, Spring Boot 3, Spring Security 6, Spring Data JPA / Hibernate, PostgreSQL, Git",huseynovvusal/spring-blog-api,src/main/java/com/huseynovvusal/springblogapi/config/OpenAPIConfiguration.java,1,41,File: src/main/java/com/huseynovvusal/springblogapi/config/OpenAPIConfiguration.java | Lines 1..41,"package com.huseynovvusal.springblogapi.config;

import io.swagger.v3.oas.models.Components;
import io.swagger.v3.oas.models.OpenAPI;
import io.swagger.v3.oas.models.info.Info;
import io.swagger.v3.oas.models.security.SecurityScheme;
import io.swagger.v3.oas.models.servers.Server;
import java.util.List;
import org.springframework.beans.factory.annotation.Value;
import org.springframework.context.annotation.Bean;
import org.springframework.context.annotation.Configuration;

@Configuration
public class OpenAPIConfiguration {

  @Value(""${openapi.server.url}"")
  private String serverUrl;

  @Value(""${openapi.server.description}"")
  private String serverDescription;

  @Bean
  public OpenAPI defineOpenApi() {
    Server server = new Server();
    server.setUrl(serverUrl);
    server.setDescription(serverDescription);

    SecurityScheme securityScheme =
        new SecurityScheme().type(SecurityScheme.Type.HTTP).scheme(""bearer"").bearerFormat(""JWT"");

    Info information =
        new Info()
            .title(""Spring Blog API"")
            .version(""1.0"")
            .description(""Find all API endpoints and related info here..."");
    return new OpenAPI()
        .info(information)
        .servers(List.of(server))
        .components(new Components().addSecuritySchemes(""bearerAuth"", securityScheme));
  }
}",1,"The snippet provides a standard OpenAPI/Swagger configuration bean setup, which is considered peripheral or basic configuration evidence.",,
ITEM_013,JD_JAVA_01,Backend Developer (Java / Spring Boot),Fresher,E-Commerce Platform,"Java, Spring Boot, Spring Security & JWT, Spring Data JPA / Hibernate, MySQL, Git",hoangtien2k3/ecommerce-microservices,auth-service/src/main/java/com/ecommerce/authservice/controller/AuthController.java,56,71,File: auth-service/src/main/java/com/ecommerce/authservice/controller/AuthController.java | Lines 56..71,"@GetMapping(""/login"")
    public ResponseEntity<Void> ssoLogin(
            @RequestParam(value = ""redirect_uri"", required = false) String redirectUri) {
        String frontendRedirect = resolveFrontendRedirect(redirectUri);
        String state = ssoSessionStore.createLoginState(frontendRedirect);
        String authorizeUrl = UriComponentsBuilder.fromUriString(keycloakProperties.authorizationEndpoint())
                .queryParam(""client_id"", keycloakProperties.getClientId())
                .queryParam(""response_type"", ""code"")
                .queryParam(""scope"", ssoProperties.getScope())
                .queryParam(""redirect_uri"", ssoProperties.getBackendCallbackUrl())
                .queryParam(""state"", state)
                .build()
                .encode()
                .toUriString();
        return ResponseEntity.status(HttpStatus.FOUND).location(URI.create(authorizeUrl)).build();
    }",2,"The method demonstrates non-trivial Spring Boot web logic for handling SSO login redirects, URI builder configuration, and HTTP status handling.",,
ITEM_014,JD_REACT_03,Fullstack TypeScript Fresher,Fresher,Fullstack Web Application Development,"TypeScript, JavaScript (ES6+), ReactJS, Node.js / Express.js, JWT Authentication, MongoDB / PostgreSQL / MySQL",Rapter1990/parkinglot,src/main/java/com/project/parkinglot/payload/response/CustomPageResponse.java,35,43,File: src/main/java/com/project/parkinglot/payload/response/CustomPageResponse.java | Lines 35..43,"public static <T> CustomPageResponse<T> of(Page<T> page) {
        return CustomPageResponse.<T>builder()
                .content(page.getContent())
                .pageNumber(page.getNumber())
                .pageSize(page.getSize())
                .totalPageCount(page.getTotalPages())
                .totalElementCount(page.getTotalElements())
                .build();
    }",0,"The snippet is written in Java and uses Spring Data pagination, which is entirely unrelated to the mandatory Fullstack TypeScript stack (React, Node.js/Express.js).",,
ITEM_015,JD_JAVA_11,Java Backend Developer,Fresher / Junior,Social Network & Technical Blogging Platform,"Java 17, Spring Boot 3, Spring Security 6, Spring Data JPA / Hibernate, PostgreSQL, Git",mdtalalwasim/blog-application-spring-boot-rest-api,blog-application-springboot-rest-apis/src/main/java/com/mdtalalwasim/blog/app/BlogApplicationSpringbootRestApisApplication.java,46,76,File: blog-application-springboot-rest-apis/src/main/java/com/mdtalalwasim/blog/app/BlogApplicationSpringbootRestApisApplication.java | Lines 46..76,"@Override
	public void run(String... args) throws Exception {
		System.out.println(this.passwordEncoder.encode(""123456""));
		System.out.println(this.passwordEncoder.encode(""selim""));
		
		
		try {
			
			//create 2 Role, When Application run 1st time. if role is created before then it will not created again.
			Role role = new Role();
			role.setId(ApplicationConstants.ADMIN_USER_ID_HARDCODED_ID_VALUE);//role.setId(7001);
			role.setName(""ADMIN_USER"");
			
			Role role2 = new Role();
			role2.setId(ApplicationConstants.NORMAL_USER_ID_HARDCODED_ID_VALUE);//role.setId(7001);
			role2.setName(""NORMAL_USER"");
			
			List<Role> roles = List.of(role,role2);
			
			List<Role> rolesResult	 = this.roleRepository.saveAll(roles);
			
			//only systout for personal check.
			rolesResult.forEach(r->{
				System.out.println(r.getName());  
			});
			
			
		} catch (Exception e) {
			
		}
	}",2,"Provides direct, observable implementation of Spring Boot application runner logic with Spring Data JPA repository usage and password encoding.",,
ITEM_016,JD_JAVA_11,Java Backend Developer,Fresher / Junior,Social Network & Technical Blogging Platform,"Java 17, Spring Boot 3, Spring Security 6, Spring Data JPA / Hibernate, PostgreSQL, Git",mdtalalwasim/blog-application-spring-boot-rest-api,blog-application-springboot-rest-apis/src/main/java/com/mdtalalwasim/blog/app/entity/Category.java,1,43,File: blog-application-springboot-rest-apis/src/main/java/com/mdtalalwasim/blog/app/entity/Category.java | Lines 1..43,"package com.mdtalalwasim.blog.app.entity;

import java.util.ArrayList;
import java.util.List;

import jakarta.persistence.CascadeType;
import jakarta.persistence.Column;
import jakarta.persistence.Entity;
import jakarta.persistence.GeneratedValue;
import jakarta.persistence.GenerationType;
import jakarta.persistence.Id;
import jakarta.persistence.OneToMany;
import jakarta.persistence.Table;
import lombok.Getter;
import lombok.NoArgsConstructor;
import lombok.Setter;

@Entity
@Table(name = ""categories"")
@Setter
@Getter
@NoArgsConstructor
public class Category {
	
	@Id
	@GeneratedValue(strategy = GenerationType.IDENTITY)
	
	private int id;
	
	@Column(name = ""title"", length = 100, nullable = false)
	private String categoryTitle;
	
	@Column(name = ""description"")
	private String categoryDescription;
	
	@OneToMany(mappedBy = ""category"", cascade = CascadeType.ALL)
	List<Post> posts = new ArrayList<>(); 
	
	
	


}",2,Demonstrates strong evidence of Spring Data JPA and Hibernate entity mapping with Lombok annotations and relational mapping.,,
ITEM_017,JD_JAVA_01,Backend Developer (Java / Spring Boot),Fresher,E-Commerce Platform,"Java, Spring Boot, Spring Security & JWT, Spring Data JPA / Hibernate, MySQL, Git",hoangtien2k3/ecommerce-microservices,auth-service/src/main/java/com/ecommerce/authservice/controller/RoleController.java,1,50,File: auth-service/src/main/java/com/ecommerce/authservice/controller/RoleController.java | Lines 1..50,"package com.ecommerce.authservice.controller;

import com.ecommerce.authservice.service.RoleService;
import com.ecommerce.commonlib.constants.ApiPaths;
import com.ecommerce.commonlib.exception.BusinessException;
import com.ecommerce.commonlib.exception.ErrorCode;
import com.ecommerce.commonlib.viewmodel.ApiResponse;
import jakarta.validation.constraints.NotBlank;
import lombok.RequiredArgsConstructor;
import org.springframework.security.access.prepost.PreAuthorize;
import org.springframework.validation.annotation.Validated;
import org.springframework.web.bind.annotation.GetMapping;
import org.springframework.web.bind.annotation.PathVariable;
import org.springframework.web.bind.annotation.PostMapping;
import org.springframework.web.bind.annotation.RequestBody;
import org.springframework.web.bind.annotation.RequestMapping;
import org.springframework.web.bind.annotation.RestController;

import org.slf4j.Logger;
import org.slf4j.LoggerFactory;
import java.util.List;

@RestController
@RequestMapping(ApiPaths.ROLES)
@RequiredArgsConstructor
@Validated
public class RoleController {

    private static final Logger log = LoggerFactory.getLogger(RoleController.class);

    private final RoleService roleService;

    @PostMapping(""/users/{userId}/assign"")
    @PreAuthorize(""hasAuthority('ADMIN')"")
    public ApiResponse<Void> assignRoles(@PathVariable Long userId,
                                         @RequestBody @NotBlank String roleNames) {
        if (!roleService.assignRole(userId, roleNames)) {
            throw BusinessException.of(ErrorCode.CONFLICT);
        }
        return ApiResponse.message(""Roles assigned to user "" + userId);
    }

    @PostMapping(""/users/{userId}/revoke"")
    @PreAuthorize(""hasAuthority('ADMIN')"")
    public ApiResponse<Void> revokeRoles(@PathVariable Long userId,
                                         @RequestBody @NotBlank String roleNames) {
        if (!roleService.revokeRole(userId, roleNames)) {
            throw BusinessException.of(ErrorCode.CONFLICT);
        }
        return ApiResponse.message(""Roles revoked from user "" + userId);",2,"The snippet provides strong evidence of Spring Boot and Spring Security proficiency, showcasing a `@RestController` implementing role-based endpoint security with `@PreAuthorize` alongside method-level input validation and business exception handling.",,
ITEM_018,JD_JAVA_04,Java Microservices Fresher,Fresher,Distributed Systems & Supply Chain,"Java 17+, Spring Boot, Apache Kafka, Spring Data JPA, MySQL/PostgreSQL, Docker / Docker Compose",osopromadze/Spring-Boot-Blog-REST-API,src/main/java/com/sopromadze/blogapi/config/SecutiryConfig.java,34,40,File: src/main/java/com/sopromadze/blogapi/config/SecutiryConfig.java | Lines 34..40,"@Autowired
	public SecutiryConfig(UserRepository userRepository, CustomUserDetailsServiceImpl customUserDetailsService,
			JwtAuthenticationEntryPoint unauthorizedHandler, JwtAuthenticationFilter jwtAuthenticationFilter) {
		this.customUserDetailsService = customUserDetailsService;
		this.unauthorizedHandler = unauthorizedHandler;
		this.jwtAuthenticationFilter = jwtAuthenticationFilter;
	}",1,"Shows basic constructor wiring for Spring Security components, serving as peripheral configuration evidence.",,
ITEM_019,JD_JAVA_09,Java Backend Intern,Intern,Digital Library & Bookstore API,"Java Core, Spring Boot, Spring Data JPA, MySQL/PostgreSQL",devdcores/BookStoreApp-Distributed-Application,bookstore-account-service/src/main/java/com/devd/spring/bookstoreaccountservice/config/AuthForwardInterceptor.java,23,28,File: bookstore-account-service/src/main/java/com/devd/spring/bookstoreaccountservice/config/AuthForwardInterceptor.java | Lines 23..28,"@Override
  public void apply(RequestTemplate template) {
    HttpServletRequest request = ((ServletRequestAttributes) Objects
        .requireNonNull(RequestContextHolder.getRequestAttributes())).getRequest();
    template.header(HttpHeaders.AUTHORIZATION, request.getHeader(HttpHeaders.AUTHORIZATION));
  }",1,"Provides a simple request interceptor snippet forwarding authorization headers, representing peripheral library/interceptor logic.",,
ITEM_020,JD_REACT_01,Frontend Developer Fresher (ReactJS / TypeScript),Fresher,E-Commerce Storefront & Order Management,"ReactJS, TypeScript, Redux Toolkit, Tailwind CSS, Git",JordanKnott/taskcafe,frontend/src/shared/components/Checklist/index.tsx,481,530,File: frontend/src/shared/components/Checklist/index.tsx | Lines 481..530,"type ChecklistTitleEditorProps = {
  name: string;
  onChangeName: (item: string) => void;
  onCancel: () => void;
};

const ChecklistTitleEditor = React.forwardRef(
  ({ name, onChangeName, onCancel }: ChecklistTitleEditorProps, $name: any) => {
    const [currentName, setCurrentName] = useState(name);
    return (
      <>
        <ChecklistNameEditor
          ref={$name}
          value={currentName}
          onChange={e => {
            setCurrentName(e.currentTarget.value);
          }}
          onKeyDown={e => {
            if (e.key === 'Enter') {
              onChangeName(currentName);
            }
          }}
        />
        <EditControls>
          <SaveButton
            onClick={() => {
              onChangeName(currentName);
            }}
            variant=""relief""
          >
            Save
          </SaveButton>
          <CancelButton
            onClick={e => {
              e.stopPropagation();
              onCancel();
            }}
          >
            <Cross width={20} height={20} />
          </CancelButton>
        </EditControls>
      </>
    );
  },
);
type ChecklistProps = {
  checklistID: string;
  onDeleteChecklist: ($target: React.RefObject<HTMLElement>, checklistID: string) => void;
  name: string;
  children: React.ReactNode;",2,"Demonstrates strong React and TypeScript competencies with custom state management, event handling, and forwardRef typing.",,
ITEM_021,JD_REACT_02,ReactJS / TypeScript Intern,Intern/Fresher,Digital Media & Streaming SPA,"HTML5/CSS3, JavaScript (ES6+), TypeScript, ReactJS",JordanKnott/taskcafe,frontend/src/shared/components/Button/index.tsx,1,50,File: frontend/src/shared/components/Button/index.tsx | Lines 1..50,"import React, { useRef } from 'react';
import styled, { css } from 'styled-components/macro';
import { mixin } from '../../utils/styles';

const Text = styled.span<{ fontSize: string; justifyTextContent: string; hasIcon?: boolean }>`
  position: relative;
  display: flex;
  align-items: center;
  justify-content: ${(props) => props.justifyTextContent};
  transition: all 0.2s ease;
  font-size: ${(props) => props.fontSize};
  color: ${(props) => props.theme.colors.text.secondary};
  ${(props) =>
    props.hasIcon &&
    css`
      padding-left: 4px;
    `}
`;

const Base = styled.button<{ color: string; disabled: boolean }>`
  transition: all 0.2s ease;
  position: relative;
  border: none;
  cursor: pointer;
  padding: 0.75rem 2rem;
  border-radius: ${(props) => props.theme.borderRadius.alternate};
  display: flex;
  align-items: center;

  ${(props) =>
    props.disabled &&
    css`
      opacity: 0.5;
      cursor: default;
      pointer-events: none;
    `}
`;

const Filled = styled(Base)<{ hoverVariant: HoverVariant }>`
  background: ${(props) => props.theme.colors[props.color]};
  ${(props) =>
    props.hoverVariant === 'boxShadow' &&
    css`
      &:hover {
        box-shadow: 0 8px 25px -8px ${props.theme.colors[props.color]};
      }
    `}
`;

const Outline = styled(Base)<{ invert: boolean }>`",1,"Renders styled-components styling logic in React without complex state or custom hooks, serving as basic UI building blocks.",,
ITEM_022,JD_JAVA_08,Junior Java Software Engineer,Junior,Logistics & Fleet Management,"Java 17, Spring Boot, Spring Data JPA, MySQL/PostgreSQL, MapStruct, Bean Validation",mdtalalwasim/blog-application-spring-boot-rest-api,blog-application-springboot-rest-apis/src/main/java/com/mdtalalwasim/blog/app/controller/UserRestController.java,1,50,File: blog-application-springboot-rest-apis/src/main/java/com/mdtalalwasim/blog/app/controller/UserRestController.java | Lines 1..50,"package com.mdtalalwasim.blog.app.controller;

import java.util.List;
import java.util.Map;

import org.springframework.beans.factory.annotation.Autowired;
import org.springframework.http.HttpStatus;
import org.springframework.http.ResponseEntity;
import org.springframework.security.access.prepost.PreAuthorize;
import org.springframework.web.bind.annotation.DeleteMapping;
import org.springframework.web.bind.annotation.GetMapping;
import org.springframework.web.bind.annotation.PathVariable;
import org.springframework.web.bind.annotation.PostMapping;
import org.springframework.web.bind.annotation.PutMapping;
import org.springframework.web.bind.annotation.RequestBody;
import org.springframework.web.bind.annotation.RequestMapping;
import org.springframework.web.bind.annotation.RestController;

import com.mdtalalwasim.blog.app.payloads.ApiResponse;
import com.mdtalalwasim.blog.app.payloads.UserDto;
import com.mdtalalwasim.blog.app.services.UserService;

import jakarta.validation.Valid;

@RestController
@RequestMapping(""/api/users"")
public class UserRestController {
	
	@Autowired
	private UserService userService;
	
	
	//create user
	@PostMapping(""/"")
	public ResponseEntity<UserDto> createUser(@Valid @RequestBody UserDto userDto){
		UserDto createdUserDto = this.userService.createUser(userDto);
		return new ResponseEntity<>(createdUserDto,HttpStatus.CREATED);
		
	}
	
	//update user
	@PutMapping(""/{userId}"")
	public ResponseEntity<UserDto> updateUser(@Valid @RequestBody UserDto userDto, @PathVariable Integer userId){
		UserDto updatedUser = this.userService.updateUser(userDto, userId);
		//return new ResponseEntity<UserDto>(updatedUser,HttpStatus.OK);//or
		return  ResponseEntity.ok(updatedUser);
	}
	
	//to make access for only ADMIN ROLE.  
	//Admin can delete only",2,Provides clear evidence of Spring Boot REST controllers with DTO validation (@Valid) and service layer integration.,,
ITEM_023,JD_REACT_05,Next.js & TypeScript Frontend Developer,Fresher / Junior,High-Performance Web & Digital Commerce,"ReactJS, TypeScript, Next.js, Tailwind CSS, RESTful API / GraphQL",RishiBakshii/mern-chat-app,next-js-frontend/src/app/auth/reset-password/page.tsx,62,68,File: next-js-frontend/src/app/auth/reset-password/page.tsx | Lines 62..68,"export default function Page(){
  return (
    <Suspense fallback={<span>Loading...</span>}>
      <ResetPasswordPageContent/>
    </Suspense>
  )
}",0,Trivial Next.js page boilerplate wrapping a component in a Suspense boundary with no complex business logic.,,
ITEM_024,JD_JAVA_05,Backend Developer (Java/Spring Boot),Fresher,EdTech & Learning Management Systems (LMS),"Java Core, Spring Boot, Spring Security, Spring Data JPA, MySQL",mdtalalwasim/blog-application-spring-boot-rest-api,blog-application-springboot-rest-apis/src/main/java/com/mdtalalwasim/blog/app/controller/AuthRestController.java,1,50,File: blog-application-springboot-rest-apis/src/main/java/com/mdtalalwasim/blog/app/controller/AuthRestController.java | Lines 1..50,"package com.mdtalalwasim.blog.app.controller;

import org.springframework.beans.factory.annotation.Autowired;
import org.springframework.http.HttpStatus;
import org.springframework.http.ResponseEntity;
import org.springframework.security.authentication.AuthenticationManager;
import org.springframework.security.authentication.BadCredentialsException;
import org.springframework.security.authentication.UsernamePasswordAuthenticationToken;
import org.springframework.security.core.userdetails.UserDetails;
import org.springframework.security.core.userdetails.UserDetailsService;
import org.springframework.web.bind.annotation.PostMapping;
import org.springframework.web.bind.annotation.RequestBody;
import org.springframework.web.bind.annotation.RequestMapping;
import org.springframework.web.bind.annotation.RestController;

import com.mdtalalwasim.blog.app.exceptions.ApiExceptionHandler;
import com.mdtalalwasim.blog.app.payloads.JwtAuthenticationRequest;
import com.mdtalalwasim.blog.app.payloads.JwtAuthenticationResponse;
import com.mdtalalwasim.blog.app.payloads.UserDto;
import com.mdtalalwasim.blog.app.security.JwtTokenHelper;
import com.mdtalalwasim.blog.app.services.UserService;

@RestController
@RequestMapping(""/api/auth/"")
public class AuthRestController {
	
	
	@Autowired
	private JwtTokenHelper jwtTokenHelper;
	
	@Autowired
	private UserDetailsService userDetailsService;
	
	@Autowired
	private UserService userService;
	
	@Autowired
	private AuthenticationManager authenticationManager;
	
	@PostMapping(""/login"")//url is /api/auth/login
	public ResponseEntity<JwtAuthenticationResponse> createToken(@RequestBody JwtAuthenticationRequest request) throws Exception{
		
		//authenticate method body define below
		this.authenticate(request.getUsername(), request.getPassword());
		//if authentication going well, then we need to generate our token.
		
		UserDetails userDetails = this.userDetailsService.loadUserByUsername(request.getUsername());
		
		String ourGeneratedToken = this.jwtTokenHelper.generateToken(userDetails);//generateToken takes userDetails
		JwtAuthenticationResponse response = new JwtAuthenticationResponse();",2,Demonstrates strong Spring Security and Spring Boot competency by implementing authentication token creation and user validation.,,
ITEM_025,JD_JAVA_09,Java Backend Intern,Intern,Digital Library & Bookstore API,"Java Core, Spring Boot, Spring Data JPA, MySQL/PostgreSQL",mewebstudio/java-spring-boot-boilerplate,src/main/java/com/mewebstudio/javaspringbootboilerplate/controller/AccountController.java,1,50,File: src/main/java/com/mewebstudio/javaspringbootboilerplate/controller/AccountController.java | Lines 1..50,"package com.mewebstudio.javaspringbootboilerplate.controller;

import com.mewebstudio.javaspringbootboilerplate.dto.request.user.UpdatePasswordRequest;
import com.mewebstudio.javaspringbootboilerplate.dto.response.DetailedErrorResponse;
import com.mewebstudio.javaspringbootboilerplate.dto.response.ErrorResponse;
import com.mewebstudio.javaspringbootboilerplate.dto.response.SuccessResponse;
import com.mewebstudio.javaspringbootboilerplate.dto.response.user.UserResponse;
import com.mewebstudio.javaspringbootboilerplate.service.MessageSourceService;
import com.mewebstudio.javaspringbootboilerplate.service.UserService;
import io.swagger.v3.oas.annotations.Operation;
import io.swagger.v3.oas.annotations.Parameter;
import io.swagger.v3.oas.annotations.media.Content;
import io.swagger.v3.oas.annotations.media.Schema;
import io.swagger.v3.oas.annotations.responses.ApiResponse;
import io.swagger.v3.oas.annotations.security.SecurityRequirement;
import io.swagger.v3.oas.annotations.tags.Tag;
import jakarta.validation.Valid;
import lombok.RequiredArgsConstructor;
import org.springframework.http.MediaType;
import org.springframework.http.ResponseEntity;
import org.springframework.validation.BindException;
import org.springframework.web.bind.annotation.GetMapping;
import org.springframework.web.bind.annotation.PostMapping;
import org.springframework.web.bind.annotation.RequestBody;
import org.springframework.web.bind.annotation.RequestMapping;
import org.springframework.web.bind.annotation.RestController;

import static com.mewebstudio.javaspringbootboilerplate.util.Constants.SECURITY_SCHEME_NAME;

@RestController
@RequiredArgsConstructor
@RequestMapping(""/account"")
@Tag(name = ""002. Account"", description = ""Account API"")
public class AccountController extends AbstractBaseController {
    private final UserService userService;

    private final MessageSourceService messageSourceService;

    @GetMapping(""/me"")
    @Operation(
        summary = ""Me endpoint"",
        security = @SecurityRequirement(name = SECURITY_SCHEME_NAME),
        responses = {
            @ApiResponse(
                responseCode = ""200"",
                description = ""Successful operation"",
                content = @Content(
                    mediaType = ""application/json"",
                    schema = @Schema(implementation = UserResponse.class)
                )",2,Provides strong evidence of Spring Boot REST controller implementation annotated with Swagger/OpenAPI documentation and dependency injection.,,
ITEM_026,JD_JAVA_09,Java Backend Intern,Intern,Digital Library & Bookstore API,"Java Core, Spring Boot, Spring Data JPA, MySQL/PostgreSQL",devdcores/BookStoreApp-Distributed-Application,bookstore-account-service/src/main/java/com/devd/spring/bookstoreaccountservice/config/AuthorizationServerConfig.java,1,50,File: bookstore-account-service/src/main/java/com/devd/spring/bookstoreaccountservice/config/AuthorizationServerConfig.java | Lines 1..50,"package com.devd.spring.bookstoreaccountservice.config;

import com.devd.spring.bookstoreaccountservice.repository.UserRepository;
import com.devd.spring.bookstoreaccountservice.service.AppUserDetailsService;
import org.apache.commons.io.IOUtils;
import org.springframework.beans.factory.annotation.Autowired;
import org.springframework.beans.factory.annotation.Value;
import org.springframework.context.annotation.Bean;
import org.springframework.context.annotation.Configuration;
import org.springframework.context.annotation.Primary;
import org.springframework.core.io.Resource;
import org.springframework.security.authentication.AuthenticationManager;
import org.springframework.security.core.userdetails.User;
import org.springframework.security.crypto.password.PasswordEncoder;
import org.springframework.security.oauth2.common.DefaultOAuth2AccessToken;
import org.springframework.security.oauth2.common.OAuth2AccessToken;
import org.springframework.security.oauth2.config.annotation.configurers.ClientDetailsServiceConfigurer;
import org.springframework.security.oauth2.config.annotation.web.configuration.AuthorizationServerConfigurerAdapter;
import org.springframework.security.oauth2.config.annotation.web.configuration.EnableAuthorizationServer;
import org.springframework.security.oauth2.config.annotation.web.configurers.AuthorizationServerEndpointsConfigurer;
import org.springframework.security.oauth2.config.annotation.web.configurers.AuthorizationServerSecurityConfigurer;
import org.springframework.security.oauth2.provider.OAuth2Authentication;
import org.springframework.security.oauth2.provider.token.DefaultTokenServices;
import org.springframework.security.oauth2.provider.token.TokenStore;
import org.springframework.security.oauth2.provider.token.store.JwtAccessTokenConverter;
import org.springframework.security.oauth2.provider.token.store.JwtTokenStore;
import org.springframework.security.oauth2.provider.token.store.KeyStoreKeyFactory;

import javax.sql.DataSource;
import java.io.IOException;
import java.security.KeyPair;
import java.util.HashMap;
import java.util.Map;
import java.util.Optional;

import static org.apache.commons.lang.CharEncoding.UTF_8;

/**
 * @author: Devaraj Reddy, Date : 2019-05-17
 */
@Configuration
@EnableAuthorizationServer
public class AuthorizationServerConfig extends AuthorizationServerConfigurerAdapter {

  @Autowired
  DataSource dataSource;

  @Autowired
  AppUserDetailsService appUserDetailsService;
",1,"The snippet shows Spring Security OAuth2 configuration setup (@Configuration and @EnableAuthorizationServer), providing peripheral evidence of security and Spring Boot usage, but cuts off before any complex configuration logic is fully shown.",,
ITEM_027,JD_JAVA_14,Backend Engineer (Java / Spring Boot),Intern/Fresher,HRTech & Recruitment Job Portal,"Java Core, Spring Boot, Spring Data JPA, Spring Security & JWT, PostgreSQL / MySQL",SaiUpadhyayula/spring-reddit-clone,src/main/java/com/programming/techie/springredditclone/controller/AuthController.java,1,50,File: src/main/java/com/programming/techie/springredditclone/controller/AuthController.java | Lines 1..50,"package com.programming.techie.springredditclone.controller;

import com.programming.techie.springredditclone.dto.AuthenticationResponse;
import com.programming.techie.springredditclone.dto.LoginRequest;
import com.programming.techie.springredditclone.dto.RefreshTokenRequest;
import com.programming.techie.springredditclone.dto.RegisterRequest;
import com.programming.techie.springredditclone.service.AuthService;
import com.programming.techie.springredditclone.service.RefreshTokenService;
import jakarta.validation.Valid;
import lombok.AllArgsConstructor;
import org.springframework.http.ResponseEntity;
import org.springframework.web.bind.annotation.*;

import static org.springframework.http.HttpStatus.OK;

@RestController
@RequestMapping(""/api/auth"")
@AllArgsConstructor
public class AuthController {

    private final AuthService authService;
    private final RefreshTokenService refreshTokenService;

    @PostMapping(""/signup"")
    public ResponseEntity<String> signup(@RequestBody RegisterRequest registerRequest) {
        authService.signup(registerRequest);
        return new ResponseEntity<>(""User Registration Successful"",
                OK);
    }

    @GetMapping(""accountVerification/{token}"")
    public ResponseEntity<String> verifyAccount(@PathVariable String token) {
        authService.verifyAccount(token);
        return new ResponseEntity<>(""Account Activated Successfully"", OK);
    }

    @PostMapping(""/login"")
    public AuthenticationResponse login(@RequestBody LoginRequest loginRequest) {
        return authService.login(loginRequest);
    }

    @PostMapping(""/refresh/token"")
    public AuthenticationResponse refreshTokens(@Valid @RequestBody RefreshTokenRequest refreshTokenRequest) {
        return authService.refreshToken(refreshTokenRequest);
    }

    @PostMapping(""/logout"")
    public ResponseEntity<String> logout(@Valid @RequestBody RefreshTokenRequest refreshTokenRequest) {
        refreshTokenService.deleteRefreshToken(refreshTokenRequest.getRefreshToken());
        return ResponseEntity.status(OK).body(""Refresh Token Deleted Successfully!!"");",2,"The snippet provides clear, direct evidence of Spring Boot REST controller implementation with DTO validation (@Valid), HTTP mapping annotations, and service delegation for authentication and user management.",,
ITEM_028,JD_JAVA_01,Backend Developer (Java / Spring Boot),Fresher,E-Commerce Platform,"Java, Spring Boot, Spring Security & JWT, Spring Data JPA / Hibernate, MySQL, Git",jhcode33/react-spring-blog-backend,src/main/java/jhcode/blog/repository/FileRepository.java,1,8,File: src/main/java/jhcode/blog/repository/FileRepository.java | Lines 1..8,"package jhcode.blog.repository;

import jhcode.blog.entity.FileEntity;
import org.springframework.data.jpa.repository.JpaRepository;

public interface FileRepository extends JpaRepository<FileEntity, Long> {

}",1,"This is a basic Spring Data JPA repository interface extending JpaRepository without custom query methods or significant business logic, serving as peripheral/boilerplate evidence.",,
ITEM_029,JD_REACT_01,Frontend Developer Fresher (ReactJS / TypeScript),Fresher,E-Commerce Storefront & Order Management,"ReactJS, TypeScript, Redux Toolkit, Tailwind CSS, Git",hoangtien2k3/ecommerce-microservices,auth-service/src/main/java/com/ecommerce/authservice/controller/AuthController.java,123,128,File: auth-service/src/main/java/com/ecommerce/authservice/controller/AuthController.java | Lines 123..128,"private String resolveFrontendRedirect(String requested) {
        if (StringUtils.hasText(requested) && ssoProperties.getAllowedRedirectUris().contains(requested)) {
            return requested;
        }
        return ssoProperties.getDefaultFrontendRedirect();
    }",0,"The code snippet is a backend Java method handling redirect URI resolution, which is entirely irrelevant to the requested Frontend Developer (ReactJS / TypeScript) position.",,
ITEM_030,JD_JAVA_05,Backend Developer (Java/Spring Boot),Fresher,EdTech & Learning Management Systems (LMS),"Java Core, Spring Boot, Spring Security, Spring Data JPA, MySQL",Snailclimb/spring-security-jwt-guide,src/main/java/github/javaguide/springsecurityjwtguide/security/service/AuthService.java,1,50,File: src/main/java/github/javaguide/springsecurityjwtguide/security/service/AuthService.java | Lines 1..50,"package github.javaguide.springsecurityjwtguide.security.service;

import github.javaguide.springsecurityjwtguide.security.common.utils.CurrentUserUtil;
import github.javaguide.springsecurityjwtguide.security.common.utils.JwtTokenUtil;
import github.javaguide.springsecurityjwtguide.security.dto.LoginRequest;
import github.javaguide.springsecurityjwtguide.security.entity.JwtUser;
import github.javaguide.springsecurityjwtguide.system.entity.User;
import github.javaguide.springsecurityjwtguide.system.exception.UserNameNotFoundException;
import github.javaguide.springsecurityjwtguide.system.service.UserService;
import lombok.RequiredArgsConstructor;
import lombok.extern.slf4j.Slf4j;
import org.springframework.beans.factory.annotation.Autowired;
import org.springframework.data.redis.core.StringRedisTemplate;
import org.springframework.security.authentication.BadCredentialsException;
import org.springframework.security.core.Authentication;
import org.springframework.security.core.GrantedAuthority;
import org.springframework.security.core.context.SecurityContextHolder;
import org.springframework.stereotype.Service;

import java.util.List;
import java.util.stream.Collectors;

/**
 * @author shuang.kou
 **/
@Service
@RequiredArgsConstructor(onConstructor = @__(@Autowired))
@Slf4j
public class AuthService {
    private final UserService userService;
    private final StringRedisTemplate stringRedisTemplate;
    private final CurrentUserUtil currentUserUtil;

    public String createToken(LoginRequest loginRequest) {
        User user = userService.find(loginRequest.getUsername());
        if (!userService.check(loginRequest.getPassword(), user.getPassword())) {
            throw new BadCredentialsException(""The user name or password is not correct."");
        }
        JwtUser jwtUser = new JwtUser(user);
        if (!jwtUser.isEnabled()) {
            throw new BadCredentialsException(""User is forbidden to login"");
        }
        List<String> authorities = jwtUser.getAuthorities()
                .stream()
                .map(GrantedAuthority::getAuthority)
                .collect(Collectors.toList());
        String token = JwtTokenUtil.createToken(user.getUserName(), user.getId().toString(), authorities, loginRequest.getRememberMe());
        stringRedisTemplate.opsForValue().set(user.getId().toString(), token);
        return token;
    }",2,"The snippet provides strong evidence of Spring Security and service-layer logic by implementing authentication checks, credential verification, and token creation within a Spring Boot service.",,
ITEM_031,JD_REACT_04,Frontend Engineer,Fresher,B2B SaaS Analytics & Reporting Dashboard,"ReactJS, TypeScript, TanStack React Query, Tailwind CSS, Recharts / Chart.js",mdtalalwasim/blog-application-spring-boot-rest-api,blog-application-springboot-rest-apis/src/main/java/com/mdtalalwasim/blog/app/config/SwaggerConfig.java,14,25,File: blog-application-springboot-rest-apis/src/main/java/com/mdtalalwasim/blog/app/config/SwaggerConfig.java | Lines 14..25,"@Bean
	public OpenAPI openAPI() {
		  
		 
		return new OpenAPI()
				.info(new Info().title(""Blog Application Beckend API"")
						.description(""This is blog application project api and Developed by Md. Talal Wasim"")
						.version(""1.0"")
						.contact(new Contact().name(""Md. Talal Wasim"").email(""md.talalwasim@gmail.com"").url(""https://mdtalalwasim.github.io/""))
						.license(new License().name(""Licence""))
						).externalDocs(new ExternalDocumentation().url(""https://mdtalalwasim.github.io/"").description(""This is external url""));
	}",1,"The code shows a basic Springdoc OpenAPI/Swagger configuration bean, which is standard boilerplate configuration and only provides peripheral evidence for a backend role, and is irrelevant to the frontend JD.",,
ITEM_032,JD_JAVA_04,Java Microservices Fresher,Fresher,Distributed Systems & Supply Chain,"Java 17+, Spring Boot, Apache Kafka, Spring Data JPA, MySQL/PostgreSQL, Docker / Docker Compose",mewebstudio/java-spring-boot-boilerplate,src/main/java/com/mewebstudio/javaspringbootboilerplate/controller/AccountController.java,39,64,File: src/main/java/com/mewebstudio/javaspringbootboilerplate/controller/AccountController.java | Lines 39..64,"@GetMapping(""/me"")
    @Operation(
        summary = ""Me endpoint"",
        security = @SecurityRequirement(name = SECURITY_SCHEME_NAME),
        responses = {
            @ApiResponse(
                responseCode = ""200"",
                description = ""Successful operation"",
                content = @Content(
                    mediaType = ""application/json"",
                    schema = @Schema(implementation = UserResponse.class)
                )
            ),
            @ApiResponse(
                responseCode = ""401"",
                description = ""Bad credentials"",
                content = @Content(
                    mediaType = MediaType.APPLICATION_JSON_VALUE,
                    schema = @Schema(implementation = ErrorResponse.class)
                )
            )
        }
    )
    public ResponseEntity<UserResponse> me() {
        return ResponseEntity.ok(UserResponse.convert(userService.getUser()));
    }",1,"The snippet shows a standard REST endpoint with Swagger annotations (@Operation, @ApiResponse) returning a converted user response, acting as a simple controller delegation example.",,
ITEM_033,JD_JAVA_08,Junior Java Software Engineer,Junior,Logistics & Fleet Management,"Java 17, Spring Boot, Spring Data JPA, MySQL/PostgreSQL, MapStruct, Bean Validation",mewebstudio/java-spring-boot-boilerplate,src/main/java/com/mewebstudio/javaspringbootboilerplate/controller/AccountController.java,39,64,File: src/main/java/com/mewebstudio/javaspringbootboilerplate/controller/AccountController.java | Lines 39..64,"@GetMapping(""/me"")
    @Operation(
        summary = ""Me endpoint"",
        security = @SecurityRequirement(name = SECURITY_SCHEME_NAME),
        responses = {
            @ApiResponse(
                responseCode = ""200"",
                description = ""Successful operation"",
                content = @Content(
                    mediaType = ""application/json"",
                    schema = @Schema(implementation = UserResponse.class)
                )
            ),
            @ApiResponse(
                responseCode = ""401"",
                description = ""Bad credentials"",
                content = @Content(
                    mediaType = MediaType.APPLICATION_JSON_VALUE,
                    schema = @Schema(implementation = ErrorResponse.class)
                )
            )
        }
    )
    public ResponseEntity<UserResponse> me() {
        return ResponseEntity.ok(UserResponse.convert(userService.getUser()));
    }",1,"The snippet shows a standard controller method returning a converted user response with Swagger documentation, acting as a simple endpoint delegation without advanced business logic.",,
ITEM_034,JD_JAVA_15,Java Backend Fresher,Fresher,Retail & Warehouse Inventory Management,"Java 17, Spring Boot, Spring Data JPA, MySQL/PostgreSQL, JWT",krkarma777/online-store,src/main/java/com/bulkpurchase/domain/repository/review/ReviewRepository.java,1,50,File: src/main/java/com/bulkpurchase/domain/repository/review/ReviewRepository.java | Lines 1..50,"package com.bulkpurchase.domain.repository.review;

import com.bulkpurchase.domain.dto.review.ReviewDetailDTO;
import com.bulkpurchase.domain.entity.product.Product;
import com.bulkpurchase.domain.entity.review.Review;
import com.bulkpurchase.domain.entity.user.User;
import org.springframework.data.domain.Pageable;
import org.springframework.data.jpa.repository.JpaRepository;
import org.springframework.data.jpa.repository.Query;
import org.springframework.data.repository.query.Param;

import java.util.List;
import java.util.Optional;

public interface ReviewRepository extends JpaRepository<Review, Long> {

    Optional<Review> findByUserAndProduct(User user, Product product);
    @Query(""SELECT r, "" +
            ""(SELECT COUNT(f) FROM ReviewFeedback f WHERE f.review = r AND f.feedbackType = 'LIKE') AS likeCount, "" +
            ""(SELECT COUNT(f) FROM ReviewFeedback f WHERE f.review = r AND f.feedbackType = 'DISLIKE') AS dislikeCount "" +
            ""FROM Review r WHERE r.product = :product"")
    List<Object[]> findReviewDetailsWithFeedbackCountsByProduct(@Param(""product"") Product product);

    @Query(""SELECT COUNT(r) FROM Review r WHERE r.product.productID = :productID"")
    long countByProductID(@Param(""productID"") Long productID);

    // 특정 상품에 대한 리뷰 별점의 평균을 계산
    @Query(""SELECT AVG(r.rating) FROM Review r WHERE r.product.productID = :productID"")
    Double findAverageRatingByProductID(@Param(""productID"") Long productID);

    @Query(""SELECT new com.bulkpurchase.domain.dto.review.ReviewDetailDTO(r, "" +
            ""(SELECT COUNT(f) FROM ReviewFeedback f WHERE f.review = r AND f.feedbackType = com.bulkpurchase.domain.enums.FeedbackType.LIKE), "" +
            ""(SELECT COUNT(f) FROM ReviewFeedback f WHERE f.review = r AND f.feedbackType = com.bulkpurchase.domain.enums.FeedbackType.DISLIKE)) "" +
            ""FROM Review r WHERE r.reviewID = :reviewID"")
    Optional<ReviewDetailDTO> findReviewDetailsWithFeedbackCountsByReviewID(@Param(""reviewID"") Long reviewID);


    @Query(""SELECT r, "" +
            ""(SELECT COUNT(f) FROM ReviewFeedback f WHERE f.review = r AND f.feedbackType = com.bulkpurchase.domain.enums.FeedbackType.LIKE) AS likeCount, "" +
            ""(SELECT COUNT(f) FROM ReviewFeedback f WHERE f.review = r AND f.feedbackType = com.bulkpurchase.domain.enums.FeedbackType.DISLIKE) AS dislikeCount "" +
            ""FROM Review r WHERE r.product.user.userID = :userID "" +
            ""ORDER BY r.creationDate DESC"")
    List<Object[]> findAllReviewDetailsWithFeedbackCountsByUserId(@Param(""userID"") Long userID, Pageable page);

    @Query(""SELECT r, "" +
            ""(SELECT COUNT(f) FROM ReviewFeedback f WHERE f.review = r AND f.feedbackType = com.bulkpurchase.domain.enums.FeedbackType.LIKE) AS likeCount, "" +
            ""(SELECT COUNT(f) FROM ReviewFeedback f WHERE f.review = r AND f.feedbackType = com.bulkpurchase.domain.enums.FeedbackType.DISLIKE) AS dislikeCount "" +
            ""FROM Review r WHERE r.user.userID = :userID "" +
            ""ORDER BY r.creationDate DESC"")
    List<Object[]> findByUser(@Param(""userID"") Long userID, Pageable page);",2,"The code provides strong evidence of Spring Data JPA competence through complex custom @Query annotations with JOINs, subqueries, aggregations, and pagination handling.",,
ITEM_035,JD_JAVA_11,Java Backend Developer,Fresher / Junior,Social Network & Technical Blogging Platform,"Java 17, Spring Boot 3, Spring Security 6, Spring Data JPA / Hibernate, PostgreSQL, Git",Snailclimb/spring-security-jwt-guide,src/main/java/github/javaguide/springsecurityjwtguide/security/service/AuthService.java,1,50,File: src/main/java/github/javaguide/springsecurityjwtguide/security/service/AuthService.java | Lines 1..50,"package github.javaguide.springsecurityjwtguide.security.service;

import github.javaguide.springsecurityjwtguide.security.common.utils.CurrentUserUtil;
import github.javaguide.springsecurityjwtguide.security.common.utils.JwtTokenUtil;
import github.javaguide.springsecurityjwtguide.security.dto.LoginRequest;
import github.javaguide.springsecurityjwtguide.security.entity.JwtUser;
import github.javaguide.springsecurityjwtguide.system.entity.User;
import github.javaguide.springsecurityjwtguide.system.exception.UserNameNotFoundException;
import github.javaguide.springsecurityjwtguide.system.service.UserService;
import lombok.RequiredArgsConstructor;
import lombok.extern.slf4j.Slf4j;
import org.springframework.beans.factory.annotation.Autowired;
import org.springframework.data.redis.core.StringRedisTemplate;
import org.springframework.security.authentication.BadCredentialsException;
import org.springframework.security.core.Authentication;
import org.springframework.security.core.GrantedAuthority;
import org.springframework.security.core.context.SecurityContextHolder;
import org.springframework.stereotype.Service;

import java.util.List;
import java.util.stream.Collectors;

/**
 * @author shuang.kou
 **/
@Service
@RequiredArgsConstructor(onConstructor = @__(@Autowired))
@Slf4j
public class AuthService {
    private final UserService userService;
    private final StringRedisTemplate stringRedisTemplate;
    private final CurrentUserUtil currentUserUtil;

    public String createToken(LoginRequest loginRequest) {
        User user = userService.find(loginRequest.getUsername());
        if (!userService.check(loginRequest.getPassword(), user.getPassword())) {
            throw new BadCredentialsException(""The user name or password is not correct."");
        }
        JwtUser jwtUser = new JwtUser(user);
        if (!jwtUser.isEnabled()) {
            throw new BadCredentialsException(""User is forbidden to login"");
        }
        List<String> authorities = jwtUser.getAuthorities()
                .stream()
                .map(GrantedAuthority::getAuthority)
                .collect(Collectors.toList());
        String token = JwtTokenUtil.createToken(user.getUserName(), user.getId().toString(), authorities, loginRequest.getRememberMe());
        stringRedisTemplate.opsForValue().set(user.getId().toString(), token);
        return token;
    }",2,"The snippet demonstrates strong backend competencies in Spring Boot, Spring Security, and user authentication token generation via a well-structured service class.",,
ITEM_036,JD_REACT_06,Junior ReactJS Developer,Junior,Productivity & Collaborative Kanban System,"ReactJS, TypeScript, Redux Toolkit / Zustand, React Hook Form & Zod/Yup, Tailwind CSS / CSS-in-JS",ZahraMirzaei/online-shop,components/carousel/Slide.tsx,12,38,File: components/carousel/Slide.tsx | Lines 12..38,"const Slide: React.FC<Props> = ({ title, description, bgImg, url }) => {
  const { t } = useLanguage();

  return (
    <>
      <div
        className={`relative w-[100%] h-[50vh] md:h-[70vh] bg-cover bg-center bg-no-repeat`}
        style={{ backgroundImage: `${bgImg}` }}
      >
        <Link href={url}>
          <a className=""block"">
            <div
              className={`backdrop-filter backdrop-blur-[12px] bg-palette-card/60 p-3 md:p-8 lg:p-10 shadow-lg md:overflow-hidden ltr:text-left rtl:text-right rounded-md md:w-[60%] lg:w-[50%] md:mt-auto absolute bottom-0 md:top-[45%] md:right-[25%] md:bottom-auto`}
            >
              <h3 className=""text-lg md:text-2xl lg:text-3xl font-medium"">
                {t[`${title}`]}
              </h3>
              <p className=""text-[13px] md:text-lg mt-2 md:mt-4 lg:mt-8"">
                {t[`${description}`]}
              </p>
            </div>
          </a>
        </Link>
      </div>
    </>
  );
};",2,"The snippet demonstrates a React component written in TypeScript utilizing Tailwind CSS and custom context hooks (useLanguage), fulfilling key mandatory frontend competencies.",,
ITEM_037,JD_JAVA_15,Java Backend Fresher,Fresher,Retail & Warehouse Inventory Management,"Java 17, Spring Boot, Spring Data JPA, MySQL/PostgreSQL, JWT",mewebstudio/java-spring-boot-boilerplate,src/main/java/com/mewebstudio/javaspringbootboilerplate/controller/AccountController.java,41,90,File: src/main/java/com/mewebstudio/javaspringbootboilerplate/controller/AccountController.java | Lines 41..90,"        summary = ""Me endpoint"",
        security = @SecurityRequirement(name = SECURITY_SCHEME_NAME),
        responses = {
            @ApiResponse(
                responseCode = ""200"",
                description = ""Successful operation"",
                content = @Content(
                    mediaType = ""application/json"",
                    schema = @Schema(implementation = UserResponse.class)
                )
            ),
            @ApiResponse(
                responseCode = ""401"",
                description = ""Bad credentials"",
                content = @Content(
                    mediaType = MediaType.APPLICATION_JSON_VALUE,
                    schema = @Schema(implementation = ErrorResponse.class)
                )
            )
        }
    )
    public ResponseEntity<UserResponse> me() {
        return ResponseEntity.ok(UserResponse.convert(userService.getUser()));
    }

    @PostMapping(""/password"")
    @Operation(
        summary = ""Password update endpoint"",
        security = @SecurityRequirement(name = SECURITY_SCHEME_NAME),
        responses = {
            @ApiResponse(
                responseCode = ""200"",
                description = ""Successful operation"",
                content = @Content(
                    mediaType = ""application/json"",
                    schema = @Schema(implementation = SuccessResponse.class)
                )
            ),
            @ApiResponse(
                responseCode = ""401"",
                description = ""Bad credentials"",
                content = @Content(
                    mediaType = MediaType.APPLICATION_JSON_VALUE,
                    schema = @Schema(implementation = ErrorResponse.class)
                )
            ),
            @ApiResponse(
                responseCode = ""422"",
                description = ""Validation failed"",
                content = @Content(",2,"Shows a Spring Boot controller endpoint handling user data retrieval with Swagger/OpenAPI annotations and DTO conversions, providing strong evidence of Spring Boot and REST API skills.",,
ITEM_038,JD_JAVA_15,Java Backend Fresher,Fresher,Retail & Warehouse Inventory Management,"Java 17, Spring Boot, Spring Data JPA, MySQL/PostgreSQL, JWT",mdtalalwasim/blog-application-spring-boot-rest-api,blog-application-springboot-rest-apis/src/main/java/com/mdtalalwasim/blog/app/controller/CategoryRestController.java,1,50,File: blog-application-springboot-rest-apis/src/main/java/com/mdtalalwasim/blog/app/controller/CategoryRestController.java | Lines 1..50,"package com.mdtalalwasim.blog.app.controller;

import java.util.List;

import org.springframework.beans.factory.annotation.Autowired;
import org.springframework.http.HttpStatus;
import org.springframework.http.ResponseEntity;
import org.springframework.web.bind.annotation.DeleteMapping;
import org.springframework.web.bind.annotation.GetMapping;
import org.springframework.web.bind.annotation.PathVariable;
import org.springframework.web.bind.annotation.PostMapping;
import org.springframework.web.bind.annotation.PutMapping;
import org.springframework.web.bind.annotation.RequestBody;
import org.springframework.web.bind.annotation.RequestMapping;
import org.springframework.web.bind.annotation.RestController;

import com.mdtalalwasim.blog.app.payloads.ApiResponse;
import com.mdtalalwasim.blog.app.payloads.CategoryDto;
import com.mdtalalwasim.blog.app.services.CategoryService;

import jakarta.validation.Valid;

@RestController
@RequestMapping(""/api/categories"")
public class CategoryRestController {
	
	@Autowired
	private CategoryService categoryService;
	
	@PostMapping(""/"")
	public ResponseEntity<CategoryDto> createCategory(@Valid @RequestBody CategoryDto categoryDto){
		System.out.println(""Inside Create Cat"");
		CategoryDto createdCategory = this.categoryService.createCategory(categoryDto);
		
		return new ResponseEntity<CategoryDto>(createdCategory, HttpStatus.CREATED);
	}
	
	@PutMapping(""/{catId}"")
	public ResponseEntity<CategoryDto> updateCategory(@Valid @RequestBody CategoryDto categoryDto, @PathVariable(""catId"") Integer catId){
		CategoryDto updateCategory = this.categoryService.updateCategory(categoryDto, catId);
		
		return new ResponseEntity<CategoryDto>(updateCategory, HttpStatus.OK);
	}
	
	@DeleteMapping(""/{catId}"")
	public ResponseEntity<ApiResponse> deleteCategory(@PathVariable(""catId"") Integer catId){
		this.categoryService.deleteCategory(catId);
		
		return new ResponseEntity<ApiResponse>(new ApiResponse(""Category Deleted Successfully!"", true), HttpStatus.OK);
	}",2,Provides direct evidence of Spring Boot REST API development with validation (@Valid) and service layer delegation for handling CRUD operations on categories.,,
ITEM_039,JD_REACT_07,Frontend Developer Intern/Fresher,Intern/Fresher,Real-Time Collaboration & Messaging,"ReactJS, TypeScript, WebSocket / Socket.io-client, Zustand / Redux Toolkit / React Context API, Tailwind CSS / SCSS",RishiBakshii/mern-chat-app,backend/src/controllers/auth.controller.ts,1,50,File: backend/src/controllers/auth.controller.ts | Lines 1..50,"import { NextFunction, Request, Response } from ""express"";
import jwt from 'jsonwebtoken';
import { config } from ""../config/env.config.js"";
import type { AuthenticatedRequest, OAuthAuthenticatedRequest } from ""../interfaces/auth/auth.interface.js"";
import { prisma } from '../lib/prisma.lib.js';
import type { fcmTokenSchemaType } from ""../schemas/auth.schema.js"";
import { env } from ""../schemas/env.schema.js"";
import { CustomError, asyncErrorHandler } from ""../utils/error.utils.js"";


const getUserInfo = asyncErrorHandler(async(req:AuthenticatedRequest,res:Response,next:NextFunction)=>{
    const user = req.user
    const secureUserInfo = {
        id:user.id,
        name:user.name,
        username:user.username,
        avatar:user.avatar,
        email:user.email,
        createdAt:user.createdAt,
        updatedAt:user.updatedAt,
        emailVerified:user.emailVerified,
        publicKey:user.publicKey,
        notificationsEnabled:user.notificationsEnabled,
        verificationBadge:user.verificationBadge,
        fcmToken:user.fcmToken,
        oAuthSignup:user.oAuthSignup
    }
    return res.status(200).json(secureUserInfo)
})

const updateFcmToken = asyncErrorHandler(async(req:AuthenticatedRequest,res:Response,next:NextFunction)=>{

    const {fcmToken}:fcmTokenSchemaType = req.body

    const user =  await prisma.user.update({
        where:{
            id:req.user.id
        },
        data:{
            fcmToken
        }
    })
    return res.status(200).json({fcmToken:user.fcmToken})
})

const checkAuth = asyncErrorHandler(async(req:AuthenticatedRequest,res:Response,next:NextFunction)=>{
    if(req.user){
        const secureUserInfo = {
            id:req.user.id,
            name:req.user.name,",0,"The code snippet is written in Node.js/Express with Prisma rather than ReactJS/TypeScript frontend components, making it irrelevant to the frontend developer position.",,
ITEM_040,JD_JAVA_02,Junior Java Developer,Intern/Fresher,Enterprise Web & HRM Systems,"Java, Spring Boot, Spring Data JPA, PostgreSQL, JUnit",Angel-Raa/spring-security-jwt-authentication-and-authorization,src/main/java/com/github/angel/raa/modules/persistence/repository/ProductRepository.java,1,6,File: src/main/java/com/github/angel/raa/modules/persistence/repository/ProductRepository.java | Lines 1..6,"package com.github.angel.raa.modules.persistence.repository;

import com.github.angel.raa.modules.persistence.models.Product;
import org.springframework.data.jpa.repository.JpaRepository;

public interface ProductRepository extends JpaRepository<Product, Long> { }",1,"A trivial Spring Data JPA interface extending JpaRepository without any custom business logic or query methods, offering minimal peripheral evidence.",,
ITEM_041,JD_REACT_04,Frontend Engineer,Fresher,B2B SaaS Analytics & Reporting Dashboard,"ReactJS, TypeScript, TanStack React Query, Tailwind CSS, Recharts / Chart.js",mdtalalwasim/blog-application-spring-boot-rest-api,blog-application-springboot-rest-apis/src/main/java/com/mdtalalwasim/blog/app/controller/AuthRestController.java,1,50,File: blog-application-springboot-rest-apis/src/main/java/com/mdtalalwasim/blog/app/controller/AuthRestController.java | Lines 1..50,"package com.mdtalalwasim.blog.app.controller;

import org.springframework.beans.factory.annotation.Autowired;
import org.springframework.http.HttpStatus;
import org.springframework.http.ResponseEntity;
import org.springframework.security.authentication.AuthenticationManager;
import org.springframework.security.authentication.BadCredentialsException;
import org.springframework.security.authentication.UsernamePasswordAuthenticationToken;
import org.springframework.security.core.userdetails.UserDetails;
import org.springframework.security.core.userdetails.UserDetailsService;
import org.springframework.web.bind.annotation.PostMapping;
import org.springframework.web.bind.annotation.RequestBody;
import org.springframework.web.bind.annotation.RequestMapping;
import org.springframework.web.bind.annotation.RestController;

import com.mdtalalwasim.blog.app.exceptions.ApiExceptionHandler;
import com.mdtalalwasim.blog.app.payloads.JwtAuthenticationRequest;
import com.mdtalalwasim.blog.app.payloads.JwtAuthenticationResponse;
import com.mdtalalwasim.blog.app.payloads.UserDto;
import com.mdtalalwasim.blog.app.security.JwtTokenHelper;
import com.mdtalalwasim.blog.app.services.UserService;

@RestController
@RequestMapping(""/api/auth/"")
public class AuthRestController {
	
	
	@Autowired
	private JwtTokenHelper jwtTokenHelper;
	
	@Autowired
	private UserDetailsService userDetailsService;
	
	@Autowired
	private UserService userService;
	
	@Autowired
	private AuthenticationManager authenticationManager;
	
	@PostMapping(""/login"")//url is /api/auth/login
	public ResponseEntity<JwtAuthenticationResponse> createToken(@RequestBody JwtAuthenticationRequest request) throws Exception{
		
		//authenticate method body define below
		this.authenticate(request.getUsername(), request.getPassword());
		//if authentication going well, then we need to generate our token.
		
		UserDetails userDetails = this.userDetailsService.loadUserByUsername(request.getUsername());
		
		String ourGeneratedToken = this.jwtTokenHelper.generateToken(userDetails);//generateToken takes userDetails
		JwtAuthenticationResponse response = new JwtAuthenticationResponse();",2,"Contains a Spring Boot authentication controller implementing JWT-based login logic via AuthenticationManager and UserDetailsService, matching the backend and security requirements.",,
ITEM_042,JD_JAVA_02,Junior Java Developer,Intern/Fresher,Enterprise Web & HRM Systems,"Java, Spring Boot, Spring Data JPA, PostgreSQL, JUnit",jhcode33/react-spring-blog-backend,src/main/java/jhcode/blog/controller/BoardController.java,67,73,File: src/main/java/jhcode/blog/controller/BoardController.java | Lines 67..73,"@PatchMapping(""/{boardId}/update"")
    public ResponseEntity<ResBoardDetailsDto> update(
            @PathVariable Long boardId,
            @RequestBody BoardUpdateDto boardDTO) {
        ResBoardDetailsDto updateBoardDTO = boardService.update(boardId, boardDTO);
        return ResponseEntity.status(HttpStatus.OK).body(updateBoardDTO);
    }",1,"A basic Spring Boot patch mapping controller method for updating board details, representing standard CRUD delegation without complex business logic.",,
ITEM_043,JD_JAVA_10,Fresher Backend Developer,Fresher,Hospitality & Online Travel Agency (OTA),"Java 17, Spring Boot, Spring Security, Spring Data JPA, MySQL / PostgreSQL, Redis",mewebstudio/java-spring-boot-boilerplate,src/main/java/com/mewebstudio/javaspringbootboilerplate/controller/AccountController.java,81,130,File: src/main/java/com/mewebstudio/javaspringbootboilerplate/controller/AccountController.java | Lines 81..130,"                description = ""Bad credentials"",
                content = @Content(
                    mediaType = MediaType.APPLICATION_JSON_VALUE,
                    schema = @Schema(implementation = ErrorResponse.class)
                )
            ),
            @ApiResponse(
                responseCode = ""422"",
                description = ""Validation failed"",
                content = @Content(
                    mediaType = MediaType.APPLICATION_JSON_VALUE,
                    schema = @Schema(implementation = DetailedErrorResponse.class)
                )
            )
        }
    )
    public ResponseEntity<SuccessResponse> password(
        @Parameter(description = ""Request body to update password"", required = true)
        @RequestBody @Valid UpdatePasswordRequest request
    ) throws BindException {
        userService.updatePassword(request);

        return ResponseEntity.ok(SuccessResponse.builder()
            .message(messageSourceService.get(""your_password_updated""))
            .build());
    }

    @GetMapping(""/resend-email-verification"")
    @Operation(
        summary = ""Resend e-mail verification endpoint"",
        security = @SecurityRequirement(name = SECURITY_SCHEME_NAME),
        responses = {
            @ApiResponse(
                responseCode = ""200"",
                description = ""Successful operation"",
                content = @Content(
                    mediaType = ""application/json"",
                    schema = @Schema(implementation = SuccessResponse.class)
                )
            ),
            @ApiResponse(
                responseCode = ""400"",
                description = ""Bad request"",
                content = @Content(
                    mediaType = MediaType.APPLICATION_JSON_VALUE,
                    schema = @Schema(implementation = ErrorResponse.class)
                )
            ),
            @ApiResponse(
                responseCode = ""401"",",2,"Demonstrates a Spring Boot controller method handling password updates with request body validation (@Valid) and OpenAPI documentation, showing strong backend competency.",,
ITEM_044,JD_JAVA_13,Java Backend Fresher,Fresher,FoodTech & Delivery Platform,"Java, Spring Boot, Spring Security & JWT, MySQL & Spring Data JPA, RabbitMQ / Kafka",mewebstudio/java-spring-boot-boilerplate,src/main/java/com/mewebstudio/javaspringbootboilerplate/controller/AccountController.java,81,130,File: src/main/java/com/mewebstudio/javaspringbootboilerplate/controller/AccountController.java | Lines 81..130,"                description = ""Bad credentials"",
                content = @Content(
                    mediaType = MediaType.APPLICATION_JSON_VALUE,
                    schema = @Schema(implementation = ErrorResponse.class)
                )
            ),
            @ApiResponse(
                responseCode = ""422"",
                description = ""Validation failed"",
                content = @Content(
                    mediaType = MediaType.APPLICATION_JSON_VALUE,
                    schema = @Schema(implementation = DetailedErrorResponse.class)
                )
            )
        }
    )
    public ResponseEntity<SuccessResponse> password(
        @Parameter(description = ""Request body to update password"", required = true)
        @RequestBody @Valid UpdatePasswordRequest request
    ) throws BindException {
        userService.updatePassword(request);

        return ResponseEntity.ok(SuccessResponse.builder()
            .message(messageSourceService.get(""your_password_updated""))
            .build());
    }

    @GetMapping(""/resend-email-verification"")
    @Operation(
        summary = ""Resend e-mail verification endpoint"",
        security = @SecurityRequirement(name = SECURITY_SCHEME_NAME),
        responses = {
            @ApiResponse(
                responseCode = ""200"",
                description = ""Successful operation"",
                content = @Content(
                    mediaType = ""application/json"",
                    schema = @Schema(implementation = SuccessResponse.class)
                )
            ),
            @ApiResponse(
                responseCode = ""400"",
                description = ""Bad request"",
                content = @Content(
                    mediaType = MediaType.APPLICATION_JSON_VALUE,
                    schema = @Schema(implementation = ErrorResponse.class)
                )
            ),
            @ApiResponse(
                responseCode = ""401"",",2,"Provides strong evidence of Spring Boot API implementation with request validation, structured error responses, and service delegation.",,
ITEM_045,JD_JAVA_05,Backend Developer (Java/Spring Boot),Fresher,EdTech & Learning Management Systems (LMS),"Java Core, Spring Boot, Spring Security, Spring Data JPA, MySQL",mewebstudio/java-spring-boot-boilerplate,src/main/java/com/mewebstudio/javaspringbootboilerplate/controller/AccountController.java,39,64,File: src/main/java/com/mewebstudio/javaspringbootboilerplate/controller/AccountController.java | Lines 39..64,"@GetMapping(""/me"")
    @Operation(
        summary = ""Me endpoint"",
        security = @SecurityRequirement(name = SECURITY_SCHEME_NAME),
        responses = {
            @ApiResponse(
                responseCode = ""200"",
                description = ""Successful operation"",
                content = @Content(
                    mediaType = ""application/json"",
                    schema = @Schema(implementation = UserResponse.class)
                )
            ),
            @ApiResponse(
                responseCode = ""401"",
                description = ""Bad credentials"",
                content = @Content(
                    mediaType = MediaType.APPLICATION_JSON_VALUE,
                    schema = @Schema(implementation = ErrorResponse.class)
                )
            )
        }
    )
    public ResponseEntity<UserResponse> me() {
        return ResponseEntity.ok(UserResponse.convert(userService.getUser()));
    }",2,Shows a Spring Boot REST controller endpoint with comprehensive OpenAPI documentation and service layer integration for fetching user profile data.,,
ITEM_046,JD_JAVA_13,Java Backend Fresher,Fresher,FoodTech & Delivery Platform,"Java, Spring Boot, Spring Security & JWT, MySQL & Spring Data JPA, RabbitMQ / Kafka",Rapter1990/parkinglot,src/main/java/com/project/parkinglot/logging/repository/LogRepository.java,1,10,File: src/main/java/com/project/parkinglot/logging/repository/LogRepository.java | Lines 1..10,"package com.project.parkinglot.logging.repository;

import com.project.parkinglot.logging.entity.LogEntity;
import org.springframework.data.jpa.repository.JpaRepository;

/**
 * Repository interface named {@link LogRepository} for managing log entity persistence.
 */
public interface LogRepository extends JpaRepository<LogEntity, Long> {
}",1,The snippet shows a standard Spring Data JPA repository interface extending JpaRepository without any custom business logic or query methods.,,
ITEM_047,JD_JAVA_15,Java Backend Fresher,Fresher,Retail & Warehouse Inventory Management,"Java 17, Spring Boot, Spring Data JPA, MySQL/PostgreSQL, JWT",Snailclimb/spring-security-jwt-guide,src/main/java/github/javaguide/springsecurityjwtguide/security/service/AuthService.java,1,50,File: src/main/java/github/javaguide/springsecurityjwtguide/security/service/AuthService.java | Lines 1..50,"package github.javaguide.springsecurityjwtguide.security.service;

import github.javaguide.springsecurityjwtguide.security.common.utils.CurrentUserUtil;
import github.javaguide.springsecurityjwtguide.security.common.utils.JwtTokenUtil;
import github.javaguide.springsecurityjwtguide.security.dto.LoginRequest;
import github.javaguide.springsecurityjwtguide.security.entity.JwtUser;
import github.javaguide.springsecurityjwtguide.system.entity.User;
import github.javaguide.springsecurityjwtguide.system.exception.UserNameNotFoundException;
import github.javaguide.springsecurityjwtguide.system.service.UserService;
import lombok.RequiredArgsConstructor;
import lombok.extern.slf4j.Slf4j;
import org.springframework.beans.factory.annotation.Autowired;
import org.springframework.data.redis.core.StringRedisTemplate;
import org.springframework.security.authentication.BadCredentialsException;
import org.springframework.security.core.Authentication;
import org.springframework.security.core.GrantedAuthority;
import org.springframework.security.core.context.SecurityContextHolder;
import org.springframework.stereotype.Service;

import java.util.List;
import java.util.stream.Collectors;

/**
 * @author shuang.kou
 **/
@Service
@RequiredArgsConstructor(onConstructor = @__(@Autowired))
@Slf4j
public class AuthService {
    private final UserService userService;
    private final StringRedisTemplate stringRedisTemplate;
    private final CurrentUserUtil currentUserUtil;

    public String createToken(LoginRequest loginRequest) {
        User user = userService.find(loginRequest.getUsername());
        if (!userService.check(loginRequest.getPassword(), user.getPassword())) {
            throw new BadCredentialsException(""The user name or password is not correct."");
        }
        JwtUser jwtUser = new JwtUser(user);
        if (!jwtUser.isEnabled()) {
            throw new BadCredentialsException(""User is forbidden to login"");
        }
        List<String> authorities = jwtUser.getAuthorities()
                .stream()
                .map(GrantedAuthority::getAuthority)
                .collect(Collectors.toList());
        String token = JwtTokenUtil.createToken(user.getUserName(), user.getId().toString(), authorities, loginRequest.getRememberMe());
        stringRedisTemplate.opsForValue().set(user.getId().toString(), token);
        return token;
    }",2,"Provides direct, strong evidence of Spring Boot service implementation, containing security token generation, authentication checks, and Redis operations.",,
ITEM_048,JD_REACT_04,Frontend Engineer,Fresher,B2B SaaS Analytics & Reporting Dashboard,"ReactJS, TypeScript, TanStack React Query, Tailwind CSS, Recharts / Chart.js",mdtalalwasim/blog-application-spring-boot-rest-api,blog-application-springboot-rest-apis/src/main/java/com/mdtalalwasim/blog/app/config/SwaggerConfig.java,1,27,File: blog-application-springboot-rest-apis/src/main/java/com/mdtalalwasim/blog/app/config/SwaggerConfig.java | Lines 1..27," package com.mdtalalwasim.blog.app.config;

import org.springframework.context.annotation.Bean;
import org.springframework.context.annotation.Configuration;

import io.swagger.v3.oas.models.ExternalDocumentation;
import io.swagger.v3.oas.models.OpenAPI;
import io.swagger.v3.oas.models.info.Contact;
import io.swagger.v3.oas.models.info.Info;
import io.swagger.v3.oas.models.info.License;
@Configuration
public class SwaggerConfig {
	
	@Bean
	public OpenAPI openAPI() {
		  
		 
		return new OpenAPI()
				.info(new Info().title(""Blog Application Beckend API"")
						.description(""This is blog application project api and Developed by Md. Talal Wasim"")
						.version(""1.0"")
						.contact(new Contact().name(""Md. Talal Wasim"").email(""md.talalwasim@gmail.com"").url(""https://mdtalalwasim.github.io/""))
						.license(new License().name(""Licence""))
						).externalDocs(new ExternalDocumentation().url(""https://mdtalalwasim.github.io/"").description(""This is external url""));
	}

}",1,Shows basic Springdoc/Swagger OpenAPI configuration bean which is peripheral setup rather than core business logic.,,
ITEM_049,JD_REACT_08,React TypeScript Fresher,Fresher,Personal Finance & Digital Banking Portal,"ReactJS, TypeScript, React Hook Form, Zod / Yup, Authentication & Axios Interceptors, Material UI / Ant Design / Shadcn UI / Tailwind CSS",JordanKnott/taskcafe,frontend/src/shared/components/Button/index.tsx,1,50,File: frontend/src/shared/components/Button/index.tsx | Lines 1..50,"import React, { useRef } from 'react';
import styled, { css } from 'styled-components/macro';
import { mixin } from '../../utils/styles';

const Text = styled.span<{ fontSize: string; justifyTextContent: string; hasIcon?: boolean }>`
  position: relative;
  display: flex;
  align-items: center;
  justify-content: ${(props) => props.justifyTextContent};
  transition: all 0.2s ease;
  font-size: ${(props) => props.fontSize};
  color: ${(props) => props.theme.colors.text.secondary};
  ${(props) =>
    props.hasIcon &&
    css`
      padding-left: 4px;
    `}
`;

const Base = styled.button<{ color: string; disabled: boolean }>`
  transition: all 0.2s ease;
  position: relative;
  border: none;
  cursor: pointer;
  padding: 0.75rem 2rem;
  border-radius: ${(props) => props.theme.borderRadius.alternate};
  display: flex;
  align-items: center;

  ${(props) =>
    props.disabled &&
    css`
      opacity: 0.5;
      cursor: default;
      pointer-events: none;
    `}
`;

const Filled = styled(Base)<{ hoverVariant: HoverVariant }>`
  background: ${(props) => props.theme.colors[props.color]};
  ${(props) =>
    props.hoverVariant === 'boxShadow' &&
    css`
      &:hover {
        box-shadow: 0 8px 25px -8px ${props.theme.colors[props.color]};
      }
    `}
`;

const Outline = styled(Base)<{ invert: boolean }>`",1,"Defines styled-components for button styling in React/TypeScript, representing UI primitives rather than complex state or form handling.",,
ITEM_050,JD_JAVA_10,Fresher Backend Developer,Fresher,Hospitality & Online Travel Agency (OTA),"Java 17, Spring Boot, Spring Security, Spring Data JPA, MySQL / PostgreSQL, Redis",mdtalalwasim/blog-application-spring-boot-rest-api,blog-application-springboot-rest-apis/src/main/java/com/mdtalalwasim/blog/app/config/SwaggerConfig.java,14,25,File: blog-application-springboot-rest-apis/src/main/java/com/mdtalalwasim/blog/app/config/SwaggerConfig.java | Lines 14..25,"@Bean
	public OpenAPI openAPI() {
		  
		 
		return new OpenAPI()
				.info(new Info().title(""Blog Application Beckend API"")
						.description(""This is blog application project api and Developed by Md. Talal Wasim"")
						.version(""1.0"")
						.contact(new Contact().name(""Md. Talal Wasim"").email(""md.talalwasim@gmail.com"").url(""https://mdtalalwasim.github.io/""))
						.license(new License().name(""Licence""))
						).externalDocs(new ExternalDocumentation().url(""https://mdtalalwasim.github.io/"").description(""This is external url""));
	}",1,"Represents a basic Swagger OpenAPI configuration bean method fragment, acting as peripheral setup.",,
ITEM_051,JD_REACT_10,Fullstack React & TypeScript Developer,Fresher / Junior,EdTech Fullstack Application,"TypeScript, ReactJS, Node.js / Express / NestJS, Redux Toolkit / Zustand, Prisma / TypeORM / Mongoose, Git",ZahraMirzaei/online-shop,components/carousel/Slide.tsx,12,38,File: components/carousel/Slide.tsx | Lines 12..38,"const Slide: React.FC<Props> = ({ title, description, bgImg, url }) => {
  const { t } = useLanguage();

  return (
    <>
      <div
        className={`relative w-[100%] h-[50vh] md:h-[70vh] bg-cover bg-center bg-no-repeat`}
        style={{ backgroundImage: `${bgImg}` }}
      >
        <Link href={url}>
          <a className=""block"">
            <div
              className={`backdrop-filter backdrop-blur-[12px] bg-palette-card/60 p-3 md:p-8 lg:p-10 shadow-lg md:overflow-hidden ltr:text-left rtl:text-right rounded-md md:w-[60%] lg:w-[50%] md:mt-auto absolute bottom-0 md:top-[45%] md:right-[25%] md:bottom-auto`}
            >
              <h3 className=""text-lg md:text-2xl lg:text-3xl font-medium"">
                {t[`${title}`]}
              </h3>
              <p className=""text-[13px] md:text-lg mt-2 md:mt-4 lg:mt-8"">
                {t[`${description}`]}
              </p>
            </div>
          </a>
        </Link>
      </div>
    </>
  );
};",1,"A React functional component rendering JSX with Tailwind CSS classes, lacking complex state management or advanced hooks.",,
ITEM_052,JD_REACT_04,Frontend Engineer,Fresher,B2B SaaS Analytics & Reporting Dashboard,"ReactJS, TypeScript, TanStack React Query, Tailwind CSS, Recharts / Chart.js",JordanKnott/taskcafe,frontend/src/shared/components/Admin/index.tsx,321,370,File: frontend/src/shared/components/Admin/index.tsx | Lines 321..370,"};

const TeamRoleManagerPopup: React.FC<TeamRoleManagerPopupProps> = ({
  warning,
  user,
  users,
  canChangeRole,
  onDeleteUser,
  updateUserPassword,
  onChangeRole,
}) => {
  const { hidePopup, setTab } = usePopup();
  const [userPass] = useState({ pass: '', passConfirm: '' });
  const [deleteUser, setDeleteUser] = useState<{ label: string; value: string } | null>(null);
  const hasOwned = user.owned.projects.length !== 0 || user.owned.teams.length !== 0;
  return (
    <>
      <Popup title={null} tab={0}>
        <MiniProfileActions>
          <MiniProfileActionWrapper>
            {user.role && (
              <MiniProfileActionItem
                onClick={() => {
                  setTab(1);
                }}
              >
                Change permissions...
                <CurrentPermission>{`(${user.role.name})`}</CurrentPermission>
              </MiniProfileActionItem>
            )}
            <MiniProfileActionItem
              disabled
              onClick={() => {
                setTab(3);
              }}
            >
              Reset password...
            </MiniProfileActionItem>
            <MiniProfileActionItem onClick={() => setTab(2)}>Remove from organzation...</MiniProfileActionItem>
          </MiniProfileActionWrapper>
        </MiniProfileActions>
        {warning && (
          <>
            <Separator />
            <WarningText>{warning}</WarningText>
          </>
        )}
      </Popup>
      <Popup title=""Change Permissions"" onClose={() => hidePopup()} tab={1}>
        <MiniProfileActions>",2,Demonstrates a React component using custom state hooks (useState) and popup context integration to manage team roles and user actions.,,
ITEM_053,JD_JAVA_02,Junior Java Developer,Intern/Fresher,Enterprise Web & HRM Systems,"Java, Spring Boot, Spring Data JPA, PostgreSQL, JUnit",hoangtien2k3/ecommerce-microservices,auth-service/src/main/java/com/ecommerce/authservice/controller/RoleController.java,33,41,File: auth-service/src/main/java/com/ecommerce/authservice/controller/RoleController.java | Lines 33..41,"@PostMapping(""/users/{userId}/assign"")
    @PreAuthorize(""hasAuthority('ADMIN')"")
    public ApiResponse<Void> assignRoles(@PathVariable Long userId,
                                         @RequestBody @NotBlank String roleNames) {
        if (!roleService.assignRole(userId, roleNames)) {
            throw BusinessException.of(ErrorCode.CONFLICT);
        }
        return ApiResponse.message(""Roles assigned to user "" + userId);
    }",2,"Shows a Spring Boot RestController endpoint using @PreAuthorize role-based access control, DTO validation, and service delegation.",,
ITEM_054,JD_REACT_08,React TypeScript Fresher,Fresher,Personal Finance & Digital Banking Portal,"ReactJS, TypeScript, React Hook Form, Zod / Yup, Authentication & Axios Interceptors, Material UI / Ant Design / Shadcn UI / Tailwind CSS",sudeepmahato16/movie-app,src/pages/Catalog/components/Search.tsx,1,42,File: src/pages/Catalog/components/Search.tsx | Lines 1..42,"import React, { useState } from ""react"";
import { useParams } from ""react-router-dom"";
import { GoSearch } from ""react-icons/go"";

interface SearchProps {
  setQuery: (val: {}) => void;
}

const Search: React.FC<SearchProps> = ({ setQuery }) => {
  const { category } = useParams();
  const [search, setSearch] = useState<string>("""");

  const handleSubmit = (e: React.FormEvent) => {
    e.preventDefault();
    if (!search) return;
    setQuery({ search });
    setSearch("""");
  };

  return (
    <form
      className=""text-[14px] lg:py-10 md:pt-9 md:pb-10 sm:pt-8 sm:pb-10  pt-6 pb-8 flex flex-row items-center justify-center""
      onSubmit={handleSubmit}
    >
      <input
        type=""text""
        className=""py-[8px] pl-[20px] pr-[36px]  rounded-full outline-none w-[300px] md:w-[340px]  shadow-md transition-all duration-300 focus:shadow-sm text-[#666] focus:bg-[#ffffff] bg-[#fdfdfd] font-medium dark:bg-[#302d3a] dark:text-primary dark:focus:bg-[#474550]""
        onChange={(e) => setSearch(e.target.value)}
        value={search}
        placeholder={`Search ${category === ""movie"" ? ""movies"" : ""tv series""}`}
      />
      <button
        type=""submit""
        className=""text-[18px] -ml-[32px] text-[#ff0000] z-[1]""
      >
        <GoSearch />
      </button>
    </form>
  );
};

export default Search;",2,"Provides clear evidence of React and TypeScript usage with form handling, event typing, and state hooks in a functional component.",,
ITEM_055,JD_JAVA_05,Backend Developer (Java/Spring Boot),Fresher,EdTech & Learning Management Systems (LMS),"Java Core, Spring Boot, Spring Security, Spring Data JPA, MySQL",mdtalalwasim/blog-application-spring-boot-rest-api,blog-application-springboot-rest-apis/src/main/java/com/mdtalalwasim/blog/app/entity/Category.java,1,43,File: blog-application-springboot-rest-apis/src/main/java/com/mdtalalwasim/blog/app/entity/Category.java | Lines 1..43,"package com.mdtalalwasim.blog.app.entity;

import java.util.ArrayList;
import java.util.List;

import jakarta.persistence.CascadeType;
import jakarta.persistence.Column;
import jakarta.persistence.Entity;
import jakarta.persistence.GeneratedValue;
import jakarta.persistence.GenerationType;
import jakarta.persistence.Id;
import jakarta.persistence.OneToMany;
import jakarta.persistence.Table;
import lombok.Getter;
import lombok.NoArgsConstructor;
import lombok.Setter;

@Entity
@Table(name = ""categories"")
@Setter
@Getter
@NoArgsConstructor
public class Category {
	
	@Id
	@GeneratedValue(strategy = GenerationType.IDENTITY)
	
	private int id;
	
	@Column(name = ""title"", length = 100, nullable = false)
	private String categoryTitle;
	
	@Column(name = ""description"")
	private String categoryDescription;
	
	@OneToMany(mappedBy = ""category"", cascade = CascadeType.ALL)
	List<Post> posts = new ArrayList<>(); 
	
	
	


}",0,"Contains only a standard JPA entity class with Lombok getters/setters and annotations, representing trivial boilerplate with no business logic.",,
ITEM_056,JD_REACT_10,Fullstack React & TypeScript Developer,Fresher / Junior,EdTech Fullstack Application,"TypeScript, ReactJS, Node.js / Express / NestJS, Redux Toolkit / Zustand, Prisma / TypeORM / Mongoose, Git",JordanKnott/taskcafe,frontend/src/shared/components/Checklist/index.tsx,1,50,File: frontend/src/shared/components/Checklist/index.tsx | Lines 1..50,"import React, { useState, useRef, useEffect } from 'react';
import styled from 'styled-components';
import { CheckSquare, Trash, Square, CheckSquareOutline, Clock, Cross, AccountPlus } from 'shared/icons';
import { DragDropContext, Droppable, Draggable, DropResult } from 'react-beautiful-dnd';
import {
  isPositionChanged,
  getSortedDraggables,
  getNewDraggablePosition,
  getAfterDropDraggableList,
} from 'shared/utils/draggables';
import Button from 'shared/components/Button';
import TextareaAutosize from 'react-autosize-textarea';
import Control from 'react-select/src/components/Control';
import useOnOutsideClick from 'shared/hooks/onOutsideClick';
import { mixin } from 'shared/utils/styles';

const Wrapper = styled.div`
  margin-bottom: 24px;
`;

const WindowTitle = styled.div`
  padding: 8px 0;
  position: relative;
  margin: 0 0 4px 40px;
`;

const WindowTitleIcon = styled(CheckSquareOutline)`
  top: 10px;
  left: -32px;
  position: absolute;
`;

const WindowChecklistTitle = styled.div`
  display: flex;
  justify-content: space-between;
  align-items: center;
  flex-flow: row wrap;
`;

const WindowTitleText = styled.h3`
  cursor: pointer;
  color: ${props => props.theme.colors.text.primary};
  margin: 6px 0;
  display: inline-block;
  width: auto;
  min-height: 18px;
  font-size: 16px;
  line-height: 20px;
  min-width: 40px;
`;",2,"The code snippet provides strong evidence of React development using TypeScript, styled-components, and custom hooks, matching the requirements of the Fullstack React & TypeScript Developer role.",,
ITEM_057,JD_JAVA_13,Java Backend Fresher,Fresher,FoodTech & Delivery Platform,"Java, Spring Boot, Spring Security & JWT, MySQL & Spring Data JPA, RabbitMQ / Kafka",mewebstudio/java-spring-boot-boilerplate,src/main/java/com/mewebstudio/javaspringbootboilerplate/controller/AccountController.java,66,106,File: src/main/java/com/mewebstudio/javaspringbootboilerplate/controller/AccountController.java | Lines 66..106,"@PostMapping(""/password"")
    @Operation(
        summary = ""Password update endpoint"",
        security = @SecurityRequirement(name = SECURITY_SCHEME_NAME),
        responses = {
            @ApiResponse(
                responseCode = ""200"",
                description = ""Successful operation"",
                content = @Content(
                    mediaType = ""application/json"",
                    schema = @Schema(implementation = SuccessResponse.class)
                )
            ),
            @ApiResponse(
                responseCode = ""401"",
                description = ""Bad credentials"",
                content = @Content(
                    mediaType = MediaType.APPLICATION_JSON_VALUE,
                    schema = @Schema(implementation = ErrorResponse.class)
                )
            ),
            @ApiResponse(
                responseCode = ""422"",
                description = ""Validation failed"",
                content = @Content(
                    mediaType = MediaType.APPLICATION_JSON_VALUE,
                    schema = @Schema(implementation = DetailedErrorResponse.class)
                )
            )
        }
    )
    public ResponseEntity<SuccessResponse> password(
        @Parameter(description = ""Request body to update password"", required = true)
        @RequestBody @Valid UpdatePasswordRequest request
    ) throws BindException {
        userService.updatePassword(request);

        return ResponseEntity.ok(SuccessResponse.builder()
            .message(messageSourceService.get(""your_password_updated""))
            .build());
    }",2,"The code snippet clearly shows a Spring Boot @RestController endpoint with request validation (@Valid, @RequestBody), OpenAPI documentation, and service delegation, which aligns with Java backend competencies.",,
ITEM_058,JD_REACT_01,Frontend Developer Fresher (ReactJS / TypeScript),Fresher,E-Commerce Storefront & Order Management,"ReactJS, TypeScript, Redux Toolkit, Tailwind CSS, Git",DevlinRocha/banter,src/components/Members.tsx,1,50,File: src/components/Members.tsx | Lines 1..50,"import { useEffect, useRef, useState, Fragment } from ""react"";
import { query, collection, onSnapshot } from ""firebase/firestore"";
import { db } from ""../../firebase"";
import tw from ""tailwind-styled-components/dist/tailwind"";
import {
  useServersState,
  setMembers,
  setMemberProfileCardOpen,
  setMemberProfileCardPosition,
  setMemberRoles,
  MemberRole,
  MemberInfo,
  RoleData,
  MemberData,
  setMemberPreview,
  RoleListData,
} from ""../features/servers"";
import { useAppDispatch } from ""../redux/hooks"";
import Image from ""next/image"";

export default function Members() {
  const { server, members, memberRoles, memberProfileCardOpen } =
    useServersState();
  const memberRef = useRef<HTMLLIElement[]>([]);
  const [assignedRoles, setAssignedRoles] = useState<RoleListData[]>([]);
  const [unassignedRoles, setUnassignedRoles] = useState<MemberData[]>([]);
  const dispatch = useAppDispatch();

  useEffect(() => {
    if (!server.serverID) return;

    const q = query(collection(db, ""servers"", server.serverID, ""members""));

    const unsubscribe = onSnapshot(q, (querySnapshot) => {
      const memberRolesList: MemberRole[] = [];

      querySnapshot.forEach((doc) => {
        const docData = doc.data();

        const memberRoles: MemberRole = {
          userID: doc.id,

          serverOwner: docData.serverOwner,

          roles: docData.roles,

          // permissions: docData.permissions,
        };

        memberRolesList.push(memberRoles);",2,"The component utilizes React hooks, TypeScript typing, Redux dispatching, and Firebase subscriptions, offering direct evidence of ReactJS and TypeScript proficiency.",,
ITEM_059,JD_JAVA_07,Java API Developer,Fresher,Real-time Messaging & Notification Services,"Java, Spring Boot, Spring WebSocket / STOMP, JWT & Spring Security, PostgreSQL / MySQL / MongoDB",hoangtien2k3/ecommerce-microservices,auth-service/src/main/java/com/ecommerce/authservice/controller/RoleController.java,1,50,File: auth-service/src/main/java/com/ecommerce/authservice/controller/RoleController.java | Lines 1..50,"package com.ecommerce.authservice.controller;

import com.ecommerce.authservice.service.RoleService;
import com.ecommerce.commonlib.constants.ApiPaths;
import com.ecommerce.commonlib.exception.BusinessException;
import com.ecommerce.commonlib.exception.ErrorCode;
import com.ecommerce.commonlib.viewmodel.ApiResponse;
import jakarta.validation.constraints.NotBlank;
import lombok.RequiredArgsConstructor;
import org.springframework.security.access.prepost.PreAuthorize;
import org.springframework.validation.annotation.Validated;
import org.springframework.web.bind.annotation.GetMapping;
import org.springframework.web.bind.annotation.PathVariable;
import org.springframework.web.bind.annotation.PostMapping;
import org.springframework.web.bind.annotation.RequestBody;
import org.springframework.web.bind.annotation.RequestMapping;
import org.springframework.web.bind.annotation.RestController;

import org.slf4j.Logger;
import org.slf4j.LoggerFactory;
import java.util.List;

@RestController
@RequestMapping(ApiPaths.ROLES)
@RequiredArgsConstructor
@Validated
public class RoleController {

    private static final Logger log = LoggerFactory.getLogger(RoleController.class);

    private final RoleService roleService;

    @PostMapping(""/users/{userId}/assign"")
    @PreAuthorize(""hasAuthority('ADMIN')"")
    public ApiResponse<Void> assignRoles(@PathVariable Long userId,
                                         @RequestBody @NotBlank String roleNames) {
        if (!roleService.assignRole(userId, roleNames)) {
            throw BusinessException.of(ErrorCode.CONFLICT);
        }
        return ApiResponse.message(""Roles assigned to user "" + userId);
    }

    @PostMapping(""/users/{userId}/revoke"")
    @PreAuthorize(""hasAuthority('ADMIN')"")
    public ApiResponse<Void> revokeRoles(@PathVariable Long userId,
                                         @RequestBody @NotBlank String roleNames) {
        if (!roleService.revokeRole(userId, roleNames)) {
            throw BusinessException.of(ErrorCode.CONFLICT);
        }
        return ApiResponse.message(""Roles revoked from user "" + userId);",2,"The code demonstrates a Spring Boot REST controller utilizing @PreAuthorize security annotations, request body validation, and dependency injection, directly matching the requirements for Java API development.",,
ITEM_060,JD_REACT_04,Frontend Engineer,Fresher,B2B SaaS Analytics & Reporting Dashboard,"ReactJS, TypeScript, TanStack React Query, Tailwind CSS, Recharts / Chart.js",Snouzy/workout-cool,app/api/analytics/premium/route.ts,1,50,File: app/api/analytics/premium/route.ts | Lines 1..50,"import { NextRequest, NextResponse } from ""next/server"";

import { LogEvents } from ""@/shared/lib/analytics/events"";

/**
 * POST /api/analytics/premium
 *
 * Track premium-related analytics events from mobile app
 * Mobile-compatible endpoint for tracking user interactions with premium features
 */
export async function POST(request: NextRequest) {
  try {
    const { event } = await request.json();

    // Validate event type
    const validEvents = [""discovery"", ""paywall_viewed"", ""paywall_purchased"", ""paywall_cancelled"", ""paywall_restored""];

    if (!validEvents.includes(event)) {
      return NextResponse.json({ error: ""Invalid event type"" }, { status: 400 });
    }

    // Map event types to analytics events
    let analyticsEvent;
    switch (event) {
      case ""discovery"":
        analyticsEvent = LogEvents.PremiumDiscovery;
        break;
      case ""paywall_viewed"":
        analyticsEvent = LogEvents.PaywallViewed;
        break;
      case ""paywall_purchased"":
        analyticsEvent = LogEvents.PaywallPurchased;
        break;
      case ""paywall_cancelled"":
        analyticsEvent = LogEvents.PaywallCancelled;
        break;
      case ""paywall_restored"":
        analyticsEvent = LogEvents.PaywallRestored;
        break;
      default:
        return NextResponse.json({ error: ""Unknown event type"" }, { status: 400 });
    }

    // todo: add analytics
    // Track event with user context if available
    // if (user) {
    //   await serverAnalytics.event({
    //     eventName: analyticsEvent.name,
    //     channel: analyticsEvent.channel,
    //     user: {",1,"The file is a Next.js API route handling analytics requests, which provides peripheral evidence of backend/API logic within a full-stack context but lacks comprehensive frontend component code.",,
ITEM_061,JD_JAVA_06,Fresher Java Backend Engineer,Fresher,Digital Healthcare & Telemedicine,"Java 11/17, Spring Boot, Spring Data JPA, PostgreSQL/MySQL",mewebstudio/java-spring-boot-boilerplate,src/main/java/com/mewebstudio/javaspringbootboilerplate/controller/AccountController.java,1,50,File: src/main/java/com/mewebstudio/javaspringbootboilerplate/controller/AccountController.java | Lines 1..50,"package com.mewebstudio.javaspringbootboilerplate.controller;

import com.mewebstudio.javaspringbootboilerplate.dto.request.user.UpdatePasswordRequest;
import com.mewebstudio.javaspringbootboilerplate.dto.response.DetailedErrorResponse;
import com.mewebstudio.javaspringbootboilerplate.dto.response.ErrorResponse;
import com.mewebstudio.javaspringbootboilerplate.dto.response.SuccessResponse;
import com.mewebstudio.javaspringbootboilerplate.dto.response.user.UserResponse;
import com.mewebstudio.javaspringbootboilerplate.service.MessageSourceService;
import com.mewebstudio.javaspringbootboilerplate.service.UserService;
import io.swagger.v3.oas.annotations.Operation;
import io.swagger.v3.oas.annotations.Parameter;
import io.swagger.v3.oas.annotations.media.Content;
import io.swagger.v3.oas.annotations.media.Schema;
import io.swagger.v3.oas.annotations.responses.ApiResponse;
import io.swagger.v3.oas.annotations.security.SecurityRequirement;
import io.swagger.v3.oas.annotations.tags.Tag;
import jakarta.validation.Valid;
import lombok.RequiredArgsConstructor;
import org.springframework.http.MediaType;
import org.springframework.http.ResponseEntity;
import org.springframework.validation.BindException;
import org.springframework.web.bind.annotation.GetMapping;
import org.springframework.web.bind.annotation.PostMapping;
import org.springframework.web.bind.annotation.RequestBody;
import org.springframework.web.bind.annotation.RequestMapping;
import org.springframework.web.bind.annotation.RestController;

import static com.mewebstudio.javaspringbootboilerplate.util.Constants.SECURITY_SCHEME_NAME;

@RestController
@RequiredArgsConstructor
@RequestMapping(""/account"")
@Tag(name = ""002. Account"", description = ""Account API"")
public class AccountController extends AbstractBaseController {
    private final UserService userService;

    private final MessageSourceService messageSourceService;

    @GetMapping(""/me"")
    @Operation(
        summary = ""Me endpoint"",
        security = @SecurityRequirement(name = SECURITY_SCHEME_NAME),
        responses = {
            @ApiResponse(
                responseCode = ""200"",
                description = ""Successful operation"",
                content = @Content(
                    mediaType = ""application/json"",
                    schema = @Schema(implementation = UserResponse.class)
                )",2,"The snippet establishes a standard Spring Boot REST controller structure with Swagger/OpenAPI annotations and dependency injection, supporting Java backend requirements.",,
ITEM_062,JD_JAVA_14,Backend Engineer (Java / Spring Boot),Intern/Fresher,HRTech & Recruitment Job Portal,"Java Core, Spring Boot, Spring Data JPA, Spring Security & JWT, PostgreSQL / MySQL",Angel-Raa/spring-security-jwt-authentication-and-authorization,src/main/java/com/github/angel/raa/modules/persistence/repository/CategoryRepository.java,1,6,File: src/main/java/com/github/angel/raa/modules/persistence/repository/CategoryRepository.java | Lines 1..6,"package com.github.angel.raa.modules.persistence.repository;

import com.github.angel.raa.modules.persistence.models.Category;
import org.springframework.data.jpa.repository.JpaRepository;

public interface CategoryRepository extends JpaRepository<Category, Long> { }",1,"This is a simple Spring Data JPA repository interface extending JpaRepository, representing trivial boilerplate or basic CRUD delegation without business logic.",,
ITEM_063,JD_JAVA_01,Backend Developer (Java / Spring Boot),Fresher,E-Commerce Platform,"Java, Spring Boot, Spring Security & JWT, Spring Data JPA / Hibernate, MySQL, Git",mewebstudio/java-spring-boot-boilerplate,src/main/java/com/mewebstudio/javaspringbootboilerplate/controller/AccountController.java,66,106,File: src/main/java/com/mewebstudio/javaspringbootboilerplate/controller/AccountController.java | Lines 66..106,"@PostMapping(""/password"")
    @Operation(
        summary = ""Password update endpoint"",
        security = @SecurityRequirement(name = SECURITY_SCHEME_NAME),
        responses = {
            @ApiResponse(
                responseCode = ""200"",
                description = ""Successful operation"",
                content = @Content(
                    mediaType = ""application/json"",
                    schema = @Schema(implementation = SuccessResponse.class)
                )
            ),
            @ApiResponse(
                responseCode = ""401"",
                description = ""Bad credentials"",
                content = @Content(
                    mediaType = MediaType.APPLICATION_JSON_VALUE,
                    schema = @Schema(implementation = ErrorResponse.class)
                )
            ),
            @ApiResponse(
                responseCode = ""422"",
                description = ""Validation failed"",
                content = @Content(
                    mediaType = MediaType.APPLICATION_JSON_VALUE,
                    schema = @Schema(implementation = DetailedErrorResponse.class)
                )
            )
        }
    )
    public ResponseEntity<SuccessResponse> password(
        @Parameter(description = ""Request body to update password"", required = true)
        @RequestBody @Valid UpdatePasswordRequest request
    ) throws BindException {
        userService.updatePassword(request);

        return ResponseEntity.ok(SuccessResponse.builder()
            .message(messageSourceService.get(""your_password_updated""))
            .build());
    }",2,"The snippet contains a fully realized Spring Boot endpoint with DTO validation (@Valid), OpenAPI documentation, and exception handling, serving as strong evidence for Spring Boot skills.",,
ITEM_064,JD_JAVA_15,Java Backend Fresher,Fresher,Retail & Warehouse Inventory Management,"Java 17, Spring Boot, Spring Data JPA, MySQL/PostgreSQL, JWT",mewebstudio/java-spring-boot-boilerplate,src/main/java/com/mewebstudio/javaspringbootboilerplate/controller/AccountController.java,1,50,File: src/main/java/com/mewebstudio/javaspringbootboilerplate/controller/AccountController.java | Lines 1..50,"package com.mewebstudio.javaspringbootboilerplate.controller;

import com.mewebstudio.javaspringbootboilerplate.dto.request.user.UpdatePasswordRequest;
import com.mewebstudio.javaspringbootboilerplate.dto.response.DetailedErrorResponse;
import com.mewebstudio.javaspringbootboilerplate.dto.response.ErrorResponse;
import com.mewebstudio.javaspringbootboilerplate.dto.response.SuccessResponse;
import com.mewebstudio.javaspringbootboilerplate.dto.response.user.UserResponse;
import com.mewebstudio.javaspringbootboilerplate.service.MessageSourceService;
import com.mewebstudio.javaspringbootboilerplate.service.UserService;
import io.swagger.v3.oas.annotations.Operation;
import io.swagger.v3.oas.annotations.Parameter;
import io.swagger.v3.oas.annotations.media.Content;
import io.swagger.v3.oas.annotations.media.Schema;
import io.swagger.v3.oas.annotations.responses.ApiResponse;
import io.swagger.v3.oas.annotations.security.SecurityRequirement;
import io.swagger.v3.oas.annotations.tags.Tag;
import jakarta.validation.Valid;
import lombok.RequiredArgsConstructor;
import org.springframework.http.MediaType;
import org.springframework.http.ResponseEntity;
import org.springframework.validation.BindException;
import org.springframework.web.bind.annotation.GetMapping;
import org.springframework.web.bind.annotation.PostMapping;
import org.springframework.web.bind.annotation.RequestBody;
import org.springframework.web.bind.annotation.RequestMapping;
import org.springframework.web.bind.annotation.RestController;

import static com.mewebstudio.javaspringbootboilerplate.util.Constants.SECURITY_SCHEME_NAME;

@RestController
@RequiredArgsConstructor
@RequestMapping(""/account"")
@Tag(name = ""002. Account"", description = ""Account API"")
public class AccountController extends AbstractBaseController {
    private final UserService userService;

    private final MessageSourceService messageSourceService;

    @GetMapping(""/me"")
    @Operation(
        summary = ""Me endpoint"",
        security = @SecurityRequirement(name = SECURITY_SCHEME_NAME),
        responses = {
            @ApiResponse(
                responseCode = ""200"",
                description = ""Successful operation"",
                content = @Content(
                    mediaType = ""application/json"",
                    schema = @Schema(implementation = UserResponse.class)
                )",2,"The code demonstrates a standard Spring Boot REST controller configuration with proper annotations, package structure, and service wiring for Java backend development.",,
ITEM_065,JD_REACT_09,Frontend Web Developer,Intern / Fresher,Service Discovery & Booking Platform,"ReactJS, TypeScript, React Router, Axios",JordanKnott/taskcafe,frontend/src/shared/components/Admin/index.tsx,521,570,File: frontend/src/shared/components/Admin/index.tsx | Lines 521..570,"        }
      }}
    >
      <TabNavItemButton active={active}>
        <TabItemUser width={14} height={14} active={active} />
        <TabNavItemSpan>{name}</TabNavItemSpan>
      </TabNavItemButton>
    </TabNavItem>
  );
};

type AdminProps = {
  initialTab: number;
  onAddUser: ($target: React.RefObject<HTMLElement>) => void;
  onDeleteUser: (userID: string, newOwnerID: string | null) => void;
  onInviteUser: ($target: React.RefObject<HTMLElement>) => void;
  users: Array<User>;
  invitedUsers: Array<InvitedUserAccount>;
  canInviteUser: boolean;
  onUpdateUserPassword: (user: TaskUser, password: string) => void;
  onDeleteInvitedUser: (invitedUserID: string) => void;
};

const Admin: React.FC<AdminProps> = ({
  initialTab,
  onAddUser,
  onUpdateUserPassword,
  canInviteUser,
  onDeleteUser,
  onDeleteInvitedUser,
  onInviteUser,
  invitedUsers,
  users,
}) => {
  const warning =
    'You can’t leave because you are the only admin. To make another user an admin, click their avatar, select “Change permissions…”, and select “Admin”.';
  const [currentTop, setTop] = useState(initialTab * 48);
  const [currentTab, setTab] = useState(initialTab);
  const { showPopup } = usePopup();
  const $tabNav = useRef<HTMLDivElement>(null);

  const [updateUserRole] = useUpdateUserRoleMutation();
  return (
    <Container>
      <TabNav ref={$tabNav}>
        <TabNavContent>
          {items.map((item, idx) => (
            <NavItem
              key={item.name}
              onClick={(tab, top) => {",2,"The code provides strong evidence of React and TypeScript usage with typed component props, state management hooks, and custom mutation hooks.",,
ITEM_066,JD_REACT_09,Frontend Web Developer,Intern / Fresher,Service Discovery & Booking Platform,"ReactJS, TypeScript, React Router, Axios",hoangtien2k3/ecommerce-microservices,auth-service/src/main/java/com/ecommerce/authservice/config/SsoProperties.java,1,49,File: auth-service/src/main/java/com/ecommerce/authservice/config/SsoProperties.java | Lines 1..49,"package com.ecommerce.authservice.config;

import lombok.Getter;
import lombok.Setter;
import org.springframework.boot.context.properties.ConfigurationProperties;
import org.springframework.context.annotation.Configuration;

import java.util.List;

/**
 * Backend-mediated SSO settings, bound from {@code keycloak.sso.*}.
 *
 * <p>The browser logs in at Keycloak, Keycloak redirects to {@link #backendCallbackUrl}
 * (this service), we exchange the code for tokens and then bounce the browser back to
 * one of the {@link #allowedRedirectUris} carrying a single-use {@code ticket} that the
 * frontend swaps for the tokens via {@code GET /api/v1/auth/session}.</p>
 */
@Getter
@Setter
@Configuration
@ConfigurationProperties(prefix = ""keycloak.sso"")
public class SsoProperties {

    /**
     * Browser-facing URL Keycloak redirects to after login. MUST be registered as a
     * Valid Redirect URI on the Keycloak client and be reachable by the browser.
     */
    private String backendCallbackUrl = ""http://api.ecommerce.local/api/v1/auth/callback"";

    /** Frontend callback pages allowed to receive the login ticket (anti open-redirect). */
    private List<String> allowedRedirectUris = List.of(
            ""http://ecommerce.local/auth/callback"",
            ""http://admin.ecommerce.local/auth/callback"",
            ""http://localhost:3000/auth/callback"",
            ""http://localhost:3001/auth/callback""
    );

    /** Used when the caller supplies no (or a disallowed) {@code redirect_uri}. */
    private String defaultFrontendRedirect = ""http://ecommerce.local/auth/callback"";

    /** OIDC scopes requested during the authorization redirect. */
    private String scope = ""openid profile email"";

    /** How long an in-flight login {@code state} stays valid. */
    private long stateTtlSeconds = 300;

    /** How long a post-login {@code ticket} stays valid before the frontend swaps it. */
    private long ticketTtlSeconds = 60;
}",0,"The code belongs to a Java Spring Boot backend service configuration (`SsoProperties.java`), whereas the job description requires Frontend Web Developer skills (ReactJS, TypeScript, etc.).",,
ITEM_067,JD_JAVA_13,Java Backend Fresher,Fresher,FoodTech & Delivery Platform,"Java, Spring Boot, Spring Security & JWT, MySQL & Spring Data JPA, RabbitMQ / Kafka",mdtalalwasim/blog-application-spring-boot-rest-api,blog-application-springboot-rest-apis/src/main/java/com/mdtalalwasim/blog/app/controller/UserRestController.java,1,50,File: blog-application-springboot-rest-apis/src/main/java/com/mdtalalwasim/blog/app/controller/UserRestController.java | Lines 1..50,"package com.mdtalalwasim.blog.app.controller;

import java.util.List;
import java.util.Map;

import org.springframework.beans.factory.annotation.Autowired;
import org.springframework.http.HttpStatus;
import org.springframework.http.ResponseEntity;
import org.springframework.security.access.prepost.PreAuthorize;
import org.springframework.web.bind.annotation.DeleteMapping;
import org.springframework.web.bind.annotation.GetMapping;
import org.springframework.web.bind.annotation.PathVariable;
import org.springframework.web.bind.annotation.PostMapping;
import org.springframework.web.bind.annotation.PutMapping;
import org.springframework.web.bind.annotation.RequestBody;
import org.springframework.web.bind.annotation.RequestMapping;
import org.springframework.web.bind.annotation.RestController;

import com.mdtalalwasim.blog.app.payloads.ApiResponse;
import com.mdtalalwasim.blog.app.payloads.UserDto;
import com.mdtalalwasim.blog.app.services.UserService;

import jakarta.validation.Valid;

@RestController
@RequestMapping(""/api/users"")
public class UserRestController {
	
	@Autowired
	private UserService userService;
	
	
	//create user
	@PostMapping(""/"")
	public ResponseEntity<UserDto> createUser(@Valid @RequestBody UserDto userDto){
		UserDto createdUserDto = this.userService.createUser(userDto);
		return new ResponseEntity<>(createdUserDto,HttpStatus.CREATED);
		
	}
	
	//update user
	@PutMapping(""/{userId}"")
	public ResponseEntity<UserDto> updateUser(@Valid @RequestBody UserDto userDto, @PathVariable Integer userId){
		UserDto updatedUser = this.userService.updateUser(userDto, userId);
		//return new ResponseEntity<UserDto>(updatedUser,HttpStatus.OK);//or
		return  ResponseEntity.ok(updatedUser);
	}
	
	//to make access for only ADMIN ROLE.  
	//Admin can delete only",1,"The snippet shows basic Spring Boot REST controllers with DTO validation and CRUD endpoints, but it is cut off mid-class before implementing full security or messaging logic required by the JD.",,
ITEM_068,JD_REACT_06,Junior ReactJS Developer,Junior,Productivity & Collaborative Kanban System,"ReactJS, TypeScript, Redux Toolkit / Zustand, React Hook Form & Zod/Yup, Tailwind CSS / CSS-in-JS",devias-io/material-kit-react,src/components/core/theme-provider/theme-provider.tsx,1,28,File: src/components/core/theme-provider/theme-provider.tsx | Lines 1..28,"'use client';

import * as React from 'react';
import CssBaseline from '@mui/material/CssBaseline';
import { ThemeProvider } from '@mui/material/styles';

import { createTheme } from '@/styles/theme/create-theme';

import EmotionCache from './emotion-cache';

export interface ThemeProviderProps {
  children: React.ReactNode;
}

function CustomThemeProvider({ children }: ThemeProviderProps): React.JSX.Element {
  const theme = createTheme();

  return (
    <EmotionCache options={{ key: 'mui' }}>
      <ThemeProvider disableTransitionOnChange theme={theme} defaultMode=""light"">
        <CssBaseline />
        {children}
      </ThemeProvider>
    </EmotionCache>
  );
}

export { CustomThemeProvider as ThemeProvider };",1,"The snippet provides standard Material-UI theme wrapper configuration in React/TypeScript, which is peripheral boilerplate rather than core state management or form validation.",,
ITEM_069,JD_JAVA_03,Java Backend Fresher,Fresher,Fintech & Payment Gateway,"Java, Spring Boot, Spring Data JPA, PostgreSQL, Redis",mewebstudio/java-spring-boot-boilerplate,src/main/java/com/mewebstudio/javaspringbootboilerplate/controller/AccountController.java,81,130,File: src/main/java/com/mewebstudio/javaspringbootboilerplate/controller/AccountController.java | Lines 81..130,"                description = ""Bad credentials"",
                content = @Content(
                    mediaType = MediaType.APPLICATION_JSON_VALUE,
                    schema = @Schema(implementation = ErrorResponse.class)
                )
            ),
            @ApiResponse(
                responseCode = ""422"",
                description = ""Validation failed"",
                content = @Content(
                    mediaType = MediaType.APPLICATION_JSON_VALUE,
                    schema = @Schema(implementation = DetailedErrorResponse.class)
                )
            )
        }
    )
    public ResponseEntity<SuccessResponse> password(
        @Parameter(description = ""Request body to update password"", required = true)
        @RequestBody @Valid UpdatePasswordRequest request
    ) throws BindException {
        userService.updatePassword(request);

        return ResponseEntity.ok(SuccessResponse.builder()
            .message(messageSourceService.get(""your_password_updated""))
            .build());
    }

    @GetMapping(""/resend-email-verification"")
    @Operation(
        summary = ""Resend e-mail verification endpoint"",
        security = @SecurityRequirement(name = SECURITY_SCHEME_NAME),
        responses = {
            @ApiResponse(
                responseCode = ""200"",
                description = ""Successful operation"",
                content = @Content(
                    mediaType = ""application/json"",
                    schema = @Schema(implementation = SuccessResponse.class)
                )
            ),
            @ApiResponse(
                responseCode = ""400"",
                description = ""Bad request"",
                content = @Content(
                    mediaType = MediaType.APPLICATION_JSON_VALUE,
                    schema = @Schema(implementation = ErrorResponse.class)
                )
            ),
            @ApiResponse(
                responseCode = ""401"",",1,"The snippet contains Swagger/OpenAPI annotations and controller endpoint definitions for password updates, representing peripheral configuration rather than core database or caching logic.",,
ITEM_070,JD_JAVA_04,Java Microservices Fresher,Fresher,Distributed Systems & Supply Chain,"Java 17+, Spring Boot, Apache Kafka, Spring Data JPA, MySQL/PostgreSQL, Docker / Docker Compose",f-lab-edu/fast-shoppers,src/main/java/com/fastshoppers/entity/BaseEntity.java,1,48,File: src/main/java/com/fastshoppers/entity/BaseEntity.java | Lines 1..48,"package com.fastshoppers.entity;

import java.time.LocalDateTime;

import org.springframework.data.annotation.CreatedDate;
import org.springframework.data.annotation.LastModifiedDate;
import org.springframework.data.jpa.domain.support.AuditingEntityListener;

import com.fastshoppers.util.BooleanToCharConverter;

import jakarta.persistence.Column;
import jakarta.persistence.Convert;
import jakarta.persistence.EntityListeners;
import jakarta.persistence.GeneratedValue;
import jakarta.persistence.GenerationType;
import jakarta.persistence.Id;
import jakarta.persistence.MappedSuperclass;
import lombok.AllArgsConstructor;
import lombok.Getter;
import lombok.NoArgsConstructor;
import lombok.Setter;
import lombok.ToString;

@Getter
@Setter
@NoArgsConstructor
@AllArgsConstructor
@ToString
@EntityListeners(AuditingEntityListener.class)
@MappedSuperclass
public class BaseEntity {

	@Id
	@GeneratedValue(strategy = GenerationType.IDENTITY)
	private int id;

	@CreatedDate
	@Column(name = ""created_at"", nullable = false)
	private LocalDateTime createdAt;

	@LastModifiedDate
	@Column(name = ""updated_at"", nullable = false)
	private LocalDateTime updatedAt;

	@Column(name = ""delete_yn"", nullable = false, length = 1, columnDefinition = ""char(1)"")
	@Convert(converter = BooleanToCharConverter.class)
	private boolean deleteYn;
}",1,"The snippet shows a standard JPA auditing base entity (`BaseEntity.java`), which serves as peripheral boilerplate for JPA mappings rather than showing advanced microservices competencies.",,
ITEM_071,JD_JAVA_12,Junior Java Developer,Junior,Enterprise Software & Financial Services,"Java 17, Spring Boot, JUnit 5 & Mockito, PostgreSQL/MySQL",f-lab-edu/fast-shoppers,src/main/java/com/fastshoppers/entity/Product.java,41,62,File: src/main/java/com/fastshoppers/entity/Product.java | Lines 41..62,"
	@Column(name = ""product_subtitle"", length = 255)
	private String productSubtitle;

	@Column(name = ""list_price"", nullable = false)
	private BigDecimal listPrice;

	@Column(name = ""selling_price"", nullable = false)
	private BigDecimal sellingPrice;

	@Column(name = ""product_status"", length = 255, nullable = false)
	private String productStatus;

	@Column(name = ""description"", columnDefinition = ""TEXT"")
	private String description;

	@Column(name = ""limit_quantity"")
	private Integer limitQuantity;

	@Column(name = ""remain_quantity"", nullable = false)
	private Integer remainQuantity;
}",1,"The snippet displays JPA entity column mappings for a product entity, which is standard data model boilerplate and offers only indirect evidence of Java/Spring skills.",,
ITEM_072,JD_REACT_01,Frontend Developer Fresher (ReactJS / TypeScript),Fresher,E-Commerce Storefront & Order Management,"ReactJS, TypeScript, Redux Toolkit, Tailwind CSS, Git",hoangtien2k3/ecommerce-microservices,auth-service/src/main/java/com/ecommerce/authservice/controller/AuthController.java,121,137,File: auth-service/src/main/java/com/ecommerce/authservice/controller/AuthController.java | Lines 121..137,"
    /** Anti open-redirect: only bounce to a pre-registered frontend callback. */
    private String resolveFrontendRedirect(String requested) {
        if (StringUtils.hasText(requested) && ssoProperties.getAllowedRedirectUris().contains(requested)) {
            return requested;
        }
        return ssoProperties.getDefaultFrontendRedirect();
    }

    private static ResponseEntity<Void> redirectTo(String url) {
        return ResponseEntity.status(HttpStatus.FOUND).location(URI.create(url)).build();
    }

    private static String appendQuery(String url, String key, String value) {
        return UriComponentsBuilder.fromUriString(url).queryParam(key, value).build().encode().toUriString();
    }
}",0,"The code is a Java Spring Boot backend redirect utility method, which is completely irrelevant to a Frontend Developer role requiring ReactJS and TypeScript.",,
ITEM_073,JD_REACT_05,Next.js & TypeScript Frontend Developer,Fresher / Junior,High-Performance Web & Digital Commerce,"ReactJS, TypeScript, Next.js, Tailwind CSS, RESTful API / GraphQL",Blazity/next-enterprise,lp-items.tsx,1,50,File: lp-items.tsx | Lines 1..50,"export const LP_GRID_ITEMS = [
  {
    title: ""Next.js"",
    description: ""Fast by default, with config optimized for performance."",
    icon: (
      <svg
        xmlns=""http://www.w3.org/2000/svg""
        fill=""none""
        viewBox=""0 0 24 24""
        strokeWidth={1.5}
        stroke=""currentColor""
        className=""h-6 w-6""
      >
        <path
          strokeLinecap=""round""
          strokeLinejoin=""round""
          d=""M12 18v-5.25m0 0a6.01 6.01 0 001.5-.189m-1.5.189a6.01 6.01 0 01-1.5-.189m3.75 7.478a12.06 12.06 0 01-4.5 0m3.75 2.383a14.406 14.406 0 01-3 0M14.25 18v-.192c0-.983.658-1.823 1.508-2.316a7.5 7.5 0 10-7.517 0c.85.493 1.509 1.333 1.509 2.316V18""
        />
      </svg>
    ),
  },
  {
    title: ""Tailwind CSS"",
    description: ""A utility-first CSS framework for rapid UI development."",
    icon: (
      <svg
        xmlns=""http://www.w3.org/2000/svg""
        fill=""none""
        viewBox=""0 0 24 24""
        strokeWidth={1.5}
        stroke=""currentColor""
        className=""h-6 w-6""
      >
        <path
          strokeLinecap=""round""
          strokeLinejoin=""round""
          d=""M4.5 12a7.5 7.5 0 0015 0m-15 0a7.5 7.5 0 1115 0m-15 0H3m16.5 0H21m-1.5 0H12m-8.457 3.077l1.41-.513m14.095-5.13l1.41-.513M5.106 17.785l1.15-.964m11.49-9.642l1.149-.964M7.501 19.795l.75-1.3m7.5-12.99l.75-1.3m-6.063 16.658l.26-1.477m2.605-14.772l.26-1.477m0 17.726l-.26-1.477M10.698 4.614l-.26-1.477M16.5 19.794l-.75-1.299M7.5 4.205L12 12m6.894 5.785l-1.149-.964M6.256 7.178l-1.15-.964m15.352 8.864l-1.41-.513M4.954 9.435l-1.41-.514M12.002 12l-3.75 6.495""
        />
      </svg>
    ),
  },
  {
    title: ""ESlint & Prettier"",
    description: ""For clean, consistent, and error-free code."",
    icon: (
      <svg
        xmlns=""http://www.w3.org/2000/svg""
        fill=""none""
        viewBox=""0 0 24 24""
        strokeWidth={1.5}",0,"The snippet contains only static array data with SVG icons for a landing page feature list, lacking any functional React components, hooks, or TypeScript logic.",,
ITEM_074,JD_JAVA_02,Junior Java Developer,Intern/Fresher,Enterprise Web & HRM Systems,"Java, Spring Boot, Spring Data JPA, PostgreSQL, JUnit",mewebstudio/java-spring-boot-boilerplate,src/main/java/com/mewebstudio/javaspringbootboilerplate/controller/AccountController.java,1,50,File: src/main/java/com/mewebstudio/javaspringbootboilerplate/controller/AccountController.java | Lines 1..50,"package com.mewebstudio.javaspringbootboilerplate.controller;

import com.mewebstudio.javaspringbootboilerplate.dto.request.user.UpdatePasswordRequest;
import com.mewebstudio.javaspringbootboilerplate.dto.response.DetailedErrorResponse;
import com.mewebstudio.javaspringbootboilerplate.dto.response.ErrorResponse;
import com.mewebstudio.javaspringbootboilerplate.dto.response.SuccessResponse;
import com.mewebstudio.javaspringbootboilerplate.dto.response.user.UserResponse;
import com.mewebstudio.javaspringbootboilerplate.service.MessageSourceService;
import com.mewebstudio.javaspringbootboilerplate.service.UserService;
import io.swagger.v3.oas.annotations.Operation;
import io.swagger.v3.oas.annotations.Parameter;
import io.swagger.v3.oas.annotations.media.Content;
import io.swagger.v3.oas.annotations.media.Schema;
import io.swagger.v3.oas.annotations.responses.ApiResponse;
import io.swagger.v3.oas.annotations.security.SecurityRequirement;
import io.swagger.v3.oas.annotations.tags.Tag;
import jakarta.validation.Valid;
import lombok.RequiredArgsConstructor;
import org.springframework.http.MediaType;
import org.springframework.http.ResponseEntity;
import org.springframework.validation.BindException;
import org.springframework.web.bind.annotation.GetMapping;
import org.springframework.web.bind.annotation.PostMapping;
import org.springframework.web.bind.annotation.RequestBody;
import org.springframework.web.bind.annotation.RequestMapping;
import org.springframework.web.bind.annotation.RestController;

import static com.mewebstudio.javaspringbootboilerplate.util.Constants.SECURITY_SCHEME_NAME;

@RestController
@RequiredArgsConstructor
@RequestMapping(""/account"")
@Tag(name = ""002. Account"", description = ""Account API"")
public class AccountController extends AbstractBaseController {
    private final UserService userService;

    private final MessageSourceService messageSourceService;

    @GetMapping(""/me"")
    @Operation(
        summary = ""Me endpoint"",
        security = @SecurityRequirement(name = SECURITY_SCHEME_NAME),
        responses = {
            @ApiResponse(
                responseCode = ""200"",
                description = ""Successful operation"",
                content = @Content(
                    mediaType = ""application/json"",
                    schema = @Schema(implementation = UserResponse.class)
                )",1,"The snippet contains Spring Boot controller and Swagger annotations establishing basic REST endpoints, but the file is cut off at line 50 before showing complete business logic or database operations.",,
ITEM_075,JD_JAVA_11,Java Backend Developer,Fresher / Junior,Social Network & Technical Blogging Platform,"Java 17, Spring Boot 3, Spring Security 6, Spring Data JPA / Hibernate, PostgreSQL, Git",huseynovvusal/spring-blog-api,src/main/java/com/huseynovvusal/springblogapi/config/SecurityConfig.java,1,50,File: src/main/java/com/huseynovvusal/springblogapi/config/SecurityConfig.java | Lines 1..50,"package com.huseynovvusal.springblogapi.config;

import com.huseynovvusal.springblogapi.filter.BlockedUserFilter;
import com.huseynovvusal.springblogapi.filter.DatabaseHealthFilter;
import com.huseynovvusal.springblogapi.filter.JwtAuthenticationFilter;
import com.huseynovvusal.springblogapi.service.UserDetailsServiceImpl;
import lombok.RequiredArgsConstructor;
import org.slf4j.Logger;
import org.slf4j.LoggerFactory;
import org.springframework.boot.web.servlet.FilterRegistrationBean;
import org.springframework.context.annotation.Bean;
import org.springframework.context.annotation.Configuration;
import org.springframework.security.authentication.AuthenticationManager;
import org.springframework.security.config.annotation.authentication.configuration.AuthenticationConfiguration;
import org.springframework.security.config.annotation.web.builders.HttpSecurity;
import org.springframework.security.config.annotation.web.configuration.EnableWebSecurity;
import org.springframework.security.config.annotation.web.configurers.AbstractHttpConfigurer;
import org.springframework.security.config.http.SessionCreationPolicy;
import org.springframework.security.crypto.bcrypt.BCryptPasswordEncoder;
import org.springframework.security.crypto.password.PasswordEncoder;
import org.springframework.security.web.SecurityFilterChain;
import org.springframework.security.web.authentication.UsernamePasswordAuthenticationFilter;

/**
 * Security configuration class for setting up Spring Security. Configures JWT authentication,
 * stateless session management, and endpoint access rules.
 */
@Configuration
@EnableWebSecurity
@RequiredArgsConstructor
public class SecurityConfig {

  private static final Logger LOGGER = LoggerFactory.getLogger(SecurityConfig.class);

  private final UserDetailsServiceImpl userDetailsService;
  private final JwtAuthenticationFilter jwtAuthenticationFilter;
  private final BlockedUserFilter blockedUserFilter;
  private final DatabaseHealthFilter databaseHealthFilter;

  /**
   * Configures the security filter chain for HTTP requests. - Disables CSRF - Permits
   * unauthenticated access to /auth/** endpoints - Requires authentication for all other endpoints
   * - Adds JWT authentication filter before UsernamePasswordAuthenticationFilter
   *
   * @param http the HttpSecurity object to configure
   * @return the configured SecurityFilterChain
   * @throws Exception if configuration fails
   */
  @Bean
  public SecurityFilterChain securityFilterChain(HttpSecurity http) throws Exception {",2,"Although cut off at line 50, the visible code establishes a robust Spring Security configuration with custom JWT and filter registrations, perfectly matching Spring Security and Spring Boot competencies.",,
ITEM_076,JD_REACT_03,Fullstack TypeScript Fresher,Fresher,Fullstack Web Application Development,"TypeScript, JavaScript (ES6+), ReactJS, Node.js / Express.js, JWT Authentication, MongoDB / PostgreSQL / MySQL",RishiBakshii/mern-chat-app,backend/src/controllers/auth.controller.ts,1,50,File: backend/src/controllers/auth.controller.ts | Lines 1..50,"import { NextFunction, Request, Response } from ""express"";
import jwt from 'jsonwebtoken';
import { config } from ""../config/env.config.js"";
import type { AuthenticatedRequest, OAuthAuthenticatedRequest } from ""../interfaces/auth/auth.interface.js"";
import { prisma } from '../lib/prisma.lib.js';
import type { fcmTokenSchemaType } from ""../schemas/auth.schema.js"";
import { env } from ""../schemas/env.schema.js"";
import { CustomError, asyncErrorHandler } from ""../utils/error.utils.js"";


const getUserInfo = asyncErrorHandler(async(req:AuthenticatedRequest,res:Response,next:NextFunction)=>{
    const user = req.user
    const secureUserInfo = {
        id:user.id,
        name:user.name,
        username:user.username,
        avatar:user.avatar,
        email:user.email,
        createdAt:user.createdAt,
        updatedAt:user.updatedAt,
        emailVerified:user.emailVerified,
        publicKey:user.publicKey,
        notificationsEnabled:user.notificationsEnabled,
        verificationBadge:user.verificationBadge,
        fcmToken:user.fcmToken,
        oAuthSignup:user.oAuthSignup
    }
    return res.status(200).json(secureUserInfo)
})

const updateFcmToken = asyncErrorHandler(async(req:AuthenticatedRequest,res:Response,next:NextFunction)=>{

    const {fcmToken}:fcmTokenSchemaType = req.body

    const user =  await prisma.user.update({
        where:{
            id:req.user.id
        },
        data:{
            fcmToken
        }
    })
    return res.status(200).json({fcmToken:user.fcmToken})
})

const checkAuth = asyncErrorHandler(async(req:AuthenticatedRequest,res:Response,next:NextFunction)=>{
    if(req.user){
        const secureUserInfo = {
            id:req.user.id,
            name:req.user.name,",2,"The code demonstrates non-trivial Express.js controller logic using TypeScript interfaces, Prisma ORM, and error handling for user authentication and token updates.",,
ITEM_077,JD_REACT_10,Fullstack React & TypeScript Developer,Fresher / Junior,EdTech Fullstack Application,"TypeScript, ReactJS, Node.js / Express / NestJS, Redux Toolkit / Zustand, Prisma / TypeORM / Mongoose, Git",JordanKnott/taskcafe,frontend/src/shared/components/Admin/index.tsx,1,50,File: frontend/src/shared/components/Admin/index.tsx | Lines 1..50,"import React, { useState, useRef } from 'react';
import styled, { css } from 'styled-components';
import TaskAssignee from 'shared/components/TaskAssignee';
import Select from 'shared/components/Select';
import { User, UserPlus, Checkmark } from 'shared/icons';
import { usePopup, Popup } from 'shared/components/PopupMenu';
import { RoleCode, useUpdateUserRoleMutation } from 'shared/generated/graphql';
import Input from 'shared/components/Input';
import Button from 'shared/components/Button';
import NOOP from 'shared/utils/noop';
import { mixin } from 'shared/utils/styles';

const UserSelect = styled(Select)`
  margin: 8px 0;
  padding: 8px 0;
`;

const NewUserPassInput = styled(Input)`
  margin: 8px 0;
`;

const InviteMemberButton = styled(Button)`
  padding: 7px 12px;
`;

const UserPassBar = styled.div`
  display: flex;
  padding-top: 8px;
`;

const UserPassConfirmButton = styled(Button)`
  width: 100%;
  padding: 7px 12px;
`;

const UserPassButton = styled(Button)`
  width: 50%;
  padding: 7px 12px;
  & ~ & {
    margin-left: 6px;
  }
`;

const MemberItemOptions = styled.div``;

const MemberItemOption = styled(Button)`
  padding: 7px 9px;
  margin: 4px 0 4px 8px;
  float: left;
  min-width: 95px;",0,The 50-line snippet cuts across styled-components definitions and imports without showing any component logic or React state implementation.,,
ITEM_078,JD_REACT_05,Next.js & TypeScript Frontend Developer,Fresher / Junior,High-Performance Web & Digital Commerce,"ReactJS, TypeScript, Next.js, Tailwind CSS, RESTful API / GraphQL",RishiBakshii/mern-chat-app,backend/src/controllers/auth.controller.ts,1,50,File: backend/src/controllers/auth.controller.ts | Lines 1..50,"import { NextFunction, Request, Response } from ""express"";
import jwt from 'jsonwebtoken';
import { config } from ""../config/env.config.js"";
import type { AuthenticatedRequest, OAuthAuthenticatedRequest } from ""../interfaces/auth/auth.interface.js"";
import { prisma } from '../lib/prisma.lib.js';
import type { fcmTokenSchemaType } from ""../schemas/auth.schema.js"";
import { env } from ""../schemas/env.schema.js"";
import { CustomError, asyncErrorHandler } from ""../utils/error.utils.js"";


const getUserInfo = asyncErrorHandler(async(req:AuthenticatedRequest,res:Response,next:NextFunction)=>{
    const user = req.user
    const secureUserInfo = {
        id:user.id,
        name:user.name,
        username:user.username,
        avatar:user.avatar,
        email:user.email,
        createdAt:user.createdAt,
        updatedAt:user.updatedAt,
        emailVerified:user.emailVerified,
        publicKey:user.publicKey,
        notificationsEnabled:user.notificationsEnabled,
        verificationBadge:user.verificationBadge,
        fcmToken:user.fcmToken,
        oAuthSignup:user.oAuthSignup
    }
    return res.status(200).json(secureUserInfo)
})

const updateFcmToken = asyncErrorHandler(async(req:AuthenticatedRequest,res:Response,next:NextFunction)=>{

    const {fcmToken}:fcmTokenSchemaType = req.body

    const user =  await prisma.user.update({
        where:{
            id:req.user.id
        },
        data:{
            fcmToken
        }
    })
    return res.status(200).json({fcmToken:user.fcmToken})
})

const checkAuth = asyncErrorHandler(async(req:AuthenticatedRequest,res:Response,next:NextFunction)=>{
    if(req.user){
        const secureUserInfo = {
            id:req.user.id,
            name:req.user.name,",2,"The snippet implements backend Express.js controllers with TypeScript, Prisma ORM, and JWT/authentication context handling matching fullstack requirements.",,
ITEM_079,JD_REACT_02,ReactJS / TypeScript Intern,Intern/Fresher,Digital Media & Streaming SPA,"HTML5/CSS3, JavaScript (ES6+), TypeScript, ReactJS",robbins23/admin-dashboard-nextjs-typescript-daisyui-template,src/components/typography/error-text.tsx,1,14,File: src/components/typography/error-text.tsx | Lines 1..14,"import React, { ReactNode } from 'react';

interface ErrorTextProps {
  styleClass?: string;
  children: ReactNode;
}

function ErrorText({ styleClass, children }: ErrorTextProps): JSX.Element {
  return (
    <p className={`text-center text-error ${styleClass || ''}`}>{children}</p>
  );
}

export default ErrorText;",2,"The snippet shows a concise, well-typed functional React component using TypeScript and Tailwind CSS, perfectly demonstrating fundamental React/TypeScript skills.",,
ITEM_080,JD_REACT_04,Frontend Engineer,Fresher,B2B SaaS Analytics & Reporting Dashboard,"ReactJS, TypeScript, TanStack React Query, Tailwind CSS, Recharts / Chart.js",hoangtien2k3/ecommerce-microservices,auth-service/src/main/java/com/ecommerce/authservice/controller/AuthController.java,56,71,File: auth-service/src/main/java/com/ecommerce/authservice/controller/AuthController.java | Lines 56..71,"@GetMapping(""/login"")
    public ResponseEntity<Void> ssoLogin(
            @RequestParam(value = ""redirect_uri"", required = false) String redirectUri) {
        String frontendRedirect = resolveFrontendRedirect(redirectUri);
        String state = ssoSessionStore.createLoginState(frontendRedirect);
        String authorizeUrl = UriComponentsBuilder.fromUriString(keycloakProperties.authorizationEndpoint())
                .queryParam(""client_id"", keycloakProperties.getClientId())
                .queryParam(""response_type"", ""code"")
                .queryParam(""scope"", ssoProperties.getScope())
                .queryParam(""redirect_uri"", ssoProperties.getBackendCallbackUrl())
                .queryParam(""state"", state)
                .build()
                .encode()
                .toUriString();
        return ResponseEntity.status(HttpStatus.FOUND).location(URI.create(authorizeUrl)).build();
    }",0,"The code snippet is a Spring Boot Java controller method, which belongs to an entirely different technology stack than the React frontend JD.",,
ITEM_081,JD_JAVA_08,Junior Java Software Engineer,Junior,Logistics & Fleet Management,"Java 17, Spring Boot, Spring Data JPA, MySQL/PostgreSQL, MapStruct, Bean Validation",Angel-Raa/spring-security-jwt-authentication-and-authorization,src/main/java/com/github/angel/raa/modules/persistence/repository/CategoryRepository.java,1,6,File: src/main/java/com/github/angel/raa/modules/persistence/repository/CategoryRepository.java | Lines 1..6,"package com.github.angel.raa.modules.persistence.repository;

import com.github.angel.raa.modules.persistence.models.Category;
import org.springframework.data.jpa.repository.JpaRepository;

public interface CategoryRepository extends JpaRepository<Category, Long> { }",1,The snippet is a trivial Spring Data JPA interface extending JpaRepository without any custom query methods or business logic.,,
ITEM_082,JD_JAVA_14,Backend Engineer (Java / Spring Boot),Intern/Fresher,HRTech & Recruitment Job Portal,"Java Core, Spring Boot, Spring Data JPA, Spring Security & JWT, PostgreSQL / MySQL",mdtalalwasim/blog-application-spring-boot-rest-api,blog-application-springboot-rest-apis/src/main/java/com/mdtalalwasim/blog/app/BlogApplicationSpringbootRestApisApplication.java,46,76,File: blog-application-springboot-rest-apis/src/main/java/com/mdtalalwasim/blog/app/BlogApplicationSpringbootRestApisApplication.java | Lines 46..76,"@Override
	public void run(String... args) throws Exception {
		System.out.println(this.passwordEncoder.encode(""123456""));
		System.out.println(this.passwordEncoder.encode(""selim""));
		
		
		try {
			
			//create 2 Role, When Application run 1st time. if role is created before then it will not created again.
			Role role = new Role();
			role.setId(ApplicationConstants.ADMIN_USER_ID_HARDCODED_ID_VALUE);//role.setId(7001);
			role.setName(""ADMIN_USER"");
			
			Role role2 = new Role();
			role2.setId(ApplicationConstants.NORMAL_USER_ID_HARDCODED_ID_VALUE);//role.setId(7001);
			role2.setName(""NORMAL_USER"");
			
			List<Role> roles = List.of(role,role2);
			
			List<Role> rolesResult	 = this.roleRepository.saveAll(roles);
			
			//only systout for personal check.
			rolesResult.forEach(r->{
				System.out.println(r.getName());  
			});
			
			
		} catch (Exception e) {
			
		}
	}",2,"The code provides strong evidence of Spring Boot application bootstrapping, CommandLineRunner usage, database initialization, and repository interactions.",,
ITEM_083,JD_REACT_08,React TypeScript Fresher,Fresher,Personal Finance & Digital Banking Portal,"ReactJS, TypeScript, React Hook Form, Zod / Yup, Authentication & Axios Interceptors, Material UI / Ant Design / Shadcn UI / Tailwind CSS",sylvaincodes/youtube_ecommerce,components/modules/custom/Container.tsx,3,11,File: components/modules/custom/Container.tsx | Lines 3..11,"export default function Container({
  children,
  className,
}: {
  children: React.ReactNode;
  className?: string;
}) {
  return <div className={`container h-full w-full ${className}`}>{children}</div>;
}",0,This is a trivial wrapper component boilerplate with minimal children rendering and zero business logic or form handling.,,
ITEM_084,JD_REACT_08,React TypeScript Fresher,Fresher,Personal Finance & Digital Banking Portal,"ReactJS, TypeScript, React Hook Form, Zod / Yup, Authentication & Axios Interceptors, Material UI / Ant Design / Shadcn UI / Tailwind CSS",boxyhq/saas-starter-kit,components/account/UpdateName.tsx,1,50,File: components/account/UpdateName.tsx | Lines 1..50,"import { useFormik } from 'formik';
import toast from 'react-hot-toast';
import { useTranslation } from 'next-i18next';
import { Button, Input } from 'react-daisyui';

import type { ApiResponse } from 'types';
import { Card } from '@/components/shared';
import { defaultHeaders } from '@/lib/common';
import { User } from '@prisma/client';
import { useSession } from 'next-auth/react';
import { useRouter } from 'next/router';
import { updateAccountSchema } from '@/lib/zod';

const UpdateName = ({ user }: { user: Partial<User> }) => {
  const { t } = useTranslation('common');
  const { update } = useSession();
  const router = useRouter();

  const formik = useFormik({
    initialValues: {
      name: user.name,
    },
    validateOnBlur: false,
    enableReinitialize: true,
    validate: (values) => {
      try {
        updateAccountSchema.parse(values);
      } catch (error: any) {
        return error.formErrors.fieldErrors;
      }
    },
    onSubmit: async (values) => {
      const response = await fetch('/api/users', {
        method: 'PUT',
        headers: defaultHeaders,
        body: JSON.stringify(values),
      });

      if (!response.ok) {
        const json = (await response.json()) as ApiResponse;
        toast.error(json.error.message);
        return;
      }

      await update({
        name: values.name,
      });

      router.replace('/settings/account');
      toast.success(t('successfully-updated'));",2,"The component demonstrates advanced React form handling using Formik, Zod schema validation, session hooks, and API communication with error handling.",,
ITEM_085,JD_JAVA_12,Junior Java Developer,Junior,Enterprise Software & Financial Services,"Java 17, Spring Boot, JUnit 5 & Mockito, PostgreSQL/MySQL",mdtalalwasim/blog-application-spring-boot-rest-api,blog-application-springboot-rest-apis/src/main/java/com/mdtalalwasim/blog/app/controller/UserRestController.java,1,50,File: blog-application-springboot-rest-apis/src/main/java/com/mdtalalwasim/blog/app/controller/UserRestController.java | Lines 1..50,"package com.mdtalalwasim.blog.app.controller;

import java.util.List;
import java.util.Map;

import org.springframework.beans.factory.annotation.Autowired;
import org.springframework.http.HttpStatus;
import org.springframework.http.ResponseEntity;
import org.springframework.security.access.prepost.PreAuthorize;
import org.springframework.web.bind.annotation.DeleteMapping;
import org.springframework.web.bind.annotation.GetMapping;
import org.springframework.web.bind.annotation.PathVariable;
import org.springframework.web.bind.annotation.PostMapping;
import org.springframework.web.bind.annotation.PutMapping;
import org.springframework.web.bind.annotation.RequestBody;
import org.springframework.web.bind.annotation.RequestMapping;
import org.springframework.web.bind.annotation.RestController;

import com.mdtalalwasim.blog.app.payloads.ApiResponse;
import com.mdtalalwasim.blog.app.payloads.UserDto;
import com.mdtalalwasim.blog.app.services.UserService;

import jakarta.validation.Valid;

@RestController
@RequestMapping(""/api/users"")
public class UserRestController {
	
	@Autowired
	private UserService userService;
	
	
	//create user
	@PostMapping(""/"")
	public ResponseEntity<UserDto> createUser(@Valid @RequestBody UserDto userDto){
		UserDto createdUserDto = this.userService.createUser(userDto);
		return new ResponseEntity<>(createdUserDto,HttpStatus.CREATED);
		
	}
	
	//update user
	@PutMapping(""/{userId}"")
	public ResponseEntity<UserDto> updateUser(@Valid @RequestBody UserDto userDto, @PathVariable Integer userId){
		UserDto updatedUser = this.userService.updateUser(userDto, userId);
		//return new ResponseEntity<UserDto>(updatedUser,HttpStatus.OK);//or
		return  ResponseEntity.ok(updatedUser);
	}
	
	//to make access for only ADMIN ROLE.  
	//Admin can delete only",2,"The code shows a complete Spring Boot REST controller utilizing @RestController, @Valid DTO validation, service layer injection, and proper response entities.",,
ITEM_086,JD_JAVA_03,Java Backend Fresher,Fresher,Fintech & Payment Gateway,"Java, Spring Boot, Spring Data JPA, PostgreSQL, Redis",mdtalalwasim/blog-application-spring-boot-rest-api,blog-application-springboot-rest-apis/src/main/java/com/mdtalalwasim/blog/app/controller/UserRestController.java,1,50,File: blog-application-springboot-rest-apis/src/main/java/com/mdtalalwasim/blog/app/controller/UserRestController.java | Lines 1..50,"package com.mdtalalwasim.blog.app.controller;

import java.util.List;
import java.util.Map;

import org.springframework.beans.factory.annotation.Autowired;
import org.springframework.http.HttpStatus;
import org.springframework.http.ResponseEntity;
import org.springframework.security.access.prepost.PreAuthorize;
import org.springframework.web.bind.annotation.DeleteMapping;
import org.springframework.web.bind.annotation.GetMapping;
import org.springframework.web.bind.annotation.PathVariable;
import org.springframework.web.bind.annotation.PostMapping;
import org.springframework.web.bind.annotation.PutMapping;
import org.springframework.web.bind.annotation.RequestBody;
import org.springframework.web.bind.annotation.RequestMapping;
import org.springframework.web.bind.annotation.RestController;

import com.mdtalalwasim.blog.app.payloads.ApiResponse;
import com.mdtalalwasim.blog.app.payloads.UserDto;
import com.mdtalalwasim.blog.app.services.UserService;

import jakarta.validation.Valid;

@RestController
@RequestMapping(""/api/users"")
public class UserRestController {
	
	@Autowired
	private UserService userService;
	
	
	//create user
	@PostMapping(""/"")
	public ResponseEntity<UserDto> createUser(@Valid @RequestBody UserDto userDto){
		UserDto createdUserDto = this.userService.createUser(userDto);
		return new ResponseEntity<>(createdUserDto,HttpStatus.CREATED);
		
	}
	
	//update user
	@PutMapping(""/{userId}"")
	public ResponseEntity<UserDto> updateUser(@Valid @RequestBody UserDto userDto, @PathVariable Integer userId){
		UserDto updatedUser = this.userService.updateUser(userDto, userId);
		//return new ResponseEntity<UserDto>(updatedUser,HttpStatus.OK);//or
		return  ResponseEntity.ok(updatedUser);
	}
	
	//to make access for only ADMIN ROLE.  
	//Admin can delete only",2,"The code snippet provides strong evidence of Spring Boot controller implementation using @RestController, validation annotations, and request mapping for user operations.",,
ITEM_087,JD_REACT_09,Frontend Web Developer,Intern / Fresher,Service Discovery & Booking Platform,"ReactJS, TypeScript, React Router, Axios",HalseySpicy/Hooks-Admin,src/api/index.ts,25,88,File: src/api/index.ts | Lines 25..88,"public constructor(config: AxiosRequestConfig) {
		// 实例化axios
		this.service = axios.create(config);

		/**
		 * @description 请求拦截器
		 * 客户端发送请求 -> [请求拦截器] -> 服务器
		 * token校验(JWT) : 接受服务器返回的token,存储到redux/本地储存当中
		 */
		this.service.interceptors.request.use(
			(config: AxiosRequestConfig) => {
				NProgress.start();
				// * 将当前请求添加到 pending 中
				axiosCanceler.addPending(config);
				// * 如果当前请求不需要显示 loading,在api服务中通过指定的第三个参数: { headers: { noLoading: true } }来控制不显示loading，参见loginApi
				config.headers!.noLoading || showFullScreenLoading();
				const token: string = store.getState().global.token;
				return { ...config, headers: { ...config.headers, ""x-access-token"": token } };
			},
			(error: AxiosError) => {
				return Promise.reject(error);
			}
		);

		/**
		 * @description 响应拦截器
		 *  服务器换返回信息 -> [拦截统一处理] -> 客户端JS获取到信息
		 */
		this.service.interceptors.response.use(
			(response: AxiosResponse) => {
				const { data, config } = response;
				NProgress.done();
				// * 在请求结束后，移除本次请求(关闭loading)
				axiosCanceler.removePending(config);
				tryHideFullScreenLoading();
				// * 登录失效（code == 599）
				if (data.code == ResultEnum.OVERDUE) {
					store.dispatch(setToken(""""));
					message.error(data.msg);
					window.location.hash = ""/login"";
					return Promise.reject(data);
				}
				// * 全局错误信息拦截（防止下载文件得时候返回数据流，没有code，直接报错）
				if (data.code && data.code !== ResultEnum.SUCCESS) {
					message.error(data.msg);
					return Promise.reject(data);
				}
				// * 成功请求（在页面上除非特殊情况，否则不用处理失败逻辑）
				return data;
			},
			async (error: AxiosError) => {
				const { response } = error;
				NProgress.done();
				tryHideFullScreenLoading();
				// 请求超时单独判断，请求超时没有 response
				if (error.message.indexOf(""timeout"") !== -1) message.error(""请求超时，请稍后再试"");
				// 根据响应的错误状态码，做不同的处理
				if (response) checkStatus(response.status);
				// 服务器结果都没有返回(可能服务器错误可能客户端断网) 断网处理:可以跳转到断网页面
				if (!window.navigator.onLine) window.location.hash = ""/500"";
				return Promise.reject(error);
			}
		);
	}",2,"The snippet demonstrates advanced Axios configuration with TypeScript, implementing request/response interceptors for JWT token management and global error handling.",,
ITEM_088,JD_JAVA_13,Java Backend Fresher,Fresher,FoodTech & Delivery Platform,"Java, Spring Boot, Spring Security & JWT, MySQL & Spring Data JPA, RabbitMQ / Kafka",devdcores/BookStoreApp-Distributed-Application,bookstore-account-service/src/main/java/com/devd/spring/bookstoreaccountservice/config/AuthForwardInterceptor.java,1,29,File: bookstore-account-service/src/main/java/com/devd/spring/bookstoreaccountservice/config/AuthForwardInterceptor.java | Lines 1..29,"package com.devd.spring.bookstoreaccountservice.config;

import feign.RequestInterceptor;
import feign.RequestTemplate;
import java.util.Objects;
import javax.servlet.http.HttpServletRequest;
import org.springframework.http.HttpHeaders;
import org.springframework.stereotype.Component;
import org.springframework.web.context.request.RequestContextHolder;
import org.springframework.web.context.request.ServletRequestAttributes;

/**
 * @author: Devaraj Reddy, Date : 2019-07-02
 */

/*
This is required for Feign clients to make request to services.
It takes the token from header and set the header in the feign request header.
 */
@Component
public class AuthForwardInterceptor implements RequestInterceptor {

  @Override
  public void apply(RequestTemplate template) {
    HttpServletRequest request = ((ServletRequestAttributes) Objects
        .requireNonNull(RequestContextHolder.getRequestAttributes())).getRequest();
    template.header(HttpHeaders.AUTHORIZATION, request.getHeader(HttpHeaders.AUTHORIZATION));
  }
}",1,"Shows a basic Feign RequestInterceptor for forwarding HTTP authorization headers, which provides peripheral evidence for microservice communication.",,
ITEM_089,JD_JAVA_07,Java API Developer,Fresher,Real-time Messaging & Notification Services,"Java, Spring Boot, Spring WebSocket / STOMP, JWT & Spring Security, PostgreSQL / MySQL / MongoDB",mewebstudio/java-spring-boot-boilerplate,src/main/java/com/mewebstudio/javaspringbootboilerplate/controller/AccountController.java,66,106,File: src/main/java/com/mewebstudio/javaspringbootboilerplate/controller/AccountController.java | Lines 66..106,"@PostMapping(""/password"")
    @Operation(
        summary = ""Password update endpoint"",
        security = @SecurityRequirement(name = SECURITY_SCHEME_NAME),
        responses = {
            @ApiResponse(
                responseCode = ""200"",
                description = ""Successful operation"",
                content = @Content(
                    mediaType = ""application/json"",
                    schema = @Schema(implementation = SuccessResponse.class)
                )
            ),
            @ApiResponse(
                responseCode = ""401"",
                description = ""Bad credentials"",
                content = @Content(
                    mediaType = MediaType.APPLICATION_JSON_VALUE,
                    schema = @Schema(implementation = ErrorResponse.class)
                )
            ),
            @ApiResponse(
                responseCode = ""422"",
                description = ""Validation failed"",
                content = @Content(
                    mediaType = MediaType.APPLICATION_JSON_VALUE,
                    schema = @Schema(implementation = DetailedErrorResponse.class)
                )
            )
        }
    )
    public ResponseEntity<SuccessResponse> password(
        @Parameter(description = ""Request body to update password"", required = true)
        @RequestBody @Valid UpdatePasswordRequest request
    ) throws BindException {
        userService.updatePassword(request);

        return ResponseEntity.ok(SuccessResponse.builder()
            .message(messageSourceService.get(""your_password_updated""))
            .build());
    }",2,"Demonstrates a comprehensive Spring Boot REST controller endpoint annotated with OpenAPI/Swagger metadata, DTO validation, and exception response handling.",,
ITEM_090,JD_JAVA_07,Java API Developer,Fresher,Real-time Messaging & Notification Services,"Java, Spring Boot, Spring WebSocket / STOMP, JWT & Spring Security, PostgreSQL / MySQL / MongoDB",Rapter1990/parkinglot,src/main/java/com/project/parkinglot/config/OpenApiConfig.java,1,35,File: src/main/java/com/project/parkinglot/config/OpenApiConfig.java | Lines 1..35,"package com.project.parkinglot.config;

import io.swagger.v3.oas.annotations.OpenAPIDefinition;
import io.swagger.v3.oas.annotations.enums.SecuritySchemeIn;
import io.swagger.v3.oas.annotations.enums.SecuritySchemeType;
import io.swagger.v3.oas.annotations.info.Contact;
import io.swagger.v3.oas.annotations.info.Info;
import io.swagger.v3.oas.annotations.security.SecurityScheme;

/**
 * Configuration class named {@link OpenApiConfig} for OpenAPI documentation.
 */
@OpenAPIDefinition(
        info = @Info(
                contact = @Contact(
                        name = ""Sercan Noyan Germiyanoğlu | Mehmet Şeymus Yüzen | Harun Yusuf Ekşioğlu | Muhammet Oğuzhan Aydoğan"",
                        url = ""https://github.com/Rapter1990/parkinglot/""
                ),
                description = ""Case Study - Parking Lot "" +
                        ""(Spring Boot, Spring Security , Mysql, JUnit, Integration Test, Docker, Test Container, AOP, Prometheus, Grafana) "",
                title = ""Parking Lot App API"",
                version = ""1.0.0""
        )
)
@SecurityScheme(
        name = ""bearerAuth"",
        description = ""JWT Token"",
        scheme = ""bearer"",
        type = SecuritySchemeType.HTTP,
        bearerFormat = ""JWT"",
        in = SecuritySchemeIn.HEADER
)
public class OpenApiConfig {

}",1,"Contains a basic OpenAPI and security scheme configuration bean, which is peripheral boilerplate for API documentation.",,
ITEM_091,JD_REACT_03,Fullstack TypeScript Fresher,Fresher,Fullstack Web Application Development,"TypeScript, JavaScript (ES6+), ReactJS, Node.js / Express.js, JWT Authentication, MongoDB / PostgreSQL / MySQL",sylvaincodes/youtube_ecommerce,components/modules/custom/Container.tsx,1,11,File: components/modules/custom/Container.tsx | Lines 1..11,"import React from ""react"";

export default function Container({
  children,
  className,
}: {
  children: React.ReactNode;
  className?: string;
}) {
  return <div className={`container h-full w-full ${className}`}>{children}</div>;
}",0,Represents trivial React layout boilerplate with a simple wrapper div and zero complex business logic or hooks.,,
ITEM_092,JD_JAVA_12,Junior Java Developer,Junior,Enterprise Software & Financial Services,"Java 17, Spring Boot, JUnit 5 & Mockito, PostgreSQL/MySQL",rocketbase-io/commons-auth,commons-auth-api/src/main/java/io/rocketbase/commons/dto/appinvite/AppInviteRead.java,1,45,File: commons-auth-api/src/main/java/io/rocketbase/commons/dto/appinvite/AppInviteRead.java | Lines 1..45,"package io.rocketbase.commons.dto.appinvite;

import io.rocketbase.commons.model.HasFirstAndLastName;
import io.rocketbase.commons.model.HasKeyValue;
import io.swagger.v3.oas.annotations.media.Schema;
import lombok.*;

import java.time.Instant;
import java.util.List;
import java.util.Map;

/**
 * database entity representation of invited persons
 */
@Data
@Builder
@NoArgsConstructor
@AllArgsConstructor
@EqualsAndHashCode(of = ""id"")
@Schema(description = ""database entity representation of invited persons"")
public class AppInviteRead implements HasKeyValue, HasFirstAndLastName {
    private String id;

    @Schema(description = ""name that will get displayed to person within email"")
    private String invitor;

    @Schema(description = ""custom message to the invited person"")
    private String message;

    private String firstName;

    private String lastName;

    private String email;

    @Singular
    private List<String> roles;

    @Singular
    private Map<String, String> keyValues;

    private Instant created;

    private Instant expiration;
}",1,"Defines a Lombok-annotated Data Transfer Object (DTO) class with OpenAPI annotations, representing peripheral domain modeling without core service logic.",,
ITEM_093,JD_JAVA_06,Fresher Java Backend Engineer,Fresher,Digital Healthcare & Telemedicine,"Java 11/17, Spring Boot, Spring Data JPA, PostgreSQL/MySQL",Snailclimb/spring-security-jwt-guide,src/main/java/github/javaguide/springsecurityjwtguide/security/service/AuthService.java,1,50,File: src/main/java/github/javaguide/springsecurityjwtguide/security/service/AuthService.java | Lines 1..50,"package github.javaguide.springsecurityjwtguide.security.service;

import github.javaguide.springsecurityjwtguide.security.common.utils.CurrentUserUtil;
import github.javaguide.springsecurityjwtguide.security.common.utils.JwtTokenUtil;
import github.javaguide.springsecurityjwtguide.security.dto.LoginRequest;
import github.javaguide.springsecurityjwtguide.security.entity.JwtUser;
import github.javaguide.springsecurityjwtguide.system.entity.User;
import github.javaguide.springsecurityjwtguide.system.exception.UserNameNotFoundException;
import github.javaguide.springsecurityjwtguide.system.service.UserService;
import lombok.RequiredArgsConstructor;
import lombok.extern.slf4j.Slf4j;
import org.springframework.beans.factory.annotation.Autowired;
import org.springframework.data.redis.core.StringRedisTemplate;
import org.springframework.security.authentication.BadCredentialsException;
import org.springframework.security.core.Authentication;
import org.springframework.security.core.GrantedAuthority;
import org.springframework.security.core.context.SecurityContextHolder;
import org.springframework.stereotype.Service;

import java.util.List;
import java.util.stream.Collectors;

/**
 * @author shuang.kou
 **/
@Service
@RequiredArgsConstructor(onConstructor = @__(@Autowired))
@Slf4j
public class AuthService {
    private final UserService userService;
    private final StringRedisTemplate stringRedisTemplate;
    private final CurrentUserUtil currentUserUtil;

    public String createToken(LoginRequest loginRequest) {
        User user = userService.find(loginRequest.getUsername());
        if (!userService.check(loginRequest.getPassword(), user.getPassword())) {
            throw new BadCredentialsException(""The user name or password is not correct."");
        }
        JwtUser jwtUser = new JwtUser(user);
        if (!jwtUser.isEnabled()) {
            throw new BadCredentialsException(""User is forbidden to login"");
        }
        List<String> authorities = jwtUser.getAuthorities()
                .stream()
                .map(GrantedAuthority::getAuthority)
                .collect(Collectors.toList());
        String token = JwtTokenUtil.createToken(user.getUserName(), user.getId().toString(), authorities, loginRequest.getRememberMe());
        stringRedisTemplate.opsForValue().set(user.getId().toString(), token);
        return token;
    }",2,"Provides direct evidence of Spring service logic handling authentication, user verification, authorities mapping, and Redis integration for token storage.",,
ITEM_094,JD_REACT_07,Frontend Developer Intern/Fresher,Intern/Fresher,Real-Time Collaboration & Messaging,"ReactJS, TypeScript, WebSocket / Socket.io-client, Zustand / Redux Toolkit / React Context API, Tailwind CSS / SCSS",JordanKnott/taskcafe,frontend/src/shared/components/Admin/index.tsx,201,250,File: frontend/src/shared/components/Admin/index.tsx | Lines 201..250,"
const TabContentWrapper = styled.div`
  position: relative;
  display: block;
  overflow: hidden;
  width: 100%;
  margin-left: 1rem;
`;

const TabContent = styled.div`
  position: relative;
  width: 100%;
  display: block;
  padding: 0;
  padding: 1.5rem;
  background-color: #10163a;
  border-radius: 0.5rem;
`;

const items = [{ name: 'Members' }];

export const RoleCheckmark = styled(Checkmark)`
  padding-left: 4px;
`;

const permissions = [
  {
    code: 'owner',
    name: 'Owner',
    description:
      'Can view, create and edit team projects, and change settings for the team. Will have admin rights on all projects in this team. Can delete the team and all team projects.',
  },
  {
    code: 'admin',
    name: 'Admin',
    description:
      'Can view, create and edit team projects, and change settings for the team. Will have admin rights on all projects in this team.',
  },

  { code: 'member', name: 'Member', description: 'Can view, create, and edit team projects, but not change settings.' },
];

export const RoleName = styled.div`
  font-size: 14px;
  font-weight: 700;
`;
export const RoleDescription = styled.div`
  margin-top: 4px;
  font-size: 14px;
`;",0,"Consists of styled-component definitions and static arrays for UI roles, lacking any functional React state or WebSocket/Redux implementation logic.",,
ITEM_095,JD_JAVA_03,Java Backend Fresher,Fresher,Fintech & Payment Gateway,"Java, Spring Boot, Spring Data JPA, PostgreSQL, Redis",Snailclimb/spring-security-jwt-guide,src/main/java/github/javaguide/springsecurityjwtguide/security/service/AuthService.java,1,50,File: src/main/java/github/javaguide/springsecurityjwtguide/security/service/AuthService.java | Lines 1..50,"package github.javaguide.springsecurityjwtguide.security.service;

import github.javaguide.springsecurityjwtguide.security.common.utils.CurrentUserUtil;
import github.javaguide.springsecurityjwtguide.security.common.utils.JwtTokenUtil;
import github.javaguide.springsecurityjwtguide.security.dto.LoginRequest;
import github.javaguide.springsecurityjwtguide.security.entity.JwtUser;
import github.javaguide.springsecurityjwtguide.system.entity.User;
import github.javaguide.springsecurityjwtguide.system.exception.UserNameNotFoundException;
import github.javaguide.springsecurityjwtguide.system.service.UserService;
import lombok.RequiredArgsConstructor;
import lombok.extern.slf4j.Slf4j;
import org.springframework.beans.factory.annotation.Autowired;
import org.springframework.data.redis.core.StringRedisTemplate;
import org.springframework.security.authentication.BadCredentialsException;
import org.springframework.security.core.Authentication;
import org.springframework.security.core.GrantedAuthority;
import org.springframework.security.core.context.SecurityContextHolder;
import org.springframework.stereotype.Service;

import java.util.List;
import java.util.stream.Collectors;

/**
 * @author shuang.kou
 **/
@Service
@RequiredArgsConstructor(onConstructor = @__(@Autowired))
@Slf4j
public class AuthService {
    private final UserService userService;
    private final StringRedisTemplate stringRedisTemplate;
    private final CurrentUserUtil currentUserUtil;

    public String createToken(LoginRequest loginRequest) {
        User user = userService.find(loginRequest.getUsername());
        if (!userService.check(loginRequest.getPassword(), user.getPassword())) {
            throw new BadCredentialsException(""The user name or password is not correct."");
        }
        JwtUser jwtUser = new JwtUser(user);
        if (!jwtUser.isEnabled()) {
            throw new BadCredentialsException(""User is forbidden to login"");
        }
        List<String> authorities = jwtUser.getAuthorities()
                .stream()
                .map(GrantedAuthority::getAuthority)
                .collect(Collectors.toList());
        String token = JwtTokenUtil.createToken(user.getUserName(), user.getId().toString(), authorities, loginRequest.getRememberMe());
        stringRedisTemplate.opsForValue().set(user.getId().toString(), token);
        return token;
    }",2,"Demonstrates strong backend competencies including Spring Service implementation, Redis caching/template operations, and security credential checks.",,
ITEM_096,JD_REACT_09,Frontend Web Developer,Intern / Fresher,Service Discovery & Booking Platform,"ReactJS, TypeScript, React Router, Axios",devdcores/BookStoreApp-Distributed-Application,bookstore-account-service/src/main/java/com/devd/spring/bookstoreaccountservice/config/AuthForwardInterceptor.java,1,29,File: bookstore-account-service/src/main/java/com/devd/spring/bookstoreaccountservice/config/AuthForwardInterceptor.java | Lines 1..29,"package com.devd.spring.bookstoreaccountservice.config;

import feign.RequestInterceptor;
import feign.RequestTemplate;
import java.util.Objects;
import javax.servlet.http.HttpServletRequest;
import org.springframework.http.HttpHeaders;
import org.springframework.stereotype.Component;
import org.springframework.web.context.request.RequestContextHolder;
import org.springframework.web.context.request.ServletRequestAttributes;

/**
 * @author: Devaraj Reddy, Date : 2019-07-02
 */

/*
This is required for Feign clients to make request to services.
It takes the token from header and set the header in the feign request header.
 */
@Component
public class AuthForwardInterceptor implements RequestInterceptor {

  @Override
  public void apply(RequestTemplate template) {
    HttpServletRequest request = ((ServletRequestAttributes) Objects
        .requireNonNull(RequestContextHolder.getRequestAttributes())).getRequest();
    template.header(HttpHeaders.AUTHORIZATION, request.getHeader(HttpHeaders.AUTHORIZATION));
  }
}",1,"The code provides a Spring Cloud OpenFeign RequestInterceptor configuration to forward auth headers, which is peripheral to front-end ReactJS/TypeScript development skills.",,
ITEM_097,JD_REACT_05,Next.js & TypeScript Frontend Developer,Fresher / Junior,High-Performance Web & Digital Commerce,"ReactJS, TypeScript, Next.js, Tailwind CSS, RESTful API / GraphQL",Blazity/next-enterprise,app/page.tsx,1,50,File: app/page.tsx | Lines 1..50,"import { Metadata } from ""next""
import { Button } from ""components/Button/Button""

import { LP_GRID_ITEMS } from ""lp-items""

export const metadata: Metadata = {
  title: ""Next.js Enterprise Boilerplate"",
  twitter: {
    card: ""summary_large_image"",
  },
  openGraph: {
    url: ""https://next-enterprise.vercel.app/"",
    images: [
      {
        width: 1200,
        height: 630,
        url: ""https://raw.githubusercontent.com/Blazity/next-enterprise/main/.github/assets/project-logo.png"",
      },
    ],
  },
}

export default function Web() {
  return (
    <>
      <section className=""bg-white dark:bg-gray-900"">
        <div className=""mx-auto grid max-w-(--breakpoint-xl) px-4 py-8 text-center lg:py-16"">
          <div className=""mx-auto place-self-center"">
            <h1 className=""mb-4 max-w-2xl text-4xl leading-none font-extrabold tracking-tight md:text-5xl xl:text-6xl dark:text-white"">
              Next.js Enterprise Boilerplate
            </h1>
            <p className=""mb-6 max-w-2xl font-light text-gray-500 md:text-lg lg:mb-8 lg:text-xl dark:text-gray-400"">
              Jumpstart your enterprise project with our feature-packed, high-performance Next.js boilerplate!
              Experience rapid UI development, AI-powered code reviews, and an extensive suite of tools for a smooth and
              enjoyable development process.
            </p>
            <Button href=""https://github.com/Blazity/next-enterprise"" className=""mr-3"">
              Get started
            </Button>
            <Button
              href=""https://vercel.com/new/git/external?repository-url=https://github.com/Blazity/next-enterprise""
              intent=""secondary""
            >
              Deploy Now
            </Button>
          </div>
        </div>
      </section>
      <section className=""bg-white dark:bg-gray-900"">
        <div className=""mx-auto max-w-(--breakpoint-xl) px-4 py-8 sm:py-16 lg:px-6"">",1,"The snippet contains basic Next.js page rendering and metadata configuration using Tailwind CSS, but is cut off early before implementing complex components or API consumption.",,
ITEM_098,JD_JAVA_02,Junior Java Developer,Intern/Fresher,Enterprise Web & HRM Systems,"Java, Spring Boot, Spring Data JPA, PostgreSQL, JUnit",hoangtien2k3/ecommerce-microservices,auth-service/src/main/java/com/ecommerce/authservice/controller/RoleController.java,1,50,File: auth-service/src/main/java/com/ecommerce/authservice/controller/RoleController.java | Lines 1..50,"package com.ecommerce.authservice.controller;

import com.ecommerce.authservice.service.RoleService;
import com.ecommerce.commonlib.constants.ApiPaths;
import com.ecommerce.commonlib.exception.BusinessException;
import com.ecommerce.commonlib.exception.ErrorCode;
import com.ecommerce.commonlib.viewmodel.ApiResponse;
import jakarta.validation.constraints.NotBlank;
import lombok.RequiredArgsConstructor;
import org.springframework.security.access.prepost.PreAuthorize;
import org.springframework.validation.annotation.Validated;
import org.springframework.web.bind.annotation.GetMapping;
import org.springframework.web.bind.annotation.PathVariable;
import org.springframework.web.bind.annotation.PostMapping;
import org.springframework.web.bind.annotation.RequestBody;
import org.springframework.web.bind.annotation.RequestMapping;
import org.springframework.web.bind.annotation.RestController;

import org.slf4j.Logger;
import org.slf4j.LoggerFactory;
import java.util.List;

@RestController
@RequestMapping(ApiPaths.ROLES)
@RequiredArgsConstructor
@Validated
public class RoleController {

    private static final Logger log = LoggerFactory.getLogger(RoleController.class);

    private final RoleService roleService;

    @PostMapping(""/users/{userId}/assign"")
    @PreAuthorize(""hasAuthority('ADMIN')"")
    public ApiResponse<Void> assignRoles(@PathVariable Long userId,
                                         @RequestBody @NotBlank String roleNames) {
        if (!roleService.assignRole(userId, roleNames)) {
            throw BusinessException.of(ErrorCode.CONFLICT);
        }
        return ApiResponse.message(""Roles assigned to user "" + userId);
    }

    @PostMapping(""/users/{userId}/revoke"")
    @PreAuthorize(""hasAuthority('ADMIN')"")
    public ApiResponse<Void> revokeRoles(@PathVariable Long userId,
                                         @RequestBody @NotBlank String roleNames) {
        if (!roleService.revokeRole(userId, roleNames)) {
            throw BusinessException.of(ErrorCode.CONFLICT);
        }
        return ApiResponse.message(""Roles revoked from user "" + userId);",2,"The code shows a robust Spring Boot REST controller utilizing Spring Security's @PreAuthorize, DTO/validation constraints, and service delegation, matching Java enterprise requirements.",,
ITEM_099,JD_REACT_02,ReactJS / TypeScript Intern,Intern/Fresher,Digital Media & Streaming SPA,"HTML5/CSS3, JavaScript (ES6+), TypeScript, ReactJS",JordanKnott/taskcafe,frontend/src/shared/components/Checklist/index.tsx,481,530,File: frontend/src/shared/components/Checklist/index.tsx | Lines 481..530,"type ChecklistTitleEditorProps = {
  name: string;
  onChangeName: (item: string) => void;
  onCancel: () => void;
};

const ChecklistTitleEditor = React.forwardRef(
  ({ name, onChangeName, onCancel }: ChecklistTitleEditorProps, $name: any) => {
    const [currentName, setCurrentName] = useState(name);
    return (
      <>
        <ChecklistNameEditor
          ref={$name}
          value={currentName}
          onChange={e => {
            setCurrentName(e.currentTarget.value);
          }}
          onKeyDown={e => {
            if (e.key === 'Enter') {
              onChangeName(currentName);
            }
          }}
        />
        <EditControls>
          <SaveButton
            onClick={() => {
              onChangeName(currentName);
            }}
            variant=""relief""
          >
            Save
          </SaveButton>
          <CancelButton
            onClick={e => {
              e.stopPropagation();
              onCancel();
            }}
          >
            <Cross width={20} height={20} />
          </CancelButton>
        </EditControls>
      </>
    );
  },
);
type ChecklistProps = {
  checklistID: string;
  onDeleteChecklist: ($target: React.RefObject<HTMLElement>, checklistID: string) => void;
  name: string;
  children: React.ReactNode;",2,"The component demonstrates strong React and TypeScript competencies by using React.forwardRef, custom state hooks, keyboard event handlers, and strongly typed component props.",,
ITEM_100,JD_JAVA_07,Java API Developer,Fresher,Real-time Messaging & Notification Services,"Java, Spring Boot, Spring WebSocket / STOMP, JWT & Spring Security, PostgreSQL / MySQL / MongoDB",mewebstudio/java-spring-boot-boilerplate,src/main/java/com/mewebstudio/javaspringbootboilerplate/controller/AccountController.java,39,64,File: src/main/java/com/mewebstudio/javaspringbootboilerplate/controller/AccountController.java | Lines 39..64,"@GetMapping(""/me"")
    @Operation(
        summary = ""Me endpoint"",
        security = @SecurityRequirement(name = SECURITY_SCHEME_NAME),
        responses = {
            @ApiResponse(
                responseCode = ""200"",
                description = ""Successful operation"",
                content = @Content(
                    mediaType = ""application/json"",
                    schema = @Schema(implementation = UserResponse.class)
                )
            ),
            @ApiResponse(
                responseCode = ""401"",
                description = ""Bad credentials"",
                content = @Content(
                    mediaType = MediaType.APPLICATION_JSON_VALUE,
                    schema = @Schema(implementation = ErrorResponse.class)
                )
            )
        }
    )
    public ResponseEntity<UserResponse> me() {
        return ResponseEntity.ok(UserResponse.convert(userService.getUser()));
    }",1,"The snippet features a basic Swagger-documented Spring Boot GET endpoint delegating to a service, offering limited evidence of advanced Spring WebSocket or security configuration.",,
ITEM_101,JD_JAVA_12,Junior Java Developer,Junior,Enterprise Software & Financial Services,"Java 17, Spring Boot, JUnit 5 & Mockito, PostgreSQL/MySQL",f-lab-edu/fast-shoppers,src/main/java/com/fastshoppers/entity/Product.java,1,50,File: src/main/java/com/fastshoppers/entity/Product.java | Lines 1..50,"package com.fastshoppers.entity;

import java.math.BigDecimal;

import org.springframework.data.jpa.domain.support.AuditingEntityListener;

import jakarta.persistence.AttributeOverride;
import jakarta.persistence.Column;
import jakarta.persistence.Entity;
import jakarta.persistence.EntityListeners;
import jakarta.persistence.FetchType;
import jakarta.persistence.JoinColumn;
import jakarta.persistence.ManyToOne;
import jakarta.persistence.Table;
import lombok.AllArgsConstructor;
import lombok.Getter;
import lombok.NoArgsConstructor;
import lombok.Setter;
import lombok.ToString;

@Entity
@AttributeOverride(name = ""id"", column = @Column(name = ""product_id"", nullable = false))
@Table(name = ""product"")
@Getter
@Setter
@NoArgsConstructor
@AllArgsConstructor
@EntityListeners(AuditingEntityListener.class)
@ToString
public class Product extends BaseEntity {

	@Column(name = ""product_uuid"", nullable = false, unique = true)
	private String productUuid;

	@ManyToOne(fetch = FetchType.LAZY)
	@JoinColumn(name = ""category_id"", nullable = false)
	private Category category;

	@Column(name = ""product_name"", length = 255, nullable = false)
	private String productName;

	@Column(name = ""product_subtitle"", length = 255)
	private String productSubtitle;

	@Column(name = ""list_price"", nullable = false)
	private BigDecimal listPrice;

	@Column(name = ""selling_price"", nullable = false)
	private BigDecimal sellingPrice;
",1,"The code represents a standard JPA entity class with boilerplate annotations and an auditing listener, containing no complex repository or business logic methods.",,
ITEM_102,JD_JAVA_08,Junior Java Software Engineer,Junior,Logistics & Fleet Management,"Java 17, Spring Boot, Spring Data JPA, MySQL/PostgreSQL, MapStruct, Bean Validation",osopromadze/Spring-Boot-Blog-REST-API,src/main/java/com/sopromadze/blogapi/BlogApiApplication.java,1,38,File: src/main/java/com/sopromadze/blogapi/BlogApiApplication.java | Lines 1..38,"package com.sopromadze.blogapi;

import com.sopromadze.blogapi.security.JwtAuthenticationFilter;
import org.modelmapper.ModelMapper;
import org.springframework.boot.SpringApplication;
import org.springframework.boot.autoconfigure.SpringBootApplication;
import org.springframework.boot.autoconfigure.domain.EntityScan;
import org.springframework.context.annotation.Bean;
import org.springframework.data.convert.Jsr310Converters;

import javax.annotation.PostConstruct;
import java.util.TimeZone;

@SpringBootApplication
@EntityScan(basePackageClasses = { BlogApiApplication.class, Jsr310Converters.class })

public class BlogApiApplication {

	public static void main(String[] args) {
		SpringApplication.run(BlogApiApplication.class, args);
	}

	@PostConstruct
	void init() {
		TimeZone.setDefault(TimeZone.getTimeZone(""UTC""));
	}

	@Bean
	public JwtAuthenticationFilter jwtAuthenticationFilter() {
		return new JwtAuthenticationFilter();
	}

	@Bean
	public ModelMapper modelMapper() {
		return new ModelMapper();
	}

}",1,"The file contains main application startup configuration and simple bean definitions (ModelMapper, filter), which constitute basic application setup.",,
ITEM_103,JD_JAVA_06,Fresher Java Backend Engineer,Fresher,Digital Healthcare & Telemedicine,"Java 11/17, Spring Boot, Spring Data JPA, PostgreSQL/MySQL",devdcores/BookStoreApp-Distributed-Application,bookstore-account-service/src/main/java/com/devd/spring/bookstoreaccountservice/config/AuthForwardInterceptor.java,1,29,File: bookstore-account-service/src/main/java/com/devd/spring/bookstoreaccountservice/config/AuthForwardInterceptor.java | Lines 1..29,"package com.devd.spring.bookstoreaccountservice.config;

import feign.RequestInterceptor;
import feign.RequestTemplate;
import java.util.Objects;
import javax.servlet.http.HttpServletRequest;
import org.springframework.http.HttpHeaders;
import org.springframework.stereotype.Component;
import org.springframework.web.context.request.RequestContextHolder;
import org.springframework.web.context.request.ServletRequestAttributes;

/**
 * @author: Devaraj Reddy, Date : 2019-07-02
 */

/*
This is required for Feign clients to make request to services.
It takes the token from header and set the header in the feign request header.
 */
@Component
public class AuthForwardInterceptor implements RequestInterceptor {

  @Override
  public void apply(RequestTemplate template) {
    HttpServletRequest request = ((ServletRequestAttributes) Objects
        .requireNonNull(RequestContextHolder.getRequestAttributes())).getRequest();
    template.header(HttpHeaders.AUTHORIZATION, request.getHeader(HttpHeaders.AUTHORIZATION));
  }
}",1,"The snippet implements a Feign RequestInterceptor for auth header forwarding, which is a standard configuration utility rather than core business logic.",,
ITEM_104,JD_REACT_06,Junior ReactJS Developer,Junior,Productivity & Collaborative Kanban System,"ReactJS, TypeScript, Redux Toolkit / Zustand, React Hook Form & Zod/Yup, Tailwind CSS / CSS-in-JS",devias-io/material-kit-react,src/components/auth/reset-password-form.tsx,1,50,File: src/components/auth/reset-password-form.tsx | Lines 1..50,"'use client';

import * as React from 'react';
import { zodResolver } from '@hookform/resolvers/zod';
import Alert from '@mui/material/Alert';
import Button from '@mui/material/Button';
import FormControl from '@mui/material/FormControl';
import FormHelperText from '@mui/material/FormHelperText';
import InputLabel from '@mui/material/InputLabel';
import OutlinedInput from '@mui/material/OutlinedInput';
import Stack from '@mui/material/Stack';
import Typography from '@mui/material/Typography';
import { Controller, useForm } from 'react-hook-form';
import { z as zod } from 'zod';

import { authClient } from '@/lib/auth/client';

const schema = zod.object({ email: zod.string().min(1, { message: 'Email is required' }).email() });

type Values = zod.infer<typeof schema>;

const defaultValues = { email: '' } satisfies Values;

export function ResetPasswordForm(): React.JSX.Element {
  const [isPending, setIsPending] = React.useState<boolean>(false);

  const {
    control,
    handleSubmit,
    setError,
    formState: { errors },
  } = useForm<Values>({ defaultValues, resolver: zodResolver(schema) });

  const onSubmit = React.useCallback(
    async (values: Values): Promise<void> => {
      setIsPending(true);

      const { error } = await authClient.resetPassword(values);

      if (error) {
        setError('root', { type: 'server', message: error });
        setIsPending(false);
        return;
      }

      setIsPending(false);

      // Redirect to confirm password reset
    },
    [setError]",2,"The component provides strong evidence of React and TypeScript competency by implementing form handling with react-hook-form, Zod schema validation, and state management hooks.",,
ITEM_105,JD_JAVA_15,Java Backend Fresher,Fresher,Retail & Warehouse Inventory Management,"Java 17, Spring Boot, Spring Data JPA, MySQL/PostgreSQL, JWT",devdcores/BookStoreApp-Distributed-Application,bookstore-account-service/src/main/java/com/devd/spring/bookstoreaccountservice/config/AuthForwardInterceptor.java,1,29,File: bookstore-account-service/src/main/java/com/devd/spring/bookstoreaccountservice/config/AuthForwardInterceptor.java | Lines 1..29,"package com.devd.spring.bookstoreaccountservice.config;

import feign.RequestInterceptor;
import feign.RequestTemplate;
import java.util.Objects;
import javax.servlet.http.HttpServletRequest;
import org.springframework.http.HttpHeaders;
import org.springframework.stereotype.Component;
import org.springframework.web.context.request.RequestContextHolder;
import org.springframework.web.context.request.ServletRequestAttributes;

/**
 * @author: Devaraj Reddy, Date : 2019-07-02
 */

/*
This is required for Feign clients to make request to services.
It takes the token from header and set the header in the feign request header.
 */
@Component
public class AuthForwardInterceptor implements RequestInterceptor {

  @Override
  public void apply(RequestTemplate template) {
    HttpServletRequest request = ((ServletRequestAttributes) Objects
        .requireNonNull(RequestContextHolder.getRequestAttributes())).getRequest();
    template.header(HttpHeaders.AUTHORIZATION, request.getHeader(HttpHeaders.AUTHORIZATION));
  }
}",1,"The code snippet is a Feign request interceptor configuration for forwarding authorization headers, acting as a peripheral utility rather than core backend business logic.",,
ITEM_106,JD_JAVA_03,Java Backend Fresher,Fresher,Fintech & Payment Gateway,"Java, Spring Boot, Spring Data JPA, PostgreSQL, Redis",f-lab-edu/fast-shoppers,src/main/java/com/fastshoppers/entity/Product.java,1,50,File: src/main/java/com/fastshoppers/entity/Product.java | Lines 1..50,"package com.fastshoppers.entity;

import java.math.BigDecimal;

import org.springframework.data.jpa.domain.support.AuditingEntityListener;

import jakarta.persistence.AttributeOverride;
import jakarta.persistence.Column;
import jakarta.persistence.Entity;
import jakarta.persistence.EntityListeners;
import jakarta.persistence.FetchType;
import jakarta.persistence.JoinColumn;
import jakarta.persistence.ManyToOne;
import jakarta.persistence.Table;
import lombok.AllArgsConstructor;
import lombok.Getter;
import lombok.NoArgsConstructor;
import lombok.Setter;
import lombok.ToString;

@Entity
@AttributeOverride(name = ""id"", column = @Column(name = ""product_id"", nullable = false))
@Table(name = ""product"")
@Getter
@Setter
@NoArgsConstructor
@AllArgsConstructor
@EntityListeners(AuditingEntityListener.class)
@ToString
public class Product extends BaseEntity {

	@Column(name = ""product_uuid"", nullable = false, unique = true)
	private String productUuid;

	@ManyToOne(fetch = FetchType.LAZY)
	@JoinColumn(name = ""category_id"", nullable = false)
	private Category category;

	@Column(name = ""product_name"", length = 255, nullable = false)
	private String productName;

	@Column(name = ""product_subtitle"", length = 255)
	private String productSubtitle;

	@Column(name = ""list_price"", nullable = false)
	private BigDecimal listPrice;

	@Column(name = ""selling_price"", nullable = false)
	private BigDecimal sellingPrice;
",2,"The snippet provides valid evidence of Java and Spring Data JPA competencies through standard entity annotations (@Entity, @Table, @ManyToOne) and auditing integration for a fintech backend.",,
ITEM_107,JD_JAVA_12,Junior Java Developer,Junior,Enterprise Software & Financial Services,"Java 17, Spring Boot, JUnit 5 & Mockito, PostgreSQL/MySQL",f-lab-edu/fast-shoppers,src/main/java/com/fastshoppers/entity/BaseEntity.java,1,48,File: src/main/java/com/fastshoppers/entity/BaseEntity.java | Lines 1..48,"package com.fastshoppers.entity;

import java.time.LocalDateTime;

import org.springframework.data.annotation.CreatedDate;
import org.springframework.data.annotation.LastModifiedDate;
import org.springframework.data.jpa.domain.support.AuditingEntityListener;

import com.fastshoppers.util.BooleanToCharConverter;

import jakarta.persistence.Column;
import jakarta.persistence.Convert;
import jakarta.persistence.EntityListeners;
import jakarta.persistence.GeneratedValue;
import jakarta.persistence.GenerationType;
import jakarta.persistence.Id;
import jakarta.persistence.MappedSuperclass;
import lombok.AllArgsConstructor;
import lombok.Getter;
import lombok.NoArgsConstructor;
import lombok.Setter;
import lombok.ToString;

@Getter
@Setter
@NoArgsConstructor
@AllArgsConstructor
@ToString
@EntityListeners(AuditingEntityListener.class)
@MappedSuperclass
public class BaseEntity {

	@Id
	@GeneratedValue(strategy = GenerationType.IDENTITY)
	private int id;

	@CreatedDate
	@Column(name = ""created_at"", nullable = false)
	private LocalDateTime createdAt;

	@LastModifiedDate
	@Column(name = ""updated_at"", nullable = false)
	private LocalDateTime updatedAt;

	@Column(name = ""delete_yn"", nullable = false, length = 1, columnDefinition = ""char(1)"")
	@Convert(converter = BooleanToCharConverter.class)
	private boolean deleteYn;
}",2,Demonstrates strong Java persistence and JPA mapping fundamentals using Spring Data auditing annotations and converter utilities in a base entity class.,,
ITEM_108,JD_REACT_07,Frontend Developer Intern/Fresher,Intern/Fresher,Real-Time Collaboration & Messaging,"ReactJS, TypeScript, WebSocket / Socket.io-client, Zustand / Redux Toolkit / React Context API, Tailwind CSS / SCSS",hoangtien2k3/ecommerce-microservices,auth-service/src/main/java/com/ecommerce/authservice/controller/AuthController.java,121,137,File: auth-service/src/main/java/com/ecommerce/authservice/controller/AuthController.java | Lines 121..137,"
    /** Anti open-redirect: only bounce to a pre-registered frontend callback. */
    private String resolveFrontendRedirect(String requested) {
        if (StringUtils.hasText(requested) && ssoProperties.getAllowedRedirectUris().contains(requested)) {
            return requested;
        }
        return ssoProperties.getDefaultFrontendRedirect();
    }

    private static ResponseEntity<Void> redirectTo(String url) {
        return ResponseEntity.status(HttpStatus.FOUND).location(URI.create(url)).build();
    }

    private static String appendQuery(String url, String key, String value) {
        return UriComponentsBuilder.fromUriString(url).queryParam(key, value).build().encode().toUriString();
    }
}",0,"The code snippet is Java backend code (Spring Controller utility methods) while the job description requires frontend ReactJS, TypeScript, and WebSocket skills.",,
ITEM_109,JD_REACT_02,ReactJS / TypeScript Intern,Intern/Fresher,Digital Media & Streaming SPA,"HTML5/CSS3, JavaScript (ES6+), TypeScript, ReactJS",ZahraMirzaei/online-shop,components/carousel/Slide.tsx,1,40,File: components/carousel/Slide.tsx | Lines 1..40,"import React from ""react"";
import Link from ""next/link"";
import { useLanguage } from ""../../hooks/useLanguage"";

interface Props {
  ID?: number;
  title: string;
  description: string;
  bgImg: string;
  url: string;
}
const Slide: React.FC<Props> = ({ title, description, bgImg, url }) => {
  const { t } = useLanguage();

  return (
    <>
      <div
        className={`relative w-[100%] h-[50vh] md:h-[70vh] bg-cover bg-center bg-no-repeat`}
        style={{ backgroundImage: `${bgImg}` }}
      >
        <Link href={url}>
          <a className=""block"">
            <div
              className={`backdrop-filter backdrop-blur-[12px] bg-palette-card/60 p-3 md:p-8 lg:p-10 shadow-lg md:overflow-hidden ltr:text-left rtl:text-right rounded-md md:w-[60%] lg:w-[50%] md:mt-auto absolute bottom-0 md:top-[45%] md:right-[25%] md:bottom-auto`}
            >
              <h3 className=""text-lg md:text-2xl lg:text-3xl font-medium"">
                {t[`${title}`]}
              </h3>
              <p className=""text-[13px] md:text-lg mt-2 md:mt-4 lg:mt-8"">
                {t[`${description}`]}
              </p>
            </div>
          </a>
        </Link>
      </div>
    </>
  );
};

export default Slide;",2,"Provides clear, direct evidence of ReactJS and TypeScript proficiency through a typed functional component, custom hook usage, and Tailwind CSS styling.",,
ITEM_110,JD_JAVA_02,Junior Java Developer,Intern/Fresher,Enterprise Web & HRM Systems,"Java, Spring Boot, Spring Data JPA, PostgreSQL, JUnit",krkarma777/online-store,src/main/java/com/bulkpurchase/domain/repository/GlobalDiscountRepository.java,1,10,File: src/main/java/com/bulkpurchase/domain/repository/GlobalDiscountRepository.java | Lines 1..10,"package com.bulkpurchase.domain.repository;

import com.bulkpurchase.domain.entity.discount.GlobalDiscount;
import org.springframework.data.jpa.repository.JpaRepository;
import org.springframework.stereotype.Repository;

@Repository
public interface GlobalDiscountRepository extends JpaRepository<GlobalDiscount, Long> {

}",1,"Represents a simple Spring Data JPA repository interface with standard boilerplate inheritance, providing peripheral evidence of database interaction without core business logic.",,
ITEM_111,JD_JAVA_12,Junior Java Developer,Junior,Enterprise Software & Financial Services,"Java 17, Spring Boot, JUnit 5 & Mockito, PostgreSQL/MySQL",Snailclimb/spring-security-jwt-guide,src/main/java/github/javaguide/springsecurityjwtguide/security/service/AuthService.java,1,50,File: src/main/java/github/javaguide/springsecurityjwtguide/security/service/AuthService.java | Lines 1..50,"package github.javaguide.springsecurityjwtguide.security.service;

import github.javaguide.springsecurityjwtguide.security.common.utils.CurrentUserUtil;
import github.javaguide.springsecurityjwtguide.security.common.utils.JwtTokenUtil;
import github.javaguide.springsecurityjwtguide.security.dto.LoginRequest;
import github.javaguide.springsecurityjwtguide.security.entity.JwtUser;
import github.javaguide.springsecurityjwtguide.system.entity.User;
import github.javaguide.springsecurityjwtguide.system.exception.UserNameNotFoundException;
import github.javaguide.springsecurityjwtguide.system.service.UserService;
import lombok.RequiredArgsConstructor;
import lombok.extern.slf4j.Slf4j;
import org.springframework.beans.factory.annotation.Autowired;
import org.springframework.data.redis.core.StringRedisTemplate;
import org.springframework.security.authentication.BadCredentialsException;
import org.springframework.security.core.Authentication;
import org.springframework.security.core.GrantedAuthority;
import org.springframework.security.core.context.SecurityContextHolder;
import org.springframework.stereotype.Service;

import java.util.List;
import java.util.stream.Collectors;

/**
 * @author shuang.kou
 **/
@Service
@RequiredArgsConstructor(onConstructor = @__(@Autowired))
@Slf4j
public class AuthService {
    private final UserService userService;
    private final StringRedisTemplate stringRedisTemplate;
    private final CurrentUserUtil currentUserUtil;

    public String createToken(LoginRequest loginRequest) {
        User user = userService.find(loginRequest.getUsername());
        if (!userService.check(loginRequest.getPassword(), user.getPassword())) {
            throw new BadCredentialsException(""The user name or password is not correct."");
        }
        JwtUser jwtUser = new JwtUser(user);
        if (!jwtUser.isEnabled()) {
            throw new BadCredentialsException(""User is forbidden to login"");
        }
        List<String> authorities = jwtUser.getAuthorities()
                .stream()
                .map(GrantedAuthority::getAuthority)
                .collect(Collectors.toList());
        String token = JwtTokenUtil.createToken(user.getUserName(), user.getId().toString(), authorities, loginRequest.getRememberMe());
        stringRedisTemplate.opsForValue().set(user.getId().toString(), token);
        return token;
    }",2,"Exhibits strong Java and Spring Boot service layer logic with robust exception handling, Spring Security authentication checks, and Redis integration.",,
ITEM_112,JD_REACT_03,Fullstack TypeScript Fresher,Fresher,Fullstack Web Application Development,"TypeScript, JavaScript (ES6+), ReactJS, Node.js / Express.js, JWT Authentication, MongoDB / PostgreSQL / MySQL",DevlinRocha/banter,src/components/Members.tsx,1,50,File: src/components/Members.tsx | Lines 1..50,"import { useEffect, useRef, useState, Fragment } from ""react"";
import { query, collection, onSnapshot } from ""firebase/firestore"";
import { db } from ""../../firebase"";
import tw from ""tailwind-styled-components/dist/tailwind"";
import {
  useServersState,
  setMembers,
  setMemberProfileCardOpen,
  setMemberProfileCardPosition,
  setMemberRoles,
  MemberRole,
  MemberInfo,
  RoleData,
  MemberData,
  setMemberPreview,
  RoleListData,
} from ""../features/servers"";
import { useAppDispatch } from ""../redux/hooks"";
import Image from ""next/image"";

export default function Members() {
  const { server, members, memberRoles, memberProfileCardOpen } =
    useServersState();
  const memberRef = useRef<HTMLLIElement[]>([]);
  const [assignedRoles, setAssignedRoles] = useState<RoleListData[]>([]);
  const [unassignedRoles, setUnassignedRoles] = useState<MemberData[]>([]);
  const dispatch = useAppDispatch();

  useEffect(() => {
    if (!server.serverID) return;

    const q = query(collection(db, ""servers"", server.serverID, ""members""));

    const unsubscribe = onSnapshot(q, (querySnapshot) => {
      const memberRolesList: MemberRole[] = [];

      querySnapshot.forEach((doc) => {
        const docData = doc.data();

        const memberRoles: MemberRole = {
          userID: doc.id,

          serverOwner: docData.serverOwner,

          roles: docData.roles,

          // permissions: docData.permissions,
        };

        memberRolesList.push(memberRoles);",2,"Demonstrates strong ReactJS and TypeScript fullstack/frontend skills using React hooks, Redux hooks, Firebase real-time subscriptions, and typed state management.",,
ITEM_113,JD_REACT_09,Frontend Web Developer,Intern / Fresher,Service Discovery & Booking Platform,"ReactJS, TypeScript, React Router, Axios",hoangtien2k3/ecommerce-microservices,auth-service/src/main/java/com/ecommerce/authservice/controller/AuthController.java,121,137,File: auth-service/src/main/java/com/ecommerce/authservice/controller/AuthController.java | Lines 121..137,"
    /** Anti open-redirect: only bounce to a pre-registered frontend callback. */
    private String resolveFrontendRedirect(String requested) {
        if (StringUtils.hasText(requested) && ssoProperties.getAllowedRedirectUris().contains(requested)) {
            return requested;
        }
        return ssoProperties.getDefaultFrontendRedirect();
    }

    private static ResponseEntity<Void> redirectTo(String url) {
        return ResponseEntity.status(HttpStatus.FOUND).location(URI.create(url)).build();
    }

    private static String appendQuery(String url, String key, String value) {
        return UriComponentsBuilder.fromUriString(url).queryParam(key, value).build().encode().toUriString();
    }
}",0,"The snippet contains Java Spring MVC controller code, which is irrelevant to the Frontend Web Developer position requiring ReactJS and TypeScript.",,
ITEM_114,JD_REACT_07,Frontend Developer Intern/Fresher,Intern/Fresher,Real-Time Collaboration & Messaging,"ReactJS, TypeScript, WebSocket / Socket.io-client, Zustand / Redux Toolkit / React Context API, Tailwind CSS / SCSS",hoangtien2k3/ecommerce-microservices,auth-service/src/main/java/com/ecommerce/authservice/controller/AuthController.java,81,130,File: auth-service/src/main/java/com/ecommerce/authservice/controller/AuthController.java | Lines 81..130,"            @RequestParam(value = ""error"", required = false) String error) {

        // User denied consent or Keycloak returned an error → bounce back with the reason.
        if (StringUtils.hasText(error)) {
            return redirectTo(appendQuery(ssoProperties.getDefaultFrontendRedirect(), ""error"", error));
        }

        String frontendRedirect = ssoSessionStore.consumeLoginState(state);
        KeycloakTokenResponse tokens = keycloakAuthClient.exchangeAuthorizationCode(code, ssoProperties.getBackendCallbackUrl());
        String ticket = ssoSessionStore.storeTokens(tokens);

        return redirectTo(appendQuery(frontendRedirect, ""ticket"", ticket));
    }

    /**
     * Step 3. Frontend swaps the single-use ticket for the actual tokens (JSON).
     */
    @GetMapping(""/session"")
    public ApiResponse<KeycloakTokenResponse> ssoSession(@RequestParam(""ticket"") String ticket) {
        return ApiResponse.ok(ssoSessionStore.consumeTokens(ticket));
    }

    // ------------------------------------------------------------------
    // Token lifecycle (still used by the frontend interceptor / logout)
    // ------------------------------------------------------------------

    @PostMapping(""/refresh"")
    public ApiResponse<KeycloakTokenResponse> refreshToken(@Valid @RequestBody RefreshTokenRequest request) {
        return ApiResponse.ok(keycloakAuthClient.refreshToken(request.getRefreshToken()));
    }

    @PostMapping(""/logout"")
    public ApiResponse<Void> logout(@Valid @RequestBody RefreshTokenRequest request) {
        keycloakAuthClient.logout(request.getRefreshToken());
        return ApiResponse.message(""Logout successful"");
    }

    // ------------------------------------------------------------------
    // Internals
    // ------------------------------------------------------------------

    /** Anti open-redirect: only bounce to a pre-registered frontend callback. */
    private String resolveFrontendRedirect(String requested) {
        if (StringUtils.hasText(requested) && ssoProperties.getAllowedRedirectUris().contains(requested)) {
            return requested;
        }
        return ssoProperties.getDefaultFrontendRedirect();
    }

    private static ResponseEntity<Void> redirectTo(String url) {",0,"The snippet consists of Java Spring Boot REST endpoints and backend logic, which does not match the frontend-focused job description requirements.",,
ITEM_115,JD_REACT_08,React TypeScript Fresher,Fresher,Personal Finance & Digital Banking Portal,"ReactJS, TypeScript, React Hook Form, Zod / Yup, Authentication & Axios Interceptors, Material UI / Ant Design / Shadcn UI / Tailwind CSS",sudeepmahato16/movie-app,src/pages/Catalog/components/Search.tsx,9,40,File: src/pages/Catalog/components/Search.tsx | Lines 9..40,"const Search: React.FC<SearchProps> = ({ setQuery }) => {
  const { category } = useParams();
  const [search, setSearch] = useState<string>("""");

  const handleSubmit = (e: React.FormEvent) => {
    e.preventDefault();
    if (!search) return;
    setQuery({ search });
    setSearch("""");
  };

  return (
    <form
      className=""text-[14px] lg:py-10 md:pt-9 md:pb-10 sm:pt-8 sm:pb-10  pt-6 pb-8 flex flex-row items-center justify-center""
      onSubmit={handleSubmit}
    >
      <input
        type=""text""
        className=""py-[8px] pl-[20px] pr-[36px]  rounded-full outline-none w-[300px] md:w-[340px]  shadow-md transition-all duration-300 focus:shadow-sm text-[#666] focus:bg-[#ffffff] bg-[#fdfdfd] font-medium dark:bg-[#302d3a] dark:text-primary dark:focus:bg-[#474550]""
        onChange={(e) => setSearch(e.target.value)}
        value={search}
        placeholder={`Search ${category === ""movie"" ? ""movies"" : ""tv series""}`}
      />
      <button
        type=""submit""
        className=""text-[18px] -ml-[32px] text-[#ff0000] z-[1]""
      >
        <GoSearch />
      </button>
    </form>
  );
};",2,"Provides direct, observable evidence of ReactJS and TypeScript skills through a functional component utilizing hooks, router parameters, form submission, and Tailwind CSS styling.",,
ITEM_116,JD_REACT_03,Fullstack TypeScript Fresher,Fresher,Fullstack Web Application Development,"TypeScript, JavaScript (ES6+), ReactJS, Node.js / Express.js, JWT Authentication, MongoDB / PostgreSQL / MySQL",RishiBakshii/mern-chat-app,next-js-frontend/src/app/auth/login/page.tsx,39,51,File: next-js-frontend/src/app/auth/login/page.tsx | Lines 39..51,"export default function LoginPage() {


  return (
    <>
    <div className=""flex flex-col gap-y-8"">
      <h3 className=""text-4xl font-bold text-fluid-h3"">Login</h3>
      <SocialLogin googleLink={`${process.env.NEXT_PUBLIC_BASE_URL}/auth/google`} />
    </div>
    <LoginForm/>
    </>
  );
}",1,"The component renders basic JSX structure for a login page with a social login link and form component, but lacks complex state management or detailed TypeScript typing for form handling.",,
ITEM_117,JD_JAVA_14,Backend Engineer (Java / Spring Boot),Intern/Fresher,HRTech & Recruitment Job Portal,"Java Core, Spring Boot, Spring Data JPA, Spring Security & JWT, PostgreSQL / MySQL",mdtalalwasim/blog-application-spring-boot-rest-api,blog-application-springboot-rest-apis/src/main/java/com/mdtalalwasim/blog/app/controller/UserRestController.java,1,50,File: blog-application-springboot-rest-apis/src/main/java/com/mdtalalwasim/blog/app/controller/UserRestController.java | Lines 1..50,"package com.mdtalalwasim.blog.app.controller;

import java.util.List;
import java.util.Map;

import org.springframework.beans.factory.annotation.Autowired;
import org.springframework.http.HttpStatus;
import org.springframework.http.ResponseEntity;
import org.springframework.security.access.prepost.PreAuthorize;
import org.springframework.web.bind.annotation.DeleteMapping;
import org.springframework.web.bind.annotation.GetMapping;
import org.springframework.web.bind.annotation.PathVariable;
import org.springframework.web.bind.annotation.PostMapping;
import org.springframework.web.bind.annotation.PutMapping;
import org.springframework.web.bind.annotation.RequestBody;
import org.springframework.web.bind.annotation.RequestMapping;
import org.springframework.web.bind.annotation.RestController;

import com.mdtalalwasim.blog.app.payloads.ApiResponse;
import com.mdtalalwasim.blog.app.payloads.UserDto;
import com.mdtalalwasim.blog.app.services.UserService;

import jakarta.validation.Valid;

@RestController
@RequestMapping(""/api/users"")
public class UserRestController {
	
	@Autowired
	private UserService userService;
	
	
	//create user
	@PostMapping(""/"")
	public ResponseEntity<UserDto> createUser(@Valid @RequestBody UserDto userDto){
		UserDto createdUserDto = this.userService.createUser(userDto);
		return new ResponseEntity<>(createdUserDto,HttpStatus.CREATED);
		
	}
	
	//update user
	@PutMapping(""/{userId}"")
	public ResponseEntity<UserDto> updateUser(@Valid @RequestBody UserDto userDto, @PathVariable Integer userId){
		UserDto updatedUser = this.userService.updateUser(userDto, userId);
		//return new ResponseEntity<UserDto>(updatedUser,HttpStatus.OK);//or
		return  ResponseEntity.ok(updatedUser);
	}
	
	//to make access for only ADMIN ROLE.  
	//Admin can delete only",2,"Provides strong evidence of Spring Boot REST controllers with proper @RestController annotations, @Valid DTO request validation, and service layer delegation.",,
ITEM_118,JD_REACT_06,Junior ReactJS Developer,Junior,Productivity & Collaborative Kanban System,"ReactJS, TypeScript, Redux Toolkit / Zustand, React Hook Form & Zod/Yup, Tailwind CSS / CSS-in-JS",mdtalalwasim/blog-application-spring-boot-rest-api,blog-application-springboot-rest-apis/src/main/java/com/mdtalalwasim/blog/app/controller/CommentController.java,26,33,File: blog-application-springboot-rest-apis/src/main/java/com/mdtalalwasim/blog/app/controller/CommentController.java | Lines 26..33,"@PostMapping(""/post/{postId}/comments"")
	public ResponseEntity<CommentDto> createComment(@RequestBody CommentDto commentDto, @PathVariable(""postId"") Integer postId){
		
		CommentDto createComment = this.commentService.createComment(commentDto, postId);
		
		return new ResponseEntity<CommentDto>(createComment,HttpStatus.CREATED);
		
	}",1,"Shows a basic comment creation endpoint method, but is truncated and only provides peripheral or simple CRUD delegation evidence without full service implementation.",,
ITEM_119,JD_JAVA_10,Fresher Backend Developer,Fresher,Hospitality & Online Travel Agency (OTA),"Java 17, Spring Boot, Spring Security, Spring Data JPA, MySQL / PostgreSQL, Redis",huseynovvusal/spring-blog-api,src/main/java/com/huseynovvusal/springblogapi/config/OpenAPIConfiguration.java,22,40,File: src/main/java/com/huseynovvusal/springblogapi/config/OpenAPIConfiguration.java | Lines 22..40,"@Bean
  public OpenAPI defineOpenApi() {
    Server server = new Server();
    server.setUrl(serverUrl);
    server.setDescription(serverDescription);

    SecurityScheme securityScheme =
        new SecurityScheme().type(SecurityScheme.Type.HTTP).scheme(""bearer"").bearerFormat(""JWT"");

    Info information =
        new Info()
            .title(""Spring Blog API"")
            .version(""1.0"")
            .description(""Find all API endpoints and related info here..."");
    return new OpenAPI()
        .info(information)
        .servers(List.of(server))
        .components(new Components().addSecuritySchemes(""bearerAuth"", securityScheme));
  }",1,"Contains standard configuration code for OpenAPI/Swagger documentation with JWT security scheme definition, which represents peripheral/configuration evidence rather than core business logic.",,
ITEM_120,JD_JAVA_03,Java Backend Fresher,Fresher,Fintech & Payment Gateway,"Java, Spring Boot, Spring Data JPA, PostgreSQL, Redis",devdcores/BookStoreApp-Distributed-Application,bookstore-account-service/src/main/java/com/devd/spring/bookstoreaccountservice/config/AuthForwardInterceptor.java,1,29,File: bookstore-account-service/src/main/java/com/devd/spring/bookstoreaccountservice/config/AuthForwardInterceptor.java | Lines 1..29,"package com.devd.spring.bookstoreaccountservice.config;

import feign.RequestInterceptor;
import feign.RequestTemplate;
import java.util.Objects;
import javax.servlet.http.HttpServletRequest;
import org.springframework.http.HttpHeaders;
import org.springframework.stereotype.Component;
import org.springframework.web.context.request.RequestContextHolder;
import org.springframework.web.context.request.ServletRequestAttributes;

/**
 * @author: Devaraj Reddy, Date : 2019-07-02
 */

/*
This is required for Feign clients to make request to services.
It takes the token from header and set the header in the feign request header.
 */
@Component
public class AuthForwardInterceptor implements RequestInterceptor {

  @Override
  public void apply(RequestTemplate template) {
    HttpServletRequest request = ((ServletRequestAttributes) Objects
        .requireNonNull(RequestContextHolder.getRequestAttributes())).getRequest();
    template.header(HttpHeaders.AUTHORIZATION, request.getHeader(HttpHeaders.AUTHORIZATION));
  }
}",2,Demonstrates direct implementation of a Spring Cloud OpenFeign RequestInterceptor to propagate JWT authentication tokens across microservices.,,
ITEM_121,JD_REACT_06,Junior ReactJS Developer,Junior,Productivity & Collaborative Kanban System,"ReactJS, TypeScript, Redux Toolkit / Zustand, React Hook Form & Zod/Yup, Tailwind CSS / CSS-in-JS",sylvaincodes/youtube_ecommerce,components/modules/custom/Col.tsx,3,13,File: components/modules/custom/Col.tsx | Lines 3..13,"export default function Col({
  children,
  className,
}: {
  children: React.ReactNode;
  className?: string;
}) {
  return <div className={`flex flex-col h-full w-full   ${className}`}>{
    children
  }</div>;
}",0,"Trivial wrapper component with zero business logic or significant state/prop handling, falling under boilerplate UI components.",,
ITEM_122,JD_REACT_02,ReactJS / TypeScript Intern,Intern/Fresher,Digital Media & Streaming SPA,"HTML5/CSS3, JavaScript (ES6+), TypeScript, ReactJS",ZahraMirzaei/online-shop,components/carousel/Arrows.tsx,1,38,File: components/carousel/Arrows.tsx | Lines 1..38,"import React from ""react"";

interface Props {
  className?: string;
  style?: any;
  onClick?: () => void;
  to: string;
}
export const NextArrow: React.FC<Props> = ({
  className,
  style,
  onClick,
  to,
}) => {
  return (
    <div
      className={`${className} z-10 w-12 md:w-16 lg:w-28 h-full pt-10 !flex items-center justify-center ltr:left-auto ltr:right-0 rtl:right-auto rtl:left-0  hover:bg-palette-card/10 drop-shadow-lg before:content-['']`}
      style={{ ...style }}
      onClick={onClick}
      aria-label={to}
    />
  );
};
export const PrevArrow: React.FC<Props> = ({
  className,
  style,
  onClick,
  to,
}) => {
  return (
    <div
      className={`${className} z-10 w-12 md:w-16 lg:w-28 h-full pt-10 !flex items-center justify-center ltr:left-0 ltr:right-auto rtl:right-0 rtl:left-auto before:text-[20px] lg:before:text-[30px] before:content-[''] hover:bg-palette-card/10 drop-shadow-lg`}
      style={{ ...style }}
      onClick={onClick}
      aria-label={to}
    />
  );
};",0,"Boilerplate UI layout wrapper/arrow components for carousels with empty default onClick handlers and styling, containing no business logic.",,
ITEM_123,JD_REACT_09,Frontend Web Developer,Intern / Fresher,Service Discovery & Booking Platform,"ReactJS, TypeScript, React Router, Axios",HalseySpicy/Hooks-Admin,src/api/index.ts,1,50,File: src/api/index.ts | Lines 1..50,"import NProgress from ""@/config/nprogress"";
import axios, { AxiosInstance, AxiosError, AxiosRequestConfig, AxiosResponse } from ""axios"";
import { showFullScreenLoading, tryHideFullScreenLoading } from ""@/config/serviceLoading"";
import { ResultData } from ""@/api/interface"";
import { ResultEnum } from ""@/enums/httpEnum"";
import { checkStatus } from ""./helper/checkStatus"";
import { AxiosCanceler } from ""./helper/axiosCancel"";
import { setToken } from ""@/redux/modules/global/action"";
import { message } from ""antd"";
import { store } from ""@/redux"";

const axiosCanceler = new AxiosCanceler();

const config = {
	// 默认地址请求地址，可在 .env 开头文件中修改
	baseURL: import.meta.env.VITE_API_URL as string,
	// 设置超时时间（10s）
	timeout: 10000,
	// 跨域时候允许携带凭证
	withCredentials: true
};

class RequestHttp {
	service: AxiosInstance;
	public constructor(config: AxiosRequestConfig) {
		// 实例化axios
		this.service = axios.create(config);

		/**
		 * @description 请求拦截器
		 * 客户端发送请求 -> [请求拦截器] -> 服务器
		 * token校验(JWT) : 接受服务器返回的token,存储到redux/本地储存当中
		 */
		this.service.interceptors.request.use(
			(config: AxiosRequestConfig) => {
				NProgress.start();
				// * 将当前请求添加到 pending 中
				axiosCanceler.addPending(config);
				// * 如果当前请求不需要显示 loading,在api服务中通过指定的第三个参数: { headers: { noLoading: true } }来控制不显示loading，参见loginApi
				config.headers!.noLoading || showFullScreenLoading();
				const token: string = store.getState().global.token;
				return { ...config, headers: { ...config.headers, ""x-access-token"": token } };
			},
			(error: AxiosError) => {
				return Promise.reject(error);
			}
		);

		/**
		 * @description 响应拦截器",2,"Provides strong evidence of advanced TypeScript and Axios configuration, including request and response interceptors, JWT token attachment, and centralized error handling.",,
ITEM_124,JD_JAVA_04,Java Microservices Fresher,Fresher,Distributed Systems & Supply Chain,"Java 17+, Spring Boot, Apache Kafka, Spring Data JPA, MySQL/PostgreSQL, Docker / Docker Compose",mewebstudio/java-spring-boot-boilerplate,src/main/java/com/mewebstudio/javaspringbootboilerplate/controller/AccountController.java,1,50,File: src/main/java/com/mewebstudio/javaspringbootboilerplate/controller/AccountController.java | Lines 1..50,"package com.mewebstudio.javaspringbootboilerplate.controller;

import com.mewebstudio.javaspringbootboilerplate.dto.request.user.UpdatePasswordRequest;
import com.mewebstudio.javaspringbootboilerplate.dto.response.DetailedErrorResponse;
import com.mewebstudio.javaspringbootboilerplate.dto.response.ErrorResponse;
import com.mewebstudio.javaspringbootboilerplate.dto.response.SuccessResponse;
import com.mewebstudio.javaspringbootboilerplate.dto.response.user.UserResponse;
import com.mewebstudio.javaspringbootboilerplate.service.MessageSourceService;
import com.mewebstudio.javaspringbootboilerplate.service.UserService;
import io.swagger.v3.oas.annotations.Operation;
import io.swagger.v3.oas.annotations.Parameter;
import io.swagger.v3.oas.annotations.media.Content;
import io.swagger.v3.oas.annotations.media.Schema;
import io.swagger.v3.oas.annotations.responses.ApiResponse;
import io.swagger.v3.oas.annotations.security.SecurityRequirement;
import io.swagger.v3.oas.annotations.tags.Tag;
import jakarta.validation.Valid;
import lombok.RequiredArgsConstructor;
import org.springframework.http.MediaType;
import org.springframework.http.ResponseEntity;
import org.springframework.validation.BindException;
import org.springframework.web.bind.annotation.GetMapping;
import org.springframework.web.bind.annotation.PostMapping;
import org.springframework.web.bind.annotation.RequestBody;
import org.springframework.web.bind.annotation.RequestMapping;
import org.springframework.web.bind.annotation.RestController;

import static com.mewebstudio.javaspringbootboilerplate.util.Constants.SECURITY_SCHEME_NAME;

@RestController
@RequiredArgsConstructor
@RequestMapping(""/account"")
@Tag(name = ""002. Account"", description = ""Account API"")
public class AccountController extends AbstractBaseController {
    private final UserService userService;

    private final MessageSourceService messageSourceService;

    @GetMapping(""/me"")
    @Operation(
        summary = ""Me endpoint"",
        security = @SecurityRequirement(name = SECURITY_SCHEME_NAME),
        responses = {
            @ApiResponse(
                responseCode = ""200"",
                description = ""Successful operation"",
                content = @Content(
                    mediaType = ""application/json"",
                    schema = @Schema(implementation = UserResponse.class)
                )",2,"Contains robust Spring Boot REST controller implementation annotated with Swagger documentation, security requirements, and dependency injection using Lombok.",,
ITEM_125,JD_REACT_08,React TypeScript Fresher,Fresher,Personal Finance & Digital Banking Portal,"ReactJS, TypeScript, React Hook Form, Zod / Yup, Authentication & Axios Interceptors, Material UI / Ant Design / Shadcn UI / Tailwind CSS",JordanKnott/taskcafe,frontend/src/shared/components/Checklist/index.tsx,1,50,File: frontend/src/shared/components/Checklist/index.tsx | Lines 1..50,"import React, { useState, useRef, useEffect } from 'react';
import styled from 'styled-components';
import { CheckSquare, Trash, Square, CheckSquareOutline, Clock, Cross, AccountPlus } from 'shared/icons';
import { DragDropContext, Droppable, Draggable, DropResult } from 'react-beautiful-dnd';
import {
  isPositionChanged,
  getSortedDraggables,
  getNewDraggablePosition,
  getAfterDropDraggableList,
} from 'shared/utils/draggables';
import Button from 'shared/components/Button';
import TextareaAutosize from 'react-autosize-textarea';
import Control from 'react-select/src/components/Control';
import useOnOutsideClick from 'shared/hooks/onOutsideClick';
import { mixin } from 'shared/utils/styles';

const Wrapper = styled.div`
  margin-bottom: 24px;
`;

const WindowTitle = styled.div`
  padding: 8px 0;
  position: relative;
  margin: 0 0 4px 40px;
`;

const WindowTitleIcon = styled(CheckSquareOutline)`
  top: 10px;
  left: -32px;
  position: absolute;
`;

const WindowChecklistTitle = styled.div`
  display: flex;
  justify-content: space-between;
  align-items: center;
  flex-flow: row wrap;
`;

const WindowTitleText = styled.h3`
  cursor: pointer;
  color: ${props => props.theme.colors.text.primary};
  margin: 6px 0;
  display: inline-block;
  width: auto;
  min-height: 18px;
  font-size: 16px;
  line-height: 20px;
  min-width: 40px;
`;",1,"Shows React component styling using styled-components and react-beautiful-dnd imports, but the snippet cuts off before any complex hooks or core checklist business logic are rendered.",,
ITEM_126,JD_JAVA_08,Junior Java Software Engineer,Junior,Logistics & Fleet Management,"Java 17, Spring Boot, Spring Data JPA, MySQL/PostgreSQL, MapStruct, Bean Validation",huseynovvusal/spring-blog-api,src/main/java/com/huseynovvusal/springblogapi/config/SecurityConfig.java,98,105,File: src/main/java/com/huseynovvusal/springblogapi/config/SecurityConfig.java | Lines 98..105,"@Bean
  public FilterRegistrationBean<JwtAuthenticationFilter> disableJwtServletFilter(
      JwtAuthenticationFilter filter) {
    FilterRegistrationBean<JwtAuthenticationFilter> registration =
        new FilterRegistrationBean<>(filter);
    registration.setEnabled(false);
    return registration;
  }",2,"The snippet directly uses Spring Boot annotations and filter registration mechanisms, showing hands-on experience with Spring configuration and security filters.",,
ITEM_127,JD_JAVA_06,Fresher Java Backend Engineer,Fresher,Digital Healthcare & Telemedicine,"Java 11/17, Spring Boot, Spring Data JPA, PostgreSQL/MySQL",mewebstudio/java-spring-boot-boilerplate,src/main/java/com/mewebstudio/javaspringbootboilerplate/controller/AccountController.java,108,145,File: src/main/java/com/mewebstudio/javaspringbootboilerplate/controller/AccountController.java | Lines 108..145,"@GetMapping(""/resend-email-verification"")
    @Operation(
        summary = ""Resend e-mail verification endpoint"",
        security = @SecurityRequirement(name = SECURITY_SCHEME_NAME),
        responses = {
            @ApiResponse(
                responseCode = ""200"",
                description = ""Successful operation"",
                content = @Content(
                    mediaType = ""application/json"",
                    schema = @Schema(implementation = SuccessResponse.class)
                )
            ),
            @ApiResponse(
                responseCode = ""400"",
                description = ""Bad request"",
                content = @Content(
                    mediaType = MediaType.APPLICATION_JSON_VALUE,
                    schema = @Schema(implementation = ErrorResponse.class)
                )
            ),
            @ApiResponse(
                responseCode = ""401"",
                description = ""Bad credentials"",
                content = @Content(
                    mediaType = MediaType.APPLICATION_JSON_VALUE,
                    schema = @Schema(implementation = ErrorResponse.class)
                )
            )
        }
    )
    public ResponseEntity<SuccessResponse> resendEmailVerificationMail() {
        userService.resendEmailVerificationMail();

        return ResponseEntity.ok(SuccessResponse.builder()
            .message(messageSourceService.get(""verification_email_sent""))
            .build());
    }",2,The code snippet provides strong evidence of Spring Boot controller implementation using OpenAPI documentation annotations and dependency-injected service calls.,,
ITEM_128,JD_REACT_07,Frontend Developer Intern/Fresher,Intern/Fresher,Real-Time Collaboration & Messaging,"ReactJS, TypeScript, WebSocket / Socket.io-client, Zustand / Redux Toolkit / React Context API, Tailwind CSS / SCSS",JordanKnott/taskcafe,frontend/src/shared/components/Admin/index.tsx,1,50,File: frontend/src/shared/components/Admin/index.tsx | Lines 1..50,"import React, { useState, useRef } from 'react';
import styled, { css } from 'styled-components';
import TaskAssignee from 'shared/components/TaskAssignee';
import Select from 'shared/components/Select';
import { User, UserPlus, Checkmark } from 'shared/icons';
import { usePopup, Popup } from 'shared/components/PopupMenu';
import { RoleCode, useUpdateUserRoleMutation } from 'shared/generated/graphql';
import Input from 'shared/components/Input';
import Button from 'shared/components/Button';
import NOOP from 'shared/utils/noop';
import { mixin } from 'shared/utils/styles';

const UserSelect = styled(Select)`
  margin: 8px 0;
  padding: 8px 0;
`;

const NewUserPassInput = styled(Input)`
  margin: 8px 0;
`;

const InviteMemberButton = styled(Button)`
  padding: 7px 12px;
`;

const UserPassBar = styled.div`
  display: flex;
  padding-top: 8px;
`;

const UserPassConfirmButton = styled(Button)`
  width: 100%;
  padding: 7px 12px;
`;

const UserPassButton = styled(Button)`
  width: 50%;
  padding: 7px 12px;
  & ~ & {
    margin-left: 6px;
  }
`;

const MemberItemOptions = styled.div``;

const MemberItemOption = styled(Button)`
  padding: 7px 9px;
  margin: 4px 0 4px 8px;
  float: left;
  min-width: 95px;",1,"The code provides peripheral evidence of React component development with styled-components, but is cut off early, missing deeper business logic or custom hook implementation.",,
ITEM_129,JD_REACT_02,ReactJS / TypeScript Intern,Intern/Fresher,Digital Media & Streaming SPA,"HTML5/CSS3, JavaScript (ES6+), TypeScript, ReactJS",Blazity/next-enterprise,components/Button/Button.test.tsx,1,32,File: components/Button/Button.test.tsx | Lines 1..32,"import { render, screen } from ""@testing-library/react""
import { describe, expect, it } from ""vitest""
import { Button } from ""./Button""

describe(""Button"", () => {
  it(""renders with children"", () => {
    render(<Button href=""/test"">Click me</Button>)
    expect(screen.getByText(""Click me"")).toBeInTheDocument()
  })

  it(""applies correct intent classes"", () => {
    const { container } = render(
      <Button href=""/test"" intent=""secondary"">
        Secondary
      </Button>
    )
    const link = container.querySelector(""a"")
    expect(link).toHaveClass(""bg-transparent"")
    expect(link).toHaveClass(""text-blue-400"")
  })

  it(""applies correct size classes"", () => {
    const { container } = render(
      <Button href=""/test"" size=""sm"">
        Small
      </Button>
    )
    const link = container.querySelector(""a"")
    expect(link).toHaveClass(""text-sm"")
    expect(link).toHaveClass(""min-w-20"")
  })
})",2,"The snippet demonstrates valid React testing practices using Testing Library and Vitest, confirming competency in frontend component behavior verification.",,
ITEM_130,JD_REACT_09,Frontend Web Developer,Intern / Fresher,Service Discovery & Booking Platform,"ReactJS, TypeScript, React Router, Axios",mdtalalwasim/blog-application-spring-boot-rest-api,blog-application-springboot-rest-apis/src/main/java/com/mdtalalwasim/blog/app/config/SwaggerConfig.java,14,25,File: blog-application-springboot-rest-apis/src/main/java/com/mdtalalwasim/blog/app/config/SwaggerConfig.java | Lines 14..25,"@Bean
	public OpenAPI openAPI() {
		  
		 
		return new OpenAPI()
				.info(new Info().title(""Blog Application Beckend API"")
						.description(""This is blog application project api and Developed by Md. Talal Wasim"")
						.version(""1.0"")
						.contact(new Contact().name(""Md. Talal Wasim"").email(""md.talalwasim@gmail.com"").url(""https://mdtalalwasim.github.io/""))
						.license(new License().name(""Licence""))
						).externalDocs(new ExternalDocumentation().url(""https://mdtalalwasim.github.io/"").description(""This is external url""));
	}",1,"This code represents a standard configuration bean setup for Swagger/OpenAPI, which is peripheral and boilerplate evidence for a frontend developer role.",,
ITEM_131,JD_JAVA_11,Java Backend Developer,Fresher / Junior,Social Network & Technical Blogging Platform,"Java 17, Spring Boot 3, Spring Security 6, Spring Data JPA / Hibernate, PostgreSQL, Git",mdtalalwasim/blog-application-spring-boot-rest-api,blog-application-springboot-rest-apis/src/main/java/com/mdtalalwasim/blog/app/config/SwaggerConfig.java,1,27,File: blog-application-springboot-rest-apis/src/main/java/com/mdtalalwasim/blog/app/config/SwaggerConfig.java | Lines 1..27," package com.mdtalalwasim.blog.app.config;

import org.springframework.context.annotation.Bean;
import org.springframework.context.annotation.Configuration;

import io.swagger.v3.oas.models.ExternalDocumentation;
import io.swagger.v3.oas.models.OpenAPI;
import io.swagger.v3.oas.models.info.Contact;
import io.swagger.v3.oas.models.info.Info;
import io.swagger.v3.oas.models.info.License;
@Configuration
public class SwaggerConfig {
	
	@Bean
	public OpenAPI openAPI() {
		  
		 
		return new OpenAPI()
				.info(new Info().title(""Blog Application Beckend API"")
						.description(""This is blog application project api and Developed by Md. Talal Wasim"")
						.version(""1.0"")
						.contact(new Contact().name(""Md. Talal Wasim"").email(""md.talalwasim@gmail.com"").url(""https://mdtalalwasim.github.io/""))
						.license(new License().name(""Licence""))
						).externalDocs(new ExternalDocumentation().url(""https://mdtalalwasim.github.io/"").description(""This is external url""));
	}

}",1,"The code snippet is a basic Swagger configuration class, representing standard API documentation setup rather than core business logic.",,
ITEM_132,JD_REACT_05,Next.js & TypeScript Frontend Developer,Fresher / Junior,High-Performance Web & Digital Commerce,"ReactJS, TypeScript, Next.js, Tailwind CSS, RESTful API / GraphQL",Blazity/next-enterprise,app/page.tsx,23,66,File: app/page.tsx | Lines 23..66,"export default function Web() {
  return (
    <>
      <section className=""bg-white dark:bg-gray-900"">
        <div className=""mx-auto grid max-w-(--breakpoint-xl) px-4 py-8 text-center lg:py-16"">
          <div className=""mx-auto place-self-center"">
            <h1 className=""mb-4 max-w-2xl text-4xl leading-none font-extrabold tracking-tight md:text-5xl xl:text-6xl dark:text-white"">
              Next.js Enterprise Boilerplate
            </h1>
            <p className=""mb-6 max-w-2xl font-light text-gray-500 md:text-lg lg:mb-8 lg:text-xl dark:text-gray-400"">
              Jumpstart your enterprise project with our feature-packed, high-performance Next.js boilerplate!
              Experience rapid UI development, AI-powered code reviews, and an extensive suite of tools for a smooth and
              enjoyable development process.
            </p>
            <Button href=""https://github.com/Blazity/next-enterprise"" className=""mr-3"">
              Get started
            </Button>
            <Button
              href=""https://vercel.com/new/git/external?repository-url=https://github.com/Blazity/next-enterprise""
              intent=""secondary""
            >
              Deploy Now
            </Button>
          </div>
        </div>
      </section>
      <section className=""bg-white dark:bg-gray-900"">
        <div className=""mx-auto max-w-(--breakpoint-xl) px-4 py-8 sm:py-16 lg:px-6"">
          <div className=""justify-center space-y-8 md:grid md:grid-cols-2 md:gap-12 md:space-y-0 lg:grid-cols-3"">
            {LP_GRID_ITEMS.map((singleItem) => (
              <div key={singleItem.title} className=""flex flex-col items-center justify-center text-center"">
                <div className=""bg-primary-100 dark:bg-primary-900 mb-4 flex size-10 items-center justify-center rounded-full p-1.5 text-blue-700 lg:size-12"">
                  {singleItem.icon}
                </div>
                <h3 className=""mb-2 text-xl font-bold dark:text-white"">{singleItem.title}</h3>
                <p className=""text-gray-500 dark:text-gray-400"">{singleItem.description}</p>
              </div>
            ))}
          </div>
        </div>
      </section>
    </>
  )
}",1,"The snippet renders standard static JSX elements and loops over a list, providing basic UI rendering evidence without complex state or custom hook usage.",,
ITEM_133,JD_JAVA_10,Fresher Backend Developer,Fresher,Hospitality & Online Travel Agency (OTA),"Java 17, Spring Boot, Spring Security, Spring Data JPA, MySQL / PostgreSQL, Redis",f-lab-edu/fast-shoppers,src/main/java/com/fastshoppers/entity/BaseEntity.java,1,48,File: src/main/java/com/fastshoppers/entity/BaseEntity.java | Lines 1..48,"package com.fastshoppers.entity;

import java.time.LocalDateTime;

import org.springframework.data.annotation.CreatedDate;
import org.springframework.data.annotation.LastModifiedDate;
import org.springframework.data.jpa.domain.support.AuditingEntityListener;

import com.fastshoppers.util.BooleanToCharConverter;

import jakarta.persistence.Column;
import jakarta.persistence.Convert;
import jakarta.persistence.EntityListeners;
import jakarta.persistence.GeneratedValue;
import jakarta.persistence.GenerationType;
import jakarta.persistence.Id;
import jakarta.persistence.MappedSuperclass;
import lombok.AllArgsConstructor;
import lombok.Getter;
import lombok.NoArgsConstructor;
import lombok.Setter;
import lombok.ToString;

@Getter
@Setter
@NoArgsConstructor
@AllArgsConstructor
@ToString
@EntityListeners(AuditingEntityListener.class)
@MappedSuperclass
public class BaseEntity {

	@Id
	@GeneratedValue(strategy = GenerationType.IDENTITY)
	private int id;

	@CreatedDate
	@Column(name = ""created_at"", nullable = false)
	private LocalDateTime createdAt;

	@LastModifiedDate
	@Column(name = ""updated_at"", nullable = false)
	private LocalDateTime updatedAt;

	@Column(name = ""delete_yn"", nullable = false, length = 1, columnDefinition = ""char(1)"")
	@Convert(converter = BooleanToCharConverter.class)
	private boolean deleteYn;
}",1,"The snippet defines a standard JPA entity mapped superclass with auditing listeners, which serves as peripheral boilerplate evidence for a backend developer.",,
ITEM_134,JD_JAVA_11,Java Backend Developer,Fresher / Junior,Social Network & Technical Blogging Platform,"Java 17, Spring Boot 3, Spring Security 6, Spring Data JPA / Hibernate, PostgreSQL, Git",mdtalalwasim/blog-application-spring-boot-rest-api,blog-application-springboot-rest-apis/src/main/java/com/mdtalalwasim/blog/app/config/SwaggerConfig.java,14,25,File: blog-application-springboot-rest-apis/src/main/java/com/mdtalalwasim/blog/app/config/SwaggerConfig.java | Lines 14..25,"@Bean
	public OpenAPI openAPI() {
		  
		 
		return new OpenAPI()
				.info(new Info().title(""Blog Application Beckend API"")
						.description(""This is blog application project api and Developed by Md. Talal Wasim"")
						.version(""1.0"")
						.contact(new Contact().name(""Md. Talal Wasim"").email(""md.talalwasim@gmail.com"").url(""https://mdtalalwasim.github.io/""))
						.license(new License().name(""Licence""))
						).externalDocs(new ExternalDocumentation().url(""https://mdtalalwasim.github.io/"").description(""This is external url""));
	}",1,"The code provides basic Swagger OpenAPI configuration bean setup, acting as peripheral or configuration-level evidence.",,
ITEM_135,JD_JAVA_06,Fresher Java Backend Engineer,Fresher,Digital Healthcare & Telemedicine,"Java 11/17, Spring Boot, Spring Data JPA, PostgreSQL/MySQL",f-lab-edu/fast-shoppers,src/main/java/com/fastshoppers/entity/BaseEntity.java,1,48,File: src/main/java/com/fastshoppers/entity/BaseEntity.java | Lines 1..48,"package com.fastshoppers.entity;

import java.time.LocalDateTime;

import org.springframework.data.annotation.CreatedDate;
import org.springframework.data.annotation.LastModifiedDate;
import org.springframework.data.jpa.domain.support.AuditingEntityListener;

import com.fastshoppers.util.BooleanToCharConverter;

import jakarta.persistence.Column;
import jakarta.persistence.Convert;
import jakarta.persistence.EntityListeners;
import jakarta.persistence.GeneratedValue;
import jakarta.persistence.GenerationType;
import jakarta.persistence.Id;
import jakarta.persistence.MappedSuperclass;
import lombok.AllArgsConstructor;
import lombok.Getter;
import lombok.NoArgsConstructor;
import lombok.Setter;
import lombok.ToString;

@Getter
@Setter
@NoArgsConstructor
@AllArgsConstructor
@ToString
@EntityListeners(AuditingEntityListener.class)
@MappedSuperclass
public class BaseEntity {

	@Id
	@GeneratedValue(strategy = GenerationType.IDENTITY)
	private int id;

	@CreatedDate
	@Column(name = ""created_at"", nullable = false)
	private LocalDateTime createdAt;

	@LastModifiedDate
	@Column(name = ""updated_at"", nullable = false)
	private LocalDateTime updatedAt;

	@Column(name = ""delete_yn"", nullable = false, length = 1, columnDefinition = ""char(1)"")
	@Convert(converter = BooleanToCharConverter.class)
	private boolean deleteYn;
}",1,"This base entity class utilizes standard Spring Data JPA auditing annotations, offering peripheral evidence of entity mapping rather than core service logic.",,
ITEM_136,JD_REACT_10,Fullstack React & TypeScript Developer,Fresher / Junior,EdTech Fullstack Application,"TypeScript, ReactJS, Node.js / Express / NestJS, Redux Toolkit / Zustand, Prisma / TypeORM / Mongoose, Git",JordanKnott/taskcafe,frontend/src/shared/components/Button/index.tsx,1,50,File: frontend/src/shared/components/Button/index.tsx | Lines 1..50,"import React, { useRef } from 'react';
import styled, { css } from 'styled-components/macro';
import { mixin } from '../../utils/styles';

const Text = styled.span<{ fontSize: string; justifyTextContent: string; hasIcon?: boolean }>`
  position: relative;
  display: flex;
  align-items: center;
  justify-content: ${(props) => props.justifyTextContent};
  transition: all 0.2s ease;
  font-size: ${(props) => props.fontSize};
  color: ${(props) => props.theme.colors.text.secondary};
  ${(props) =>
    props.hasIcon &&
    css`
      padding-left: 4px;
    `}
`;

const Base = styled.button<{ color: string; disabled: boolean }>`
  transition: all 0.2s ease;
  position: relative;
  border: none;
  cursor: pointer;
  padding: 0.75rem 2rem;
  border-radius: ${(props) => props.theme.borderRadius.alternate};
  display: flex;
  align-items: center;

  ${(props) =>
    props.disabled &&
    css`
      opacity: 0.5;
      cursor: default;
      pointer-events: none;
    `}
`;

const Filled = styled(Base)<{ hoverVariant: HoverVariant }>`
  background: ${(props) => props.theme.colors[props.color]};
  ${(props) =>
    props.hoverVariant === 'boxShadow' &&
    css`
      &:hover {
        box-shadow: 0 8px 25px -8px ${props.theme.colors[props.color]};
      }
    `}
`;

const Outline = styled(Base)<{ invert: boolean }>`",1,"The snippet contains styled-components styling for a button component in React and TypeScript, but lacks any core business logic or complex state management.",,
ITEM_137,JD_JAVA_04,Java Microservices Fresher,Fresher,Distributed Systems & Supply Chain,"Java 17+, Spring Boot, Apache Kafka, Spring Data JPA, MySQL/PostgreSQL, Docker / Docker Compose",devdcores/BookStoreApp-Distributed-Application,bookstore-account-service/src/main/java/com/devd/spring/bookstoreaccountservice/config/AuthorizationServerConfig.java,41,90,File: bookstore-account-service/src/main/java/com/devd/spring/bookstoreaccountservice/config/AuthorizationServerConfig.java | Lines 41..90,"@Configuration
@EnableAuthorizationServer
public class AuthorizationServerConfig extends AuthorizationServerConfigurerAdapter {

  @Autowired
  DataSource dataSource;

  @Autowired
  AppUserDetailsService appUserDetailsService;

  @Autowired
  UserRepository userRepository;

  @Autowired
  private AuthenticationManager authenticationManager;

  @Autowired
  private PasswordEncoder passwordEncoder;

  @Value(""${security.jwt.key-store}"")
  private Resource keyStore;

  @Value(""${security.jwt.key-store-password}"")
  private String keyStorePassword;

  @Value(""${security.jwt.key-pair-alias}"")
  private String keyPairAlias;

  @Value(""${security.jwt.key-pair-password}"")
  private String keyPairPassword;

  @Value(""${security.jwt.public-key}"")
  private Resource publicKey;

  @Override
  public void configure(ClientDetailsServiceConfigurer clients) throws Exception {
    clients.jdbc(dataSource);
  }

  @Override
  public void configure(AuthorizationServerEndpointsConfigurer endpoints) throws Exception {
    endpoints.authenticationManager(this.authenticationManager)
        .userDetailsService(appUserDetailsService)
        .accessTokenConverter(jwtAccessTokenConverter())
        .tokenStore(tokenStore());
  }

  @Bean
  @Primary
  public TokenStore tokenStore() {",2,"Provides strong, direct evidence of Spring Security and Spring Boot OAuth2 authorization server configuration using JDBC and custom token stores.",,
ITEM_138,JD_REACT_06,Junior ReactJS Developer,Junior,Productivity & Collaborative Kanban System,"ReactJS, TypeScript, Redux Toolkit / Zustand, React Hook Form & Zod/Yup, Tailwind CSS / CSS-in-JS",sylvaincodes/youtube_ecommerce,components/modules/custom/Col.tsx,1,13,File: components/modules/custom/Col.tsx | Lines 1..13,"import React from ""react"";

export default function Col({
  children,
  className,
}: {
  children: React.ReactNode;
  className?: string;
}) {
  return <div className={`flex flex-col h-full w-full   ${className}`}>{
    children
  }</div>;
}",0,"Trivial boilerplate functional component rendering a simple wrapper div with Tailwind CSS classes, lacking any meaningful React or TypeScript complexity.",,
ITEM_139,JD_JAVA_05,Backend Developer (Java/Spring Boot),Fresher,EdTech & Learning Management Systems (LMS),"Java Core, Spring Boot, Spring Security, Spring Data JPA, MySQL",Angel-Raa/spring-security-jwt-authentication-and-authorization,src/main/java/com/github/angel/raa/modules/persistence/repository/CategoryRepository.java,1,6,File: src/main/java/com/github/angel/raa/modules/persistence/repository/CategoryRepository.java | Lines 1..6,"package com.github.angel.raa.modules.persistence.repository;

import com.github.angel.raa.modules.persistence.models.Category;
import org.springframework.data.jpa.repository.JpaRepository;

public interface CategoryRepository extends JpaRepository<Category, Long> { }",1,"Simple Spring Data JPA repository interface extending JpaRepository, providing peripheral evidence of database access without explicit business logic.",,
ITEM_140,JD_REACT_03,Fullstack TypeScript Fresher,Fresher,Fullstack Web Application Development,"TypeScript, JavaScript (ES6+), ReactJS, Node.js / Express.js, JWT Authentication, MongoDB / PostgreSQL / MySQL",robbins23/admin-dashboard-nextjs-typescript-daisyui-template,src/components/input/text-area.tsx,1,44,File: src/components/input/text-area.tsx | Lines 1..44,"import React, { useState } from 'react';

interface TextAreaProps {
  labelTitle: string;
  labelStyle?: string;
  containerStyle?: string;
  defaultValue?: string;
  placeholder?: string;
  updateFormValue: (updateType: string, value: string) => void;
  updateType: string;
}

function TextArea({
  labelTitle,
  labelStyle,
  containerStyle,
  defaultValue,
  placeholder,
  updateFormValue,
  updateType,
}: TextAreaProps): JSX.Element {
  const [value, setValue] = useState<string>(defaultValue || '');

  const updateTextAreaValue = (val: string): void => {
    setValue(val);
    updateFormValue(updateType, val);
  };

  return (
    <div className={`form-control w-full ${containerStyle}`}>
      <label className=""label"">
        <span className={'label-text text-xs text-base-content ' + (labelStyle || '')}>{labelTitle}</span>
      </label>
      <textarea
        value={value}
        placeholder={placeholder || ''}
        onChange={(e) => updateTextAreaValue(e.target.value)}
        className=""textarea textarea-bordered w-full""
      />
    </div>
  );
}

export default TextArea;",2,"Directly demonstrates React with TypeScript, interface definitions, and state handling within a form input component.",,
ITEM_141,JD_REACT_07,Frontend Developer Intern/Fresher,Intern/Fresher,Real-Time Collaboration & Messaging,"ReactJS, TypeScript, WebSocket / Socket.io-client, Zustand / Redux Toolkit / React Context API, Tailwind CSS / SCSS",JordanKnott/taskcafe,frontend/src/shared/components/Button/index.tsx,1,50,File: frontend/src/shared/components/Button/index.tsx | Lines 1..50,"import React, { useRef } from 'react';
import styled, { css } from 'styled-components/macro';
import { mixin } from '../../utils/styles';

const Text = styled.span<{ fontSize: string; justifyTextContent: string; hasIcon?: boolean }>`
  position: relative;
  display: flex;
  align-items: center;
  justify-content: ${(props) => props.justifyTextContent};
  transition: all 0.2s ease;
  font-size: ${(props) => props.fontSize};
  color: ${(props) => props.theme.colors.text.secondary};
  ${(props) =>
    props.hasIcon &&
    css`
      padding-left: 4px;
    `}
`;

const Base = styled.button<{ color: string; disabled: boolean }>`
  transition: all 0.2s ease;
  position: relative;
  border: none;
  cursor: pointer;
  padding: 0.75rem 2rem;
  border-radius: ${(props) => props.theme.borderRadius.alternate};
  display: flex;
  align-items: center;

  ${(props) =>
    props.disabled &&
    css`
      opacity: 0.5;
      cursor: default;
      pointer-events: none;
    `}
`;

const Filled = styled(Base)<{ hoverVariant: HoverVariant }>`
  background: ${(props) => props.theme.colors[props.color]};
  ${(props) =>
    props.hoverVariant === 'boxShadow' &&
    css`
      &:hover {
        box-shadow: 0 8px 25px -8px ${props.theme.colors[props.color]};
      }
    `}
`;

const Outline = styled(Base)<{ invert: boolean }>`",1,"Contains standard styled-components styling for a button, serving as peripheral UI boilerplate without state management or advanced hooks.",,
ITEM_142,JD_JAVA_14,Backend Engineer (Java / Spring Boot),Intern/Fresher,HRTech & Recruitment Job Portal,"Java Core, Spring Boot, Spring Data JPA, Spring Security & JWT, PostgreSQL / MySQL",mdtalalwasim/blog-application-spring-boot-rest-api,blog-application-springboot-rest-apis/src/main/java/com/mdtalalwasim/blog/app/BlogApplicationSpringbootRestApisApplication.java,1,50,File: blog-application-springboot-rest-apis/src/main/java/com/mdtalalwasim/blog/app/BlogApplicationSpringbootRestApisApplication.java | Lines 1..50,"package com.mdtalalwasim.blog.app;

import java.util.List;

import org.modelmapper.ModelMapper;
import org.springframework.beans.factory.annotation.Autowired;
import org.springframework.boot.CommandLineRunner;
import org.springframework.boot.SpringApplication;
import org.springframework.boot.autoconfigure.SpringBootApplication;
import org.springframework.context.annotation.Bean;
import org.springframework.security.crypto.password.PasswordEncoder;

import com.mdtalalwasim.blog.app.config.ApplicationConstants;
import com.mdtalalwasim.blog.app.entity.Role;
import com.mdtalalwasim.blog.app.repository.RoleRepository;

@SpringBootApplication
public class BlogApplicationSpringbootRestApisApplication implements CommandLineRunner {

	@Autowired
	private PasswordEncoder passwordEncoder;
	
	//in this project role will not create automatically till now, now we will create role table automatically when this project runs.
	
	@Autowired 
	private RoleRepository roleRepository;
	
	
	//this will add
	public BlogApplicationSpringbootRestApisApplication(PasswordEncoder passwordEncoder) {
        this.passwordEncoder = passwordEncoder;
    }
	
	public static void main(String[] args) {
		SpringApplication.run(BlogApplicationSpringbootRestApisApplication.class, args);
		System.out.println(""Hello"");
	}	
	
	@Bean
	public ModelMapper modelMapper() {
		return new ModelMapper();
	}

	
	//CommandLineRunner method
	@Override
	public void run(String... args) throws Exception {
		System.out.println(this.passwordEncoder.encode(""123456""));
		System.out.println(this.passwordEncoder.encode(""selim""));
		",1,Provides a standard Spring Boot application main class implementing CommandLineRunner with basic bean definitions and password encoding initialization.,,
ITEM_143,JD_REACT_04,Frontend Engineer,Fresher,B2B SaaS Analytics & Reporting Dashboard,"ReactJS, TypeScript, TanStack React Query, Tailwind CSS, Recharts / Chart.js",JordanKnott/taskcafe,frontend/src/shared/components/Admin/index.tsx,1,50,File: frontend/src/shared/components/Admin/index.tsx | Lines 1..50,"import React, { useState, useRef } from 'react';
import styled, { css } from 'styled-components';
import TaskAssignee from 'shared/components/TaskAssignee';
import Select from 'shared/components/Select';
import { User, UserPlus, Checkmark } from 'shared/icons';
import { usePopup, Popup } from 'shared/components/PopupMenu';
import { RoleCode, useUpdateUserRoleMutation } from 'shared/generated/graphql';
import Input from 'shared/components/Input';
import Button from 'shared/components/Button';
import NOOP from 'shared/utils/noop';
import { mixin } from 'shared/utils/styles';

const UserSelect = styled(Select)`
  margin: 8px 0;
  padding: 8px 0;
`;

const NewUserPassInput = styled(Input)`
  margin: 8px 0;
`;

const InviteMemberButton = styled(Button)`
  padding: 7px 12px;
`;

const UserPassBar = styled.div`
  display: flex;
  padding-top: 8px;
`;

const UserPassConfirmButton = styled(Button)`
  width: 100%;
  padding: 7px 12px;
`;

const UserPassButton = styled(Button)`
  width: 50%;
  padding: 7px 12px;
  & ~ & {
    margin-left: 6px;
  }
`;

const MemberItemOptions = styled.div``;

const MemberItemOption = styled(Button)`
  padding: 7px 9px;
  margin: 4px 0 4px 8px;
  float: left;
  min-width: 95px;",1,"Includes styled-components definitions and imports for an admin UI component, but the code window is restricted to layout style definitions.",,
ITEM_144,JD_REACT_08,React TypeScript Fresher,Fresher,Personal Finance & Digital Banking Portal,"ReactJS, TypeScript, React Hook Form, Zod / Yup, Authentication & Axios Interceptors, Material UI / Ant Design / Shadcn UI / Tailwind CSS",devias-io/material-kit-react,src/components/auth/reset-password-form.tsx,1,50,File: src/components/auth/reset-password-form.tsx | Lines 1..50,"'use client';

import * as React from 'react';
import { zodResolver } from '@hookform/resolvers/zod';
import Alert from '@mui/material/Alert';
import Button from '@mui/material/Button';
import FormControl from '@mui/material/FormControl';
import FormHelperText from '@mui/material/FormHelperText';
import InputLabel from '@mui/material/InputLabel';
import OutlinedInput from '@mui/material/OutlinedInput';
import Stack from '@mui/material/Stack';
import Typography from '@mui/material/Typography';
import { Controller, useForm } from 'react-hook-form';
import { z as zod } from 'zod';

import { authClient } from '@/lib/auth/client';

const schema = zod.object({ email: zod.string().min(1, { message: 'Email is required' }).email() });

type Values = zod.infer<typeof schema>;

const defaultValues = { email: '' } satisfies Values;

export function ResetPasswordForm(): React.JSX.Element {
  const [isPending, setIsPending] = React.useState<boolean>(false);

  const {
    control,
    handleSubmit,
    setError,
    formState: { errors },
  } = useForm<Values>({ defaultValues, resolver: zodResolver(schema) });

  const onSubmit = React.useCallback(
    async (values: Values): Promise<void> => {
      setIsPending(true);

      const { error } = await authClient.resetPassword(values);

      if (error) {
        setError('root', { type: 'server', message: error });
        setIsPending(false);
        return;
      }

      setIsPending(false);

      // Redirect to confirm password reset
    },
    [setError]",2,"Strong, direct evidence of React Hook Form integration with Zod validation schema and TypeScript type definitions for authentication flows.",,
ITEM_145,JD_REACT_08,React TypeScript Fresher,Fresher,Personal Finance & Digital Banking Portal,"ReactJS, TypeScript, React Hook Form, Zod / Yup, Authentication & Axios Interceptors, Material UI / Ant Design / Shadcn UI / Tailwind CSS",al1abb/invoify,app/components/invoice/form/Charges.tsx,1,50,File: app/components/invoice/form/Charges.tsx | Lines 1..50,"""use client"";

// RHF
import { useFormContext } from ""react-hook-form"";

// ShadCn
import { Switch } from ""@/components/ui/switch"";

// Components
import { BaseButton, ChargeInput } from ""@/app/components"";

// Contexts
import { useChargesContext } from ""@/contexts/ChargesContext"";
import { useTranslationContext } from ""@/contexts/TranslationContext"";

// Helpers
import { formatNumberWithCommas } from ""@/lib/helpers"";

// Icons
import { Plus, X } from ""lucide-react"";

// Types
import { InvoiceType } from ""@/types"";

const Charges = () => {
    const {
        formState: { errors },
    } = useFormContext<InvoiceType>();

    const { _t } = useTranslationContext();

    const {
        discountSwitch,
        setDiscountSwitch,
        taxSwitch,
        setTaxSwitch,
        shippingSwitch,
        setShippingSwitch,
        discountType,
        setDiscountType,
        taxType,
        setTaxType,
        shippingType,
        setShippingType,
        totalInWordsSwitch,
        setTotalInWordsSwitch,
        currency,
        subTotal,
        totalAmount,
    } = useChargesContext();",2,Demonstrates advanced React patterns including form context usage (`useFormContext`) and custom context hooks within a typed Next.js application.,,
ITEM_146,JD_JAVA_13,Java Backend Fresher,Fresher,FoodTech & Delivery Platform,"Java, Spring Boot, Spring Security & JWT, MySQL & Spring Data JPA, RabbitMQ / Kafka",LuckyKuang/springboot-base-project,src/main/java/com/luckykuang/auth/repository/primary/MenuRepository.java,1,30,File: src/main/java/com/luckykuang/auth/repository/primary/MenuRepository.java | Lines 1..30,"/*
 * Copyright 2015-2023 the original author or authors.
 *
 * Licensed under the Apache License, Version 2.0 (the ""License"");
 * you may not use this file except in compliance with the License.
 * You may obtain a copy of the License at
 *
 *      https://www.apache.org/licenses/LICENSE-2.0
 *
 * Unless required by applicable law or agreed to in writing, software
 * distributed under the License is distributed on an ""AS IS"" BASIS,
 * WITHOUT WARRANTIES OR CONDITIONS OF ANY KIND, either express or implied.
 * See the License for the specific language governing permissions and
 * limitations under the License.
 */

package com.luckykuang.auth.repository.primary;

import com.luckykuang.auth.model.primary.Menu;
import org.springframework.data.jpa.repository.JpaRepository;
import org.springframework.stereotype.Repository;

/**
 * @author luckykuang
 * @date 2023/4/20 14:17
 */
@Repository
public interface MenuRepository extends JpaRepository<Menu,Long> {

}",0,"Empty Spring Data JPA repository interface with no custom business logic or query methods, constituting boilerplate code.",,
ITEM_147,JD_REACT_10,Fullstack React & TypeScript Developer,Fresher / Junior,EdTech Fullstack Application,"TypeScript, ReactJS, Node.js / Express / NestJS, Redux Toolkit / Zustand, Prisma / TypeORM / Mongoose, Git",sylvaincodes/youtube_ecommerce,components/modules/custom/Col.tsx,1,13,File: components/modules/custom/Col.tsx | Lines 1..13,"import React from ""react"";

export default function Col({
  children,
  className,
}: {
  children: React.ReactNode;
  className?: string;
}) {
  return <div className={`flex flex-col h-full w-full   ${className}`}>{
    children
  }</div>;
}",0,"Simple UI wrapper component with standard JSX rendering and zero complex state, custom hooks, or business logic.",,
ITEM_148,JD_JAVA_08,Junior Java Software Engineer,Junior,Logistics & Fleet Management,"Java 17, Spring Boot, Spring Data JPA, MySQL/PostgreSQL, MapStruct, Bean Validation",mdtalalwasim/blog-application-spring-boot-rest-api,blog-application-springboot-rest-apis/src/main/java/com/mdtalalwasim/blog/app/controller/CategoryRestController.java,1,50,File: blog-application-springboot-rest-apis/src/main/java/com/mdtalalwasim/blog/app/controller/CategoryRestController.java | Lines 1..50,"package com.mdtalalwasim.blog.app.controller;

import java.util.List;

import org.springframework.beans.factory.annotation.Autowired;
import org.springframework.http.HttpStatus;
import org.springframework.http.ResponseEntity;
import org.springframework.web.bind.annotation.DeleteMapping;
import org.springframework.web.bind.annotation.GetMapping;
import org.springframework.web.bind.annotation.PathVariable;
import org.springframework.web.bind.annotation.PostMapping;
import org.springframework.web.bind.annotation.PutMapping;
import org.springframework.web.bind.annotation.RequestBody;
import org.springframework.web.bind.annotation.RequestMapping;
import org.springframework.web.bind.annotation.RestController;

import com.mdtalalwasim.blog.app.payloads.ApiResponse;
import com.mdtalalwasim.blog.app.payloads.CategoryDto;
import com.mdtalalwasim.blog.app.services.CategoryService;

import jakarta.validation.Valid;

@RestController
@RequestMapping(""/api/categories"")
public class CategoryRestController {
	
	@Autowired
	private CategoryService categoryService;
	
	@PostMapping(""/"")
	public ResponseEntity<CategoryDto> createCategory(@Valid @RequestBody CategoryDto categoryDto){
		System.out.println(""Inside Create Cat"");
		CategoryDto createdCategory = this.categoryService.createCategory(categoryDto);
		
		return new ResponseEntity<CategoryDto>(createdCategory, HttpStatus.CREATED);
	}
	
	@PutMapping(""/{catId}"")
	public ResponseEntity<CategoryDto> updateCategory(@Valid @RequestBody CategoryDto categoryDto, @PathVariable(""catId"") Integer catId){
		CategoryDto updateCategory = this.categoryService.updateCategory(categoryDto, catId);
		
		return new ResponseEntity<CategoryDto>(updateCategory, HttpStatus.OK);
	}
	
	@DeleteMapping(""/{catId}"")
	public ResponseEntity<ApiResponse> deleteCategory(@PathVariable(""catId"") Integer catId){
		this.categoryService.deleteCategory(catId);
		
		return new ResponseEntity<ApiResponse>(new ApiResponse(""Category Deleted Successfully!"", true), HttpStatus.OK);
	}",2,"Provides strong evidence of Spring Boot and REST API development with @RestController, @RequestBody validation (@Valid), and service delegation.",,
ITEM_149,JD_JAVA_12,Junior Java Developer,Junior,Enterprise Software & Financial Services,"Java 17, Spring Boot, JUnit 5 & Mockito, PostgreSQL/MySQL",Angel-Raa/spring-security-jwt-authentication-and-authorization,src/main/java/com/github/angel/raa/modules/persistence/repository/ProductRepository.java,1,6,File: src/main/java/com/github/angel/raa/modules/persistence/repository/ProductRepository.java | Lines 1..6,"package com.github.angel.raa.modules.persistence.repository;

import com.github.angel.raa.modules.persistence.models.Product;
import org.springframework.data.jpa.repository.JpaRepository;

public interface ProductRepository extends JpaRepository<Product, Long> { }",0,"Trivial JpaRepository interface snippet containing no custom methods or business logic, serving as basic boilerplate.",,
ITEM_150,JD_JAVA_08,Junior Java Software Engineer,Junior,Logistics & Fleet Management,"Java 17, Spring Boot, Spring Data JPA, MySQL/PostgreSQL, MapStruct, Bean Validation",Rapter1990/parkinglot,src/main/java/com/project/parkinglot/logging/repository/LogRepository.java,1,10,File: src/main/java/com/project/parkinglot/logging/repository/LogRepository.java | Lines 1..10,"package com.project.parkinglot.logging.repository;

import com.project.parkinglot.logging.entity.LogEntity;
import org.springframework.data.jpa.repository.JpaRepository;

/**
 * Repository interface named {@link LogRepository} for managing log entity persistence.
 */
public interface LogRepository extends JpaRepository<LogEntity, Long> {
}",0,Empty standard JpaRepository interface extension providing no observable business logic or domain-specific queries.,,
ITEM_151,JD_REACT_04,Frontend Engineer,Fresher,B2B SaaS Analytics & Reporting Dashboard,"ReactJS, TypeScript, TanStack React Query, Tailwind CSS, Recharts / Chart.js",ixartz/SaaS-Boilerplate,src/components/DemoBadge.tsx,1,15,File: src/components/DemoBadge.tsx | Lines 1..15,"export const DemoBadge = () => (
  <div className=""fixed right-20 bottom-0 z-10"">
    <a
      href=""https://nextjs-boilerplate.com/pro-saas-starter-kit""
    >
      <div className=""
        rounded-md bg-gray-900 px-3 py-2 font-semibold text-gray-100
      ""
      >
        <span className=""text-gray-500"">Demo of</span>
        {' SaaS Boilerplate'}
      </div>
    </a>
  </div>
);",0,"Trivial static React badge component rendering a simple HTML link with Tailwind classes, containing no state or logic.",,
ITEM_152,JD_REACT_09,Frontend Web Developer,Intern / Fresher,Service Discovery & Booking Platform,"ReactJS, TypeScript, React Router, Axios",HalseySpicy/Hooks-Admin,src/api/index.ts,41,90,File: src/api/index.ts | Lines 41..90,"				const token: string = store.getState().global.token;
				return { ...config, headers: { ...config.headers, ""x-access-token"": token } };
			},
			(error: AxiosError) => {
				return Promise.reject(error);
			}
		);

		/**
		 * @description 响应拦截器
		 *  服务器换返回信息 -> [拦截统一处理] -> 客户端JS获取到信息
		 */
		this.service.interceptors.response.use(
			(response: AxiosResponse) => {
				const { data, config } = response;
				NProgress.done();
				// * 在请求结束后，移除本次请求(关闭loading)
				axiosCanceler.removePending(config);
				tryHideFullScreenLoading();
				// * 登录失效（code == 599）
				if (data.code == ResultEnum.OVERDUE) {
					store.dispatch(setToken(""""));
					message.error(data.msg);
					window.location.hash = ""/login"";
					return Promise.reject(data);
				}
				// * 全局错误信息拦截（防止下载文件得时候返回数据流，没有code，直接报错）
				if (data.code && data.code !== ResultEnum.SUCCESS) {
					message.error(data.msg);
					return Promise.reject(data);
				}
				// * 成功请求（在页面上除非特殊情况，否则不用处理失败逻辑）
				return data;
			},
			async (error: AxiosError) => {
				const { response } = error;
				NProgress.done();
				tryHideFullScreenLoading();
				// 请求超时单独判断，请求超时没有 response
				if (error.message.indexOf(""timeout"") !== -1) message.error(""请求超时，请稍后再试"");
				// 根据响应的错误状态码，做不同的处理
				if (response) checkStatus(response.status);
				// 服务器结果都没有返回(可能服务器错误可能客户端断网) 断网处理:可以跳转到断网页面
				if (!window.navigator.onLine) window.location.hash = ""/500"";
				return Promise.reject(error);
			}
		);
	}

	// * 常用请求方法封装",2,"Demonstrates strong TypeScript and Axios integration with complex request/response interceptors, error handling, and token management.",,
ITEM_153,JD_JAVA_01,Backend Developer (Java / Spring Boot),Fresher,E-Commerce Platform,"Java, Spring Boot, Spring Security & JWT, Spring Data JPA / Hibernate, MySQL, Git",Angel-Raa/spring-security-jwt-authentication-and-authorization,src/main/java/com/github/angel/raa/modules/persistence/repository/CategoryRepository.java,1,6,File: src/main/java/com/github/angel/raa/modules/persistence/repository/CategoryRepository.java | Lines 1..6,"package com.github.angel.raa.modules.persistence.repository;

import com.github.angel.raa.modules.persistence.models.Category;
import org.springframework.data.jpa.repository.JpaRepository;

public interface CategoryRepository extends JpaRepository<Category, Long> { }",0,"Boilerplate Spring Data JPA repository interface with empty body, providing no implementation of Spring Boot business logic.",,
ITEM_154,JD_REACT_07,Frontend Developer Intern/Fresher,Intern/Fresher,Real-Time Collaboration & Messaging,"ReactJS, TypeScript, WebSocket / Socket.io-client, Zustand / Redux Toolkit / React Context API, Tailwind CSS / SCSS",Blazity/next-enterprise,components/Button/Button.test.tsx,1,32,File: components/Button/Button.test.tsx | Lines 1..32,"import { render, screen } from ""@testing-library/react""
import { describe, expect, it } from ""vitest""
import { Button } from ""./Button""

describe(""Button"", () => {
  it(""renders with children"", () => {
    render(<Button href=""/test"">Click me</Button>)
    expect(screen.getByText(""Click me"")).toBeInTheDocument()
  })

  it(""applies correct intent classes"", () => {
    const { container } = render(
      <Button href=""/test"" intent=""secondary"">
        Secondary
      </Button>
    )
    const link = container.querySelector(""a"")
    expect(link).toHaveClass(""bg-transparent"")
    expect(link).toHaveClass(""text-blue-400"")
  })

  it(""applies correct size classes"", () => {
    const { container } = render(
      <Button href=""/test"" size=""sm"">
        Small
      </Button>
    )
    const link = container.querySelector(""a"")
    expect(link).toHaveClass(""text-sm"")
    expect(link).toHaveClass(""min-w-20"")
  })
})",1,"Provides peripheral testing evidence using Vitest and React Testing Library, but lacks component implementation logic.",,
ITEM_155,JD_JAVA_15,Java Backend Fresher,Fresher,Retail & Warehouse Inventory Management,"Java 17, Spring Boot, Spring Data JPA, MySQL/PostgreSQL, JWT",rene-kt/spring-restapi-ecommerce,src/main/java/com/rene/ecommerce/services/AuthService.java,1,50,File: src/main/java/com/rene/ecommerce/services/AuthService.java | Lines 1..50,"package com.rene.ecommerce.services;

import java.util.Random;

import org.springframework.beans.factory.annotation.Autowired;
import org.springframework.security.crypto.bcrypt.BCryptPasswordEncoder;
import org.springframework.stereotype.Service;

import com.rene.ecommerce.domain.dto.TypeDTO;
import com.rene.ecommerce.domain.users.Client;
import com.rene.ecommerce.domain.users.Seller;
import com.rene.ecommerce.exceptions.ObjectNotFoundException;
import com.rene.ecommerce.repositories.ClientRepository;
import com.rene.ecommerce.repositories.SellerRepository;
import com.rene.ecommerce.services.email.EmailService;

@Service
public class AuthService {

	private Random rand = new Random();

	@Autowired
	private ClientRepository clientRepository;

	@Autowired
	private SellerRepository sellerRepository;

	@Autowired
	private BCryptPasswordEncoder pe;

	@Autowired
	private EmailService emailService;

	public void sendNewPassword(String email) {

		try {
			Client cli = clientRepository.findByEmail(email);
			String newPassword = newPassword();
			cli.setPassword(pe.encode(newPassword));
			clientRepository.save(cli);
			threadSendEmail(cli.getEmail(), newPassword);

		} catch (NullPointerException e) {
			Seller sel = sellerRepository.findByEmail(email);

			if (sel == null) {
				throw new ObjectNotFoundException();
			}

			String newPassword = newPassword();",2,"Demonstrates strong Spring Boot service layer logic with dependency injection, password encryption via BCrypt, and repository persistence handling.",,
ITEM_156,JD_JAVA_05,Backend Developer (Java/Spring Boot),Fresher,EdTech & Learning Management Systems (LMS),"Java Core, Spring Boot, Spring Security, Spring Data JPA, MySQL",huseynovvusal/spring-blog-api,src/main/java/com/huseynovvusal/springblogapi/config/SecurityConfig.java,1,50,File: src/main/java/com/huseynovvusal/springblogapi/config/SecurityConfig.java | Lines 1..50,"package com.huseynovvusal.springblogapi.config;

import com.huseynovvusal.springblogapi.filter.BlockedUserFilter;
import com.huseynovvusal.springblogapi.filter.DatabaseHealthFilter;
import com.huseynovvusal.springblogapi.filter.JwtAuthenticationFilter;
import com.huseynovvusal.springblogapi.service.UserDetailsServiceImpl;
import lombok.RequiredArgsConstructor;
import org.slf4j.Logger;
import org.slf4j.LoggerFactory;
import org.springframework.boot.web.servlet.FilterRegistrationBean;
import org.springframework.context.annotation.Bean;
import org.springframework.context.annotation.Configuration;
import org.springframework.security.authentication.AuthenticationManager;
import org.springframework.security.config.annotation.authentication.configuration.AuthenticationConfiguration;
import org.springframework.security.config.annotation.web.builders.HttpSecurity;
import org.springframework.security.config.annotation.web.configuration.EnableWebSecurity;
import org.springframework.security.config.annotation.web.configurers.AbstractHttpConfigurer;
import org.springframework.security.config.http.SessionCreationPolicy;
import org.springframework.security.crypto.bcrypt.BCryptPasswordEncoder;
import org.springframework.security.crypto.password.PasswordEncoder;
import org.springframework.security.web.SecurityFilterChain;
import org.springframework.security.web.authentication.UsernamePasswordAuthenticationFilter;

/**
 * Security configuration class for setting up Spring Security. Configures JWT authentication,
 * stateless session management, and endpoint access rules.
 */
@Configuration
@EnableWebSecurity
@RequiredArgsConstructor
public class SecurityConfig {

  private static final Logger LOGGER = LoggerFactory.getLogger(SecurityConfig.class);

  private final UserDetailsServiceImpl userDetailsService;
  private final JwtAuthenticationFilter jwtAuthenticationFilter;
  private final BlockedUserFilter blockedUserFilter;
  private final DatabaseHealthFilter databaseHealthFilter;

  /**
   * Configures the security filter chain for HTTP requests. - Disables CSRF - Permits
   * unauthenticated access to /auth/** endpoints - Requires authentication for all other endpoints
   * - Adds JWT authentication filter before UsernamePasswordAuthenticationFilter
   *
   * @param http the HttpSecurity object to configure
   * @return the configured SecurityFilterChain
   * @throws Exception if configuration fails
   */
  @Bean
  public SecurityFilterChain securityFilterChain(HttpSecurity http) throws Exception {",2,"The code provides strong evidence of Spring Boot and Spring Security configuration, showing a SecurityConfig class with filter dependencies and setup for a SecurityFilterChain bean.",,
ITEM_157,JD_JAVA_13,Java Backend Fresher,Fresher,FoodTech & Delivery Platform,"Java, Spring Boot, Spring Security & JWT, MySQL & Spring Data JPA, RabbitMQ / Kafka",huseynovvusal/spring-blog-api,src/main/java/com/huseynovvusal/springblogapi/config/SecurityConfig.java,1,50,File: src/main/java/com/huseynovvusal/springblogapi/config/SecurityConfig.java | Lines 1..50,"package com.huseynovvusal.springblogapi.config;

import com.huseynovvusal.springblogapi.filter.BlockedUserFilter;
import com.huseynovvusal.springblogapi.filter.DatabaseHealthFilter;
import com.huseynovvusal.springblogapi.filter.JwtAuthenticationFilter;
import com.huseynovvusal.springblogapi.service.UserDetailsServiceImpl;
import lombok.RequiredArgsConstructor;
import org.slf4j.Logger;
import org.slf4j.LoggerFactory;
import org.springframework.boot.web.servlet.FilterRegistrationBean;
import org.springframework.context.annotation.Bean;
import org.springframework.context.annotation.Configuration;
import org.springframework.security.authentication.AuthenticationManager;
import org.springframework.security.config.annotation.authentication.configuration.AuthenticationConfiguration;
import org.springframework.security.config.annotation.web.builders.HttpSecurity;
import org.springframework.security.config.annotation.web.configuration.EnableWebSecurity;
import org.springframework.security.config.annotation.web.configurers.AbstractHttpConfigurer;
import org.springframework.security.config.http.SessionCreationPolicy;
import org.springframework.security.crypto.bcrypt.BCryptPasswordEncoder;
import org.springframework.security.crypto.password.PasswordEncoder;
import org.springframework.security.web.SecurityFilterChain;
import org.springframework.security.web.authentication.UsernamePasswordAuthenticationFilter;

/**
 * Security configuration class for setting up Spring Security. Configures JWT authentication,
 * stateless session management, and endpoint access rules.
 */
@Configuration
@EnableWebSecurity
@RequiredArgsConstructor
public class SecurityConfig {

  private static final Logger LOGGER = LoggerFactory.getLogger(SecurityConfig.class);

  private final UserDetailsServiceImpl userDetailsService;
  private final JwtAuthenticationFilter jwtAuthenticationFilter;
  private final BlockedUserFilter blockedUserFilter;
  private final DatabaseHealthFilter databaseHealthFilter;

  /**
   * Configures the security filter chain for HTTP requests. - Disables CSRF - Permits
   * unauthenticated access to /auth/** endpoints - Requires authentication for all other endpoints
   * - Adds JWT authentication filter before UsernamePasswordAuthenticationFilter
   *
   * @param http the HttpSecurity object to configure
   * @return the configured SecurityFilterChain
   * @throws Exception if configuration fails
   */
  @Bean
  public SecurityFilterChain securityFilterChain(HttpSecurity http) throws Exception {",2,The snippet demonstrates Spring Security setup with custom filters and Spring Boot configuration annotations matching the mandatory backend requirements.,,
ITEM_158,JD_JAVA_07,Java API Developer,Fresher,Real-time Messaging & Notification Services,"Java, Spring Boot, Spring WebSocket / STOMP, JWT & Spring Security, PostgreSQL / MySQL / MongoDB",mewebstudio/java-spring-boot-boilerplate,src/main/java/com/mewebstudio/javaspringbootboilerplate/controller/AccountController.java,1,50,File: src/main/java/com/mewebstudio/javaspringbootboilerplate/controller/AccountController.java | Lines 1..50,"package com.mewebstudio.javaspringbootboilerplate.controller;

import com.mewebstudio.javaspringbootboilerplate.dto.request.user.UpdatePasswordRequest;
import com.mewebstudio.javaspringbootboilerplate.dto.response.DetailedErrorResponse;
import com.mewebstudio.javaspringbootboilerplate.dto.response.ErrorResponse;
import com.mewebstudio.javaspringbootboilerplate.dto.response.SuccessResponse;
import com.mewebstudio.javaspringbootboilerplate.dto.response.user.UserResponse;
import com.mewebstudio.javaspringbootboilerplate.service.MessageSourceService;
import com.mewebstudio.javaspringbootboilerplate.service.UserService;
import io.swagger.v3.oas.annotations.Operation;
import io.swagger.v3.oas.annotations.Parameter;
import io.swagger.v3.oas.annotations.media.Content;
import io.swagger.v3.oas.annotations.media.Schema;
import io.swagger.v3.oas.annotations.responses.ApiResponse;
import io.swagger.v3.oas.annotations.security.SecurityRequirement;
import io.swagger.v3.oas.annotations.tags.Tag;
import jakarta.validation.Valid;
import lombok.RequiredArgsConstructor;
import org.springframework.http.MediaType;
import org.springframework.http.ResponseEntity;
import org.springframework.validation.BindException;
import org.springframework.web.bind.annotation.GetMapping;
import org.springframework.web.bind.annotation.PostMapping;
import org.springframework.web.bind.annotation.RequestBody;
import org.springframework.web.bind.annotation.RequestMapping;
import org.springframework.web.bind.annotation.RestController;

import static com.mewebstudio.javaspringbootboilerplate.util.Constants.SECURITY_SCHEME_NAME;

@RestController
@RequiredArgsConstructor
@RequestMapping(""/account"")
@Tag(name = ""002. Account"", description = ""Account API"")
public class AccountController extends AbstractBaseController {
    private final UserService userService;

    private final MessageSourceService messageSourceService;

    @GetMapping(""/me"")
    @Operation(
        summary = ""Me endpoint"",
        security = @SecurityRequirement(name = SECURITY_SCHEME_NAME),
        responses = {
            @ApiResponse(
                responseCode = ""200"",
                description = ""Successful operation"",
                content = @Content(
                    mediaType = ""application/json"",
                    schema = @Schema(implementation = UserResponse.class)
                )",2,"The code is a Spring Boot @RestController utilizing SpringDoc/OpenAPI annotations, DTO validation, and service injections, matching Java API development competencies.",,
ITEM_159,JD_REACT_04,Frontend Engineer,Fresher,B2B SaaS Analytics & Reporting Dashboard,"ReactJS, TypeScript, TanStack React Query, Tailwind CSS, Recharts / Chart.js",hoangtien2k3/ecommerce-microservices,auth-service/src/main/java/com/ecommerce/authservice/controller/AuthController.java,121,137,File: auth-service/src/main/java/com/ecommerce/authservice/controller/AuthController.java | Lines 121..137,"
    /** Anti open-redirect: only bounce to a pre-registered frontend callback. */
    private String resolveFrontendRedirect(String requested) {
        if (StringUtils.hasText(requested) && ssoProperties.getAllowedRedirectUris().contains(requested)) {
            return requested;
        }
        return ssoProperties.getDefaultFrontendRedirect();
    }

    private static ResponseEntity<Void> redirectTo(String url) {
        return ResponseEntity.status(HttpStatus.FOUND).location(URI.create(url)).build();
    }

    private static String appendQuery(String url, String key, String value) {
        return UriComponentsBuilder.fromUriString(url).queryParam(key, value).build().encode().toUriString();
    }
}",0,"The snippet is a backend Java controller method (AuthController.java) handling SSO redirects, which is irrelevant to the frontend ReactJS and TypeScript requirements.",,
ITEM_160,JD_REACT_09,Frontend Web Developer,Intern / Fresher,Service Discovery & Booking Platform,"ReactJS, TypeScript, React Router, Axios",JordanKnott/taskcafe,frontend/src/shared/components/Admin/index.tsx,481,530,File: frontend/src/shared/components/Admin/index.tsx | Lines 481..530,"          <NewUserPassInput defaultValue={userPass.pass} width=""100%"" variant=""alternate"" placeholder=""New password"" />
          <NewUserPassInput
            defaultValue={userPass.passConfirm}
            width=""100%""
            variant=""alternate""
            placeholder=""New password (confirm)""
          />
          <UserPassConfirmButton
            disabled={userPass.pass === '' || userPass.passConfirm === ''}
            onClick={() => {
              if (userPass.pass === userPass.passConfirm && updateUserPassword) {
                updateUserPassword(user, userPass.pass);
              }
            }}
            color=""danger""
          >
            Set password
          </UserPassConfirmButton>
        </Content>
      </Popup>
    </>
  );
};

type NavItemProps = {
  active: boolean;
  name: string;
  tab: number;
  onClick: (tab: number, top: number) => void;
};
const NavItem: React.FC<NavItemProps> = ({ active, name, tab, onClick }) => {
  const $item = useRef<HTMLLIElement>(null);
  return (
    <TabNavItem
      key={name}
      ref={$item}
      onClick={() => {
        if ($item && $item.current) {
          const pos = $item.current.getBoundingClientRect();
          onClick(tab, pos.top);
        }
      }}
    >
      <TabNavItemButton active={active}>
        <TabItemUser width={14} height={14} active={active} />
        <TabNavItemSpan>{name}</TabNavItemSpan>
      </TabNavItemButton>
    </TabNavItem>
  );
};",2,"The code demonstrates React functional components with TypeScript typings (React.FC, custom props), useRef hooks, and event handlers meeting frontend development standards.",,
ITEM_161,JD_REACT_02,ReactJS / TypeScript Intern,Intern/Fresher,Digital Media & Streaming SPA,"HTML5/CSS3, JavaScript (ES6+), TypeScript, ReactJS",ZahraMirzaei/online-shop,components/carousel/Slide.tsx,12,38,File: components/carousel/Slide.tsx | Lines 12..38,"const Slide: React.FC<Props> = ({ title, description, bgImg, url }) => {
  const { t } = useLanguage();

  return (
    <>
      <div
        className={`relative w-[100%] h-[50vh] md:h-[70vh] bg-cover bg-center bg-no-repeat`}
        style={{ backgroundImage: `${bgImg}` }}
      >
        <Link href={url}>
          <a className=""block"">
            <div
              className={`backdrop-filter backdrop-blur-[12px] bg-palette-card/60 p-3 md:p-8 lg:p-10 shadow-lg md:overflow-hidden ltr:text-left rtl:text-right rounded-md md:w-[60%] lg:w-[50%] md:mt-auto absolute bottom-0 md:top-[45%] md:right-[25%] md:bottom-auto`}
            >
              <h3 className=""text-lg md:text-2xl lg:text-3xl font-medium"">
                {t[`${title}`]}
              </h3>
              <p className=""text-[13px] md:text-lg mt-2 md:mt-4 lg:mt-8"">
                {t[`${description}`]}
              </p>
            </div>
          </a>
        </Link>
      </div>
    </>
  );
};",1,"The snippet shows a React component rendering basic JSX with Tailwind classes, but lacks advanced state management, custom hooks, or complex TypeScript typing.",,
ITEM_162,JD_REACT_03,Fullstack TypeScript Fresher,Fresher,Fullstack Web Application Development,"TypeScript, JavaScript (ES6+), ReactJS, Node.js / Express.js, JWT Authentication, MongoDB / PostgreSQL / MySQL",Snailclimb/spring-security-jwt-guide,src/main/java/github/javaguide/springsecurityjwtguide/security/service/AuthService.java,1,50,File: src/main/java/github/javaguide/springsecurityjwtguide/security/service/AuthService.java | Lines 1..50,"package github.javaguide.springsecurityjwtguide.security.service;

import github.javaguide.springsecurityjwtguide.security.common.utils.CurrentUserUtil;
import github.javaguide.springsecurityjwtguide.security.common.utils.JwtTokenUtil;
import github.javaguide.springsecurityjwtguide.security.dto.LoginRequest;
import github.javaguide.springsecurityjwtguide.security.entity.JwtUser;
import github.javaguide.springsecurityjwtguide.system.entity.User;
import github.javaguide.springsecurityjwtguide.system.exception.UserNameNotFoundException;
import github.javaguide.springsecurityjwtguide.system.service.UserService;
import lombok.RequiredArgsConstructor;
import lombok.extern.slf4j.Slf4j;
import org.springframework.beans.factory.annotation.Autowired;
import org.springframework.data.redis.core.StringRedisTemplate;
import org.springframework.security.authentication.BadCredentialsException;
import org.springframework.security.core.Authentication;
import org.springframework.security.core.GrantedAuthority;
import org.springframework.security.core.context.SecurityContextHolder;
import org.springframework.stereotype.Service;

import java.util.List;
import java.util.stream.Collectors;

/**
 * @author shuang.kou
 **/
@Service
@RequiredArgsConstructor(onConstructor = @__(@Autowired))
@Slf4j
public class AuthService {
    private final UserService userService;
    private final StringRedisTemplate stringRedisTemplate;
    private final CurrentUserUtil currentUserUtil;

    public String createToken(LoginRequest loginRequest) {
        User user = userService.find(loginRequest.getUsername());
        if (!userService.check(loginRequest.getPassword(), user.getPassword())) {
            throw new BadCredentialsException(""The user name or password is not correct."");
        }
        JwtUser jwtUser = new JwtUser(user);
        if (!jwtUser.isEnabled()) {
            throw new BadCredentialsException(""User is forbidden to login"");
        }
        List<String> authorities = jwtUser.getAuthorities()
                .stream()
                .map(GrantedAuthority::getAuthority)
                .collect(Collectors.toList());
        String token = JwtTokenUtil.createToken(user.getUserName(), user.getId().toString(), authorities, loginRequest.getRememberMe());
        stringRedisTemplate.opsForValue().set(user.getId().toString(), token);
        return token;
    }",1,"Although the JD specifies fullstack TypeScript/Node.js, the provided code is a Java Spring service handling JWT token generation and authentication via Redis, mismatched with the tech stack.",,
ITEM_163,JD_JAVA_03,Java Backend Fresher,Fresher,Fintech & Payment Gateway,"Java, Spring Boot, Spring Data JPA, PostgreSQL, Redis",Angel-Raa/spring-security-jwt-authentication-and-authorization,src/main/java/com/github/angel/raa/modules/controller/AuthenticationController.java,1,50,File: src/main/java/com/github/angel/raa/modules/controller/AuthenticationController.java | Lines 1..50,"package com.github.angel.raa.modules.controller;


import com.github.angel.raa.modules.persistence.dto.user.UserDto;
import com.github.angel.raa.modules.persistence.dto.user.request.AuthenticateRequest;
import com.github.angel.raa.modules.persistence.dto.user.response.AuthenticateResponse;
import com.github.angel.raa.modules.persistence.dto.user.response.LogoutResponse;
import com.github.angel.raa.modules.service.interfaces.auth.AuthenticationService;
import com.github.angel.raa.modules.utils.constants.Message;
import io.swagger.v3.oas.annotations.Operation;
import io.swagger.v3.oas.annotations.media.Content;
import io.swagger.v3.oas.annotations.responses.ApiResponse;
import io.swagger.v3.oas.annotations.tags.Tag;
import jakarta.servlet.http.HttpServletRequest;
import jakarta.validation.Valid;
import lombok.RequiredArgsConstructor;
import org.springframework.http.HttpStatus;
import org.springframework.http.ResponseEntity;
import org.springframework.security.access.prepost.PreAuthorize;
import org.springframework.web.bind.annotation.*;

import java.time.LocalDateTime;
//@CrossOrigin
@RestController
@RequestMapping(""/auth"")
@RequiredArgsConstructor
@Tag(name = ""Authentication"", description = ""Authentication"")
public class AuthenticationController {
    private final AuthenticationService authenticateService;
    @Operation(summary = ""Validate token"")
    @PreAuthorize(""permitAll"")
    @GetMapping(""/validate-token"")
    public ResponseEntity<Boolean> validateToken(@RequestParam String token) {
        boolean isValid = authenticateService.validateToken(token);
        return ResponseEntity.ok(isValid);
    }
    @Operation(summary = ""Login"")
    @ApiResponse(responseCode = ""200"", description = ""Login successfully"",  content = {@Content(mediaType = ""application/json"")})
    @PreAuthorize(""permitAll"")
    @PostMapping(""/login"")
    public ResponseEntity<AuthenticateResponse> login(@Valid @RequestBody AuthenticateRequest request) {
        AuthenticateResponse response = authenticateService.login(request);
        return ResponseEntity.ok(response);

    }


    @GetMapping(""/profile"")
    @PreAuthorize(""hasAuthority('READ_MY_PROFILE')"")
    public ResponseEntity<UserDto> profile() {",2,"The snippet provides strong evidence of Spring Boot competencies including @RestController, @PreAuthorize, @Valid DTO binding, and Swagger annotations.",,
ITEM_164,JD_JAVA_13,Java Backend Fresher,Fresher,FoodTech & Delivery Platform,"Java, Spring Boot, Spring Security & JWT, MySQL & Spring Data JPA, RabbitMQ / Kafka",huseynovvusal/spring-blog-api,src/main/java/com/huseynovvusal/springblogapi/controller/AuthenticationController.java,120,129,File: src/main/java/com/huseynovvusal/springblogapi/controller/AuthenticationController.java | Lines 120..129,"@Operation(
      summary = ""Refresh tokens"",
      description = ""Rotates a valid refresh token into new access and refresh tokens."")
  @PostMapping(""refresh"")
  @RateLimiter(name = ""auth"")
  public LoginResponse refresh(@Valid @RequestBody RefreshTokenRequest request)
      throws InvalidRefreshTokenException {
    LOGGER.info(""Refresh token attempt"");
    return authenticationService.refreshTokens(request.getRefreshToken());
  }",1,"The snippet is a partial controller method for token refreshing; while it shows Spring Boot and validation usage, it is a small snippet cutting off broader business logic context.",,
ITEM_165,JD_JAVA_13,Java Backend Fresher,Fresher,FoodTech & Delivery Platform,"Java, Spring Boot, Spring Security & JWT, MySQL & Spring Data JPA, RabbitMQ / Kafka",Snailclimb/spring-security-jwt-guide,src/main/java/github/javaguide/springsecurityjwtguide/security/service/AuthService.java,1,50,File: src/main/java/github/javaguide/springsecurityjwtguide/security/service/AuthService.java | Lines 1..50,"package github.javaguide.springsecurityjwtguide.security.service;

import github.javaguide.springsecurityjwtguide.security.common.utils.CurrentUserUtil;
import github.javaguide.springsecurityjwtguide.security.common.utils.JwtTokenUtil;
import github.javaguide.springsecurityjwtguide.security.dto.LoginRequest;
import github.javaguide.springsecurityjwtguide.security.entity.JwtUser;
import github.javaguide.springsecurityjwtguide.system.entity.User;
import github.javaguide.springsecurityjwtguide.system.exception.UserNameNotFoundException;
import github.javaguide.springsecurityjwtguide.system.service.UserService;
import lombok.RequiredArgsConstructor;
import lombok.extern.slf4j.Slf4j;
import org.springframework.beans.factory.annotation.Autowired;
import org.springframework.data.redis.core.StringRedisTemplate;
import org.springframework.security.authentication.BadCredentialsException;
import org.springframework.security.core.Authentication;
import org.springframework.security.core.GrantedAuthority;
import org.springframework.security.core.context.SecurityContextHolder;
import org.springframework.stereotype.Service;

import java.util.List;
import java.util.stream.Collectors;

/**
 * @author shuang.kou
 **/
@Service
@RequiredArgsConstructor(onConstructor = @__(@Autowired))
@Slf4j
public class AuthService {
    private final UserService userService;
    private final StringRedisTemplate stringRedisTemplate;
    private final CurrentUserUtil currentUserUtil;

    public String createToken(LoginRequest loginRequest) {
        User user = userService.find(loginRequest.getUsername());
        if (!userService.check(loginRequest.getPassword(), user.getPassword())) {
            throw new BadCredentialsException(""The user name or password is not correct."");
        }
        JwtUser jwtUser = new JwtUser(user);
        if (!jwtUser.isEnabled()) {
            throw new BadCredentialsException(""User is forbidden to login"");
        }
        List<String> authorities = jwtUser.getAuthorities()
                .stream()
                .map(GrantedAuthority::getAuthority)
                .collect(Collectors.toList());
        String token = JwtTokenUtil.createToken(user.getUserName(), user.getId().toString(), authorities, loginRequest.getRememberMe());
        stringRedisTemplate.opsForValue().set(user.getId().toString(), token);
        return token;
    }",2,"The code demonstrates core Spring Boot service implementation with security handling, exception throwing, and Redis integration for token persistence.",,
ITEM_166,JD_REACT_05,Next.js & TypeScript Frontend Developer,Fresher / Junior,High-Performance Web & Digital Commerce,"ReactJS, TypeScript, Next.js, Tailwind CSS, RESTful API / GraphQL",vercel/commerce,components/welcome-toast.tsx,1,36,File: components/welcome-toast.tsx | Lines 1..36,"""use client"";

import { useEffect } from ""react"";
import { toast } from ""sonner"";

export function WelcomeToast() {
  useEffect(() => {
    // ignore if screen height is too small
    if (window.innerHeight < 650) return;
    if (!document.cookie.includes(""welcome-toast=2"")) {
      toast(""🛍️ Welcome to Next.js Commerce!"", {
        id: ""welcome-toast"",
        duration: Infinity,
        onDismiss: () => {
          document.cookie = ""welcome-toast=2; max-age=31536000; path=/"";
        },
        description: (
          <>
            This is a high-performance, SSR storefront powered by Shopify,
            Next.js, and Vercel.{"" ""}
            <a
              href=""https://vercel.com/templates/next.js/nextjs-commerce""
              className=""text-blue-600 hover:underline""
              target=""_blank""
            >
              Deploy your own
            </a>
            .
          </>
        ),
      });
    }
  }, []);

  return null;
}",0,"The code snippet is a standard UI toast component containing mostly boilerplate JSX and cookie manipulation logic, which does not provide significant evidence of advanced React state management or RESTful API/GraphQL competencies.",,
ITEM_167,JD_REACT_03,Fullstack TypeScript Fresher,Fresher,Fullstack Web Application Development,"TypeScript, JavaScript (ES6+), ReactJS, Node.js / Express.js, JWT Authentication, MongoDB / PostgreSQL / MySQL",boxyhq/saas-starter-kit,components/account/UpdateName.tsx,1,50,File: components/account/UpdateName.tsx | Lines 1..50,"import { useFormik } from 'formik';
import toast from 'react-hot-toast';
import { useTranslation } from 'next-i18next';
import { Button, Input } from 'react-daisyui';

import type { ApiResponse } from 'types';
import { Card } from '@/components/shared';
import { defaultHeaders } from '@/lib/common';
import { User } from '@prisma/client';
import { useSession } from 'next-auth/react';
import { useRouter } from 'next/router';
import { updateAccountSchema } from '@/lib/zod';

const UpdateName = ({ user }: { user: Partial<User> }) => {
  const { t } = useTranslation('common');
  const { update } = useSession();
  const router = useRouter();

  const formik = useFormik({
    initialValues: {
      name: user.name,
    },
    validateOnBlur: false,
    enableReinitialize: true,
    validate: (values) => {
      try {
        updateAccountSchema.parse(values);
      } catch (error: any) {
        return error.formErrors.fieldErrors;
      }
    },
    onSubmit: async (values) => {
      const response = await fetch('/api/users', {
        method: 'PUT',
        headers: defaultHeaders,
        body: JSON.stringify(values),
      });

      if (!response.ok) {
        const json = (await response.json()) as ApiResponse;
        toast.error(json.error.message);
        return;
      }

      await update({
        name: values.name,
      });

      router.replace('/settings/account');
      toast.success(t('successfully-updated'));",2,"The code demonstrates strong React/TypeScript competency by implementing form handling with Formik, schema validation via Zod, session updates, and REST API calls.",,
ITEM_168,JD_REACT_04,Frontend Engineer,Fresher,B2B SaaS Analytics & Reporting Dashboard,"ReactJS, TypeScript, TanStack React Query, Tailwind CSS, Recharts / Chart.js",JordanKnott/taskcafe,frontend/src/shared/components/Admin/index.tsx,521,570,File: frontend/src/shared/components/Admin/index.tsx | Lines 521..570,"        }
      }}
    >
      <TabNavItemButton active={active}>
        <TabItemUser width={14} height={14} active={active} />
        <TabNavItemSpan>{name}</TabNavItemSpan>
      </TabNavItemButton>
    </TabNavItem>
  );
};

type AdminProps = {
  initialTab: number;
  onAddUser: ($target: React.RefObject<HTMLElement>) => void;
  onDeleteUser: (userID: string, newOwnerID: string | null) => void;
  onInviteUser: ($target: React.RefObject<HTMLElement>) => void;
  users: Array<User>;
  invitedUsers: Array<InvitedUserAccount>;
  canInviteUser: boolean;
  onUpdateUserPassword: (user: TaskUser, password: string) => void;
  onDeleteInvitedUser: (invitedUserID: string) => void;
};

const Admin: React.FC<AdminProps> = ({
  initialTab,
  onAddUser,
  onUpdateUserPassword,
  canInviteUser,
  onDeleteUser,
  onDeleteInvitedUser,
  onInviteUser,
  invitedUsers,
  users,
}) => {
  const warning =
    'You can’t leave because you are the only admin. To make another user an admin, click their avatar, select “Change permissions…”, and select “Admin”.';
  const [currentTop, setTop] = useState(initialTab * 48);
  const [currentTab, setTab] = useState(initialTab);
  const { showPopup } = usePopup();
  const $tabNav = useRef<HTMLDivElement>(null);

  const [updateUserRole] = useUpdateUserRoleMutation();
  return (
    <Container>
      <TabNav ref={$tabNav}>
        <TabNavContent>
          {items.map((item, idx) => (
            <NavItem
              key={item.name}
              onClick={(tab, top) => {",1,"The snippet is a mid-file fragment containing component prop definitions and basic state hooks, offering only peripheral evidence of React component structuring.",,
ITEM_169,JD_JAVA_02,Junior Java Developer,Intern/Fresher,Enterprise Web & HRM Systems,"Java, Spring Boot, Spring Data JPA, PostgreSQL, JUnit",mewebstudio/java-spring-boot-boilerplate,src/main/java/com/mewebstudio/javaspringbootboilerplate/controller/AccountController.java,39,64,File: src/main/java/com/mewebstudio/javaspringbootboilerplate/controller/AccountController.java | Lines 39..64,"@GetMapping(""/me"")
    @Operation(
        summary = ""Me endpoint"",
        security = @SecurityRequirement(name = SECURITY_SCHEME_NAME),
        responses = {
            @ApiResponse(
                responseCode = ""200"",
                description = ""Successful operation"",
                content = @Content(
                    mediaType = ""application/json"",
                    schema = @Schema(implementation = UserResponse.class)
                )
            ),
            @ApiResponse(
                responseCode = ""401"",
                description = ""Bad credentials"",
                content = @Content(
                    mediaType = MediaType.APPLICATION_JSON_VALUE,
                    schema = @Schema(implementation = ErrorResponse.class)
                )
            )
        }
    )
    public ResponseEntity<UserResponse> me() {
        return ResponseEntity.ok(UserResponse.convert(userService.getUser()));
    }",1,"This snippet shows a basic Spring Boot controller method returning a delegated service response with OpenAPI annotations, representing simple CRUD/delegation boilerplate.",,
ITEM_170,JD_JAVA_12,Junior Java Developer,Junior,Enterprise Software & Financial Services,"Java 17, Spring Boot, JUnit 5 & Mockito, PostgreSQL/MySQL",jhcode33/react-spring-blog-backend,src/main/java/jhcode/blog/controller/BoardController.java,67,73,File: src/main/java/jhcode/blog/controller/BoardController.java | Lines 67..73,"@PatchMapping(""/{boardId}/update"")
    public ResponseEntity<ResBoardDetailsDto> update(
            @PathVariable Long boardId,
            @RequestBody BoardUpdateDto boardDTO) {
        ResBoardDetailsDto updateBoardDTO = boardService.update(boardId, boardDTO);
        return ResponseEntity.status(HttpStatus.OK).body(updateBoardDTO);
    }",1,The code is a straightforward Spring Boot patch mapping method that simply delegates to a service layer without complex business logic or transactional configurations.,,
ITEM_171,JD_REACT_03,Fullstack TypeScript Fresher,Fresher,Fullstack Web Application Development,"TypeScript, JavaScript (ES6+), ReactJS, Node.js / Express.js, JWT Authentication, MongoDB / PostgreSQL / MySQL",robbins23/admin-dashboard-nextjs-typescript-daisyui-template,src/components/input/text-area.tsx,13,42,File: src/components/input/text-area.tsx | Lines 13..42,"function TextArea({
  labelTitle,
  labelStyle,
  containerStyle,
  defaultValue,
  placeholder,
  updateFormValue,
  updateType,
}: TextAreaProps): JSX.Element {
  const [value, setValue] = useState<string>(defaultValue || '');

  const updateTextAreaValue = (val: string): void => {
    setValue(val);
    updateFormValue(updateType, val);
  };

  return (
    <div className={`form-control w-full ${containerStyle}`}>
      <label className=""label"">
        <span className={'label-text text-xs text-base-content ' + (labelStyle || '')}>{labelTitle}</span>
      </label>
      <textarea
        value={value}
        placeholder={placeholder || ''}
        onChange={(e) => updateTextAreaValue(e.target.value)}
        className=""textarea textarea-bordered w-full""
      />
    </div>
  );
}",1,"The component renders a basic text area element with standard useState handling, providing minimal, peripheral evidence of React and TypeScript skills.",,
ITEM_172,JD_JAVA_12,Junior Java Developer,Junior,Enterprise Software & Financial Services,"Java 17, Spring Boot, JUnit 5 & Mockito, PostgreSQL/MySQL",sosow0212/community,src/main/java/yoon/community/config/auth/CustomUserDetailsService.java,1,42,File: src/main/java/yoon/community/config/auth/CustomUserDetailsService.java | Lines 1..42,"package yoon.community.config.auth;

import lombok.RequiredArgsConstructor;
import org.springframework.security.core.GrantedAuthority;
import org.springframework.security.core.authority.SimpleGrantedAuthority;
import org.springframework.security.core.userdetails.User;
import org.springframework.security.core.userdetails.UserDetails;
import org.springframework.security.core.userdetails.UserDetailsService;
import org.springframework.security.core.userdetails.UsernameNotFoundException;
import org.springframework.stereotype.Service;
import org.springframework.transaction.annotation.Transactional;
import yoon.community.domain.member.Member;
import yoon.community.repository.member.MemberRepository;

import java.util.Collections;

@Service
@RequiredArgsConstructor
public class CustomUserDetailsService implements UserDetailsService {

    private final MemberRepository memberRepository;

    @Override
    @Transactional
    public UserDetails loadUserByUsername(String username) throws UsernameNotFoundException {
        return memberRepository.findByUsername(username)
                .map(this::createUserDetails)
                .orElseThrow(() -> new UsernameNotFoundException(username + "" -> 데이터베이스에서 찾을 수 없습니다.""));
    }

    // DB 에 User 값이 존재한다면 UserDetails 객체로 만들어서 리턴
    private UserDetails createUserDetails(Member member) {
        GrantedAuthority grantedAuthority = new SimpleGrantedAuthority(member.getAuthority().toString());

        return new User(
//                String.valueOf(member.getId()),
                member.getUsername(),
                member.getPassword(),
                Collections.singleton(grantedAuthority)
        );
    }
}",2,"This class provides strong, direct evidence of Spring Security implementation by implementing UserDetailsService and configuring transactional user authentication and authority loading.",,
ITEM_173,JD_REACT_10,Fullstack React & TypeScript Developer,Fresher / Junior,EdTech Fullstack Application,"TypeScript, ReactJS, Node.js / Express / NestJS, Redux Toolkit / Zustand, Prisma / TypeORM / Mongoose, Git",sudeepmahato16/movie-app,src/pages/Catalog/components/Search.tsx,9,40,File: src/pages/Catalog/components/Search.tsx | Lines 9..40,"const Search: React.FC<SearchProps> = ({ setQuery }) => {
  const { category } = useParams();
  const [search, setSearch] = useState<string>("""");

  const handleSubmit = (e: React.FormEvent) => {
    e.preventDefault();
    if (!search) return;
    setQuery({ search });
    setSearch("""");
  };

  return (
    <form
      className=""text-[14px] lg:py-10 md:pt-9 md:pb-10 sm:pt-8 sm:pb-10  pt-6 pb-8 flex flex-row items-center justify-center""
      onSubmit={handleSubmit}
    >
      <input
        type=""text""
        className=""py-[8px] pl-[20px] pr-[36px]  rounded-full outline-none w-[300px] md:w-[340px]  shadow-md transition-all duration-300 focus:shadow-sm text-[#666] focus:bg-[#ffffff] bg-[#fdfdfd] font-medium dark:bg-[#302d3a] dark:text-primary dark:focus:bg-[#474550]""
        onChange={(e) => setSearch(e.target.value)}
        value={search}
        placeholder={`Search ${category === ""movie"" ? ""movies"" : ""tv series""}`}
      />
      <button
        type=""submit""
        className=""text-[18px] -ml-[32px] text-[#ff0000] z-[1]""
      >
        <GoSearch />
      </button>
    </form>
  );
};",1,"The component handles a standard search form submission with local state and route parameters, representing a typical UI component rather than complex state or backend integration.",,
ITEM_174,JD_JAVA_15,Java Backend Fresher,Fresher,Retail & Warehouse Inventory Management,"Java 17, Spring Boot, Spring Data JPA, MySQL/PostgreSQL, JWT",f-lab-edu/fast-shoppers,src/main/java/com/fastshoppers/entity/Product.java,1,50,File: src/main/java/com/fastshoppers/entity/Product.java | Lines 1..50,"package com.fastshoppers.entity;

import java.math.BigDecimal;

import org.springframework.data.jpa.domain.support.AuditingEntityListener;

import jakarta.persistence.AttributeOverride;
import jakarta.persistence.Column;
import jakarta.persistence.Entity;
import jakarta.persistence.EntityListeners;
import jakarta.persistence.FetchType;
import jakarta.persistence.JoinColumn;
import jakarta.persistence.ManyToOne;
import jakarta.persistence.Table;
import lombok.AllArgsConstructor;
import lombok.Getter;
import lombok.NoArgsConstructor;
import lombok.Setter;
import lombok.ToString;

@Entity
@AttributeOverride(name = ""id"", column = @Column(name = ""product_id"", nullable = false))
@Table(name = ""product"")
@Getter
@Setter
@NoArgsConstructor
@AllArgsConstructor
@EntityListeners(AuditingEntityListener.class)
@ToString
public class Product extends BaseEntity {

	@Column(name = ""product_uuid"", nullable = false, unique = true)
	private String productUuid;

	@ManyToOne(fetch = FetchType.LAZY)
	@JoinColumn(name = ""category_id"", nullable = false)
	private Category category;

	@Column(name = ""product_name"", length = 255, nullable = false)
	private String productName;

	@Column(name = ""product_subtitle"", length = 255)
	private String productSubtitle;

	@Column(name = ""list_price"", nullable = false)
	private BigDecimal listPrice;

	@Column(name = ""selling_price"", nullable = false)
	private BigDecimal sellingPrice;
",1,"This entity definition uses standard Spring Data JPA annotations and an auditing entity listener, which counts as basic configuration/boilerplate evidence.",,
ITEM_175,JD_JAVA_13,Java Backend Fresher,Fresher,FoodTech & Delivery Platform,"Java, Spring Boot, Spring Security & JWT, MySQL & Spring Data JPA, RabbitMQ / Kafka",mewebstudio/java-spring-boot-boilerplate,src/main/java/com/mewebstudio/javaspringbootboilerplate/controller/AccountController.java,41,90,File: src/main/java/com/mewebstudio/javaspringbootboilerplate/controller/AccountController.java | Lines 41..90,"        summary = ""Me endpoint"",
        security = @SecurityRequirement(name = SECURITY_SCHEME_NAME),
        responses = {
            @ApiResponse(
                responseCode = ""200"",
                description = ""Successful operation"",
                content = @Content(
                    mediaType = ""application/json"",
                    schema = @Schema(implementation = UserResponse.class)
                )
            ),
            @ApiResponse(
                responseCode = ""401"",
                description = ""Bad credentials"",
                content = @Content(
                    mediaType = MediaType.APPLICATION_JSON_VALUE,
                    schema = @Schema(implementation = ErrorResponse.class)
                )
            )
        }
    )
    public ResponseEntity<UserResponse> me() {
        return ResponseEntity.ok(UserResponse.convert(userService.getUser()));
    }

    @PostMapping(""/password"")
    @Operation(
        summary = ""Password update endpoint"",
        security = @SecurityRequirement(name = SECURITY_SCHEME_NAME),
        responses = {
            @ApiResponse(
                responseCode = ""200"",
                description = ""Successful operation"",
                content = @Content(
                    mediaType = ""application/json"",
                    schema = @Schema(implementation = SuccessResponse.class)
                )
            ),
            @ApiResponse(
                responseCode = ""401"",
                description = ""Bad credentials"",
                content = @Content(
                    mediaType = MediaType.APPLICATION_JSON_VALUE,
                    schema = @Schema(implementation = ErrorResponse.class)
                )
            ),
            @ApiResponse(
                responseCode = ""422"",
                description = ""Validation failed"",
                content = @Content(",1,"The snippet shows controller endpoint annotations and documentation boilerplate, cutting off before revealing any substantive controller logic.",,
ITEM_176,JD_JAVA_09,Java Backend Intern,Intern,Digital Library & Bookstore API,"Java Core, Spring Boot, Spring Data JPA, MySQL/PostgreSQL",devdcores/BookStoreApp-Distributed-Application,bookstore-account-service/src/main/java/com/devd/spring/bookstoreaccountservice/config/AuthorizationServerConfig.java,94,101,File: bookstore-account-service/src/main/java/com/devd/spring/bookstoreaccountservice/config/AuthorizationServerConfig.java | Lines 94..101,"@Bean
  @Primary
  public DefaultTokenServices tokenServices(final TokenStore tokenStore) {
    DefaultTokenServices tokenServices = new DefaultTokenServices();
    tokenServices.setSupportRefreshToken(true);
    tokenServices.setTokenStore(tokenStore);
    return tokenServices;
  }",2,Provides direct evidence of Spring configuration by defining an OAuth2/security-related DefaultTokenServices bean for token management.,,
ITEM_177,JD_JAVA_02,Junior Java Developer,Intern/Fresher,Enterprise Web & HRM Systems,"Java, Spring Boot, Spring Data JPA, PostgreSQL, JUnit",Rapter1990/parkinglot,src/main/java/com/project/parkinglot/repository/PriceListRepository.java,1,10,File: src/main/java/com/project/parkinglot/repository/PriceListRepository.java | Lines 1..10,"package com.project.parkinglot.repository;

import com.project.parkinglot.model.entity.PriceListEntity;
import org.springframework.data.jpa.repository.JpaRepository;

/**
 * Repository interface named {@link PriceListRepository} for managing price lists.
 */
public interface PriceListRepository extends JpaRepository<PriceListEntity, String> {
}",1,"Simple Spring Data JPA repository interface extending JpaRepository without custom business logic, serving as peripheral evidence.",,
ITEM_178,JD_JAVA_12,Junior Java Developer,Junior,Enterprise Software & Financial Services,"Java 17, Spring Boot, JUnit 5 & Mockito, PostgreSQL/MySQL",mewebstudio/java-spring-boot-boilerplate,src/main/java/com/mewebstudio/javaspringbootboilerplate/controller/AccountController.java,39,64,File: src/main/java/com/mewebstudio/javaspringbootboilerplate/controller/AccountController.java | Lines 39..64,"@GetMapping(""/me"")
    @Operation(
        summary = ""Me endpoint"",
        security = @SecurityRequirement(name = SECURITY_SCHEME_NAME),
        responses = {
            @ApiResponse(
                responseCode = ""200"",
                description = ""Successful operation"",
                content = @Content(
                    mediaType = ""application/json"",
                    schema = @Schema(implementation = UserResponse.class)
                )
            ),
            @ApiResponse(
                responseCode = ""401"",
                description = ""Bad credentials"",
                content = @Content(
                    mediaType = MediaType.APPLICATION_JSON_VALUE,
                    schema = @Schema(implementation = ErrorResponse.class)
                )
            )
        }
    )
    public ResponseEntity<UserResponse> me() {
        return ResponseEntity.ok(UserResponse.convert(userService.getUser()));
    }",2,Shows a well-annotated Spring Boot REST controller endpoint with OpenAPI documentation and service delegation.,,
ITEM_179,JD_REACT_02,ReactJS / TypeScript Intern,Intern/Fresher,Digital Media & Streaming SPA,"HTML5/CSS3, JavaScript (ES6+), TypeScript, ReactJS",robbins23/admin-dashboard-nextjs-typescript-daisyui-template,src/components/input/text-area.tsx,1,44,File: src/components/input/text-area.tsx | Lines 1..44,"import React, { useState } from 'react';

interface TextAreaProps {
  labelTitle: string;
  labelStyle?: string;
  containerStyle?: string;
  defaultValue?: string;
  placeholder?: string;
  updateFormValue: (updateType: string, value: string) => void;
  updateType: string;
}

function TextArea({
  labelTitle,
  labelStyle,
  containerStyle,
  defaultValue,
  placeholder,
  updateFormValue,
  updateType,
}: TextAreaProps): JSX.Element {
  const [value, setValue] = useState<string>(defaultValue || '');

  const updateTextAreaValue = (val: string): void => {
    setValue(val);
    updateFormValue(updateType, val);
  };

  return (
    <div className={`form-control w-full ${containerStyle}`}>
      <label className=""label"">
        <span className={'label-text text-xs text-base-content ' + (labelStyle || '')}>{labelTitle}</span>
      </label>
      <textarea
        value={value}
        placeholder={placeholder || ''}
        onChange={(e) => updateTextAreaValue(e.target.value)}
        className=""textarea textarea-bordered w-full""
      />
    </div>
  );
}

export default TextArea;",2,Displays a typed React component using TypeScript interfaces and the useState hook for state management and event handling.,,
ITEM_180,JD_REACT_06,Junior ReactJS Developer,Junior,Productivity & Collaborative Kanban System,"ReactJS, TypeScript, Redux Toolkit / Zustand, React Hook Form & Zod/Yup, Tailwind CSS / CSS-in-JS",sylvaincodes/youtube_ecommerce,components/modules/custom/Container.tsx,3,11,File: components/modules/custom/Container.tsx | Lines 3..11,"export default function Container({
  children,
  className,
}: {
  children: React.ReactNode;
  className?: string;
}) {
  return <div className={`container h-full w-full ${className}`}>{children}</div>;
}",0,Trivial boilerplate container component with zero business logic or complex UI state.,,
ITEM_181,JD_REACT_03,Fullstack TypeScript Fresher,Fresher,Fullstack Web Application Development,"TypeScript, JavaScript (ES6+), ReactJS, Node.js / Express.js, JWT Authentication, MongoDB / PostgreSQL / MySQL",JordanKnott/taskcafe,frontend/src/shared/components/Admin/index.tsx,1,50,File: frontend/src/shared/components/Admin/index.tsx | Lines 1..50,"import React, { useState, useRef } from 'react';
import styled, { css } from 'styled-components';
import TaskAssignee from 'shared/components/TaskAssignee';
import Select from 'shared/components/Select';
import { User, UserPlus, Checkmark } from 'shared/icons';
import { usePopup, Popup } from 'shared/components/PopupMenu';
import { RoleCode, useUpdateUserRoleMutation } from 'shared/generated/graphql';
import Input from 'shared/components/Input';
import Button from 'shared/components/Button';
import NOOP from 'shared/utils/noop';
import { mixin } from 'shared/utils/styles';

const UserSelect = styled(Select)`
  margin: 8px 0;
  padding: 8px 0;
`;

const NewUserPassInput = styled(Input)`
  margin: 8px 0;
`;

const InviteMemberButton = styled(Button)`
  padding: 7px 12px;
`;

const UserPassBar = styled.div`
  display: flex;
  padding-top: 8px;
`;

const UserPassConfirmButton = styled(Button)`
  width: 100%;
  padding: 7px 12px;
`;

const UserPassButton = styled(Button)`
  width: 50%;
  padding: 7px 12px;
  & ~ & {
    margin-left: 6px;
  }
`;

const MemberItemOptions = styled.div``;

const MemberItemOption = styled(Button)`
  padding: 7px 9px;
  margin: 4px 0 4px 8px;
  float: left;
  min-width: 95px;",0,Snippet is restricted to styled-components definitions and imports without any core logic or functional implementation.,,
ITEM_182,JD_JAVA_06,Fresher Java Backend Engineer,Fresher,Digital Healthcare & Telemedicine,"Java 11/17, Spring Boot, Spring Data JPA, PostgreSQL/MySQL",jhcode33/react-spring-blog-backend,src/main/java/jhcode/blog/repository/FileRepository.java,1,8,File: src/main/java/jhcode/blog/repository/FileRepository.java | Lines 1..8,"package jhcode.blog.repository;

import jhcode.blog.entity.FileEntity;
import org.springframework.data.jpa.repository.JpaRepository;

public interface FileRepository extends JpaRepository<FileEntity, Long> {

}",1,"Standard Spring Data JPA repository interface with no custom query logic, representing basic persistence setup.",,
ITEM_183,JD_REACT_09,Frontend Web Developer,Intern / Fresher,Service Discovery & Booking Platform,"ReactJS, TypeScript, React Router, Axios",Snouzy/workout-cool,app/api/premium/plans/route.ts,212,250,File: app/api/premium/plans/route.ts | Lines 212..250,"export async function GET(request: NextRequest) {
  try {
    const { searchParams } = new URL(request.url);
    const provider = searchParams.get(""provider"") || undefined;

    // Use provided region or auto-detect
    let region = searchParams.get(""region"") || undefined;
    if (!region) {
      region = detectUserRegion(request);
    } else {
      console.log(""📍 Région fournie explicitement:"", region);
    }

    const plans = await PremiumManager.getAvailablePlans(provider, region);
    console.log(`\n✅ Retour de ${plans.length} plan(s) pour la région: ${region}\n`);

    // Include debug info only in development
    const response: any = {
      plans,
      detectedRegion: region,
    };

    if (process.env.NODE_ENV === ""development"") {
      response.debug = {
        headers: {
          country: request.headers.get(""x-vercel-ip-country"") || request.headers.get(""cf-ipcountry""),
          acceptLanguage: request.headers.get(""accept-language""),
          timezone: searchParams.get(""tz""),
        },
      };
    }

    return NextResponse.json(response);
  } catch (error) {
    console.error(""Error fetching plans:"", error);

    return NextResponse.json({ error: ""Failed to fetch plans"" }, { status: 500 });
  }
}",2,"Implements an API route handler in Next.js/TypeScript with query parameter parsing, regional logic, environment checks, and error handling.",,
ITEM_184,JD_JAVA_05,Backend Developer (Java/Spring Boot),Fresher,EdTech & Learning Management Systems (LMS),"Java Core, Spring Boot, Spring Security, Spring Data JPA, MySQL",mdtalalwasim/blog-application-spring-boot-rest-api,blog-application-springboot-rest-apis/src/main/java/com/mdtalalwasim/blog/app/BlogApplicationSpringbootRestApisApplication.java,46,76,File: blog-application-springboot-rest-apis/src/main/java/com/mdtalalwasim/blog/app/BlogApplicationSpringbootRestApisApplication.java | Lines 46..76,"@Override
	public void run(String... args) throws Exception {
		System.out.println(this.passwordEncoder.encode(""123456""));
		System.out.println(this.passwordEncoder.encode(""selim""));
		
		
		try {
			
			//create 2 Role, When Application run 1st time. if role is created before then it will not created again.
			Role role = new Role();
			role.setId(ApplicationConstants.ADMIN_USER_ID_HARDCODED_ID_VALUE);//role.setId(7001);
			role.setName(""ADMIN_USER"");
			
			Role role2 = new Role();
			role2.setId(ApplicationConstants.NORMAL_USER_ID_HARDCODED_ID_VALUE);//role.setId(7001);
			role2.setName(""NORMAL_USER"");
			
			List<Role> roles = List.of(role,role2);
			
			List<Role> rolesResult	 = this.roleRepository.saveAll(roles);
			
			//only systout for personal check.
			rolesResult.forEach(r->{
				System.out.println(r.getName());  
			});
			
			
		} catch (Exception e) {
			
		}
	}",2,Demonstrates Spring Boot CommandLineRunner implementation that initializes database entities (Roles) using Spring Data JPA.,,
ITEM_185,JD_JAVA_01,Backend Developer (Java / Spring Boot),Fresher,E-Commerce Platform,"Java, Spring Boot, Spring Security & JWT, Spring Data JPA / Hibernate, MySQL, Git",Angel-Raa/spring-security-jwt-authentication-and-authorization,src/main/java/com/github/angel/raa/modules/persistence/repository/ProductRepository.java,1,6,File: src/main/java/com/github/angel/raa/modules/persistence/repository/ProductRepository.java | Lines 1..6,"package com.github.angel.raa.modules.persistence.repository;

import com.github.angel.raa.modules.persistence.models.Product;
import org.springframework.data.jpa.repository.JpaRepository;

public interface ProductRepository extends JpaRepository<Product, Long> { }",1,"Simple Spring Data JPA repository interface for Product persistence, providing standard CRUD capabilities without custom methods.",,
ITEM_186,JD_REACT_02,ReactJS / TypeScript Intern,Intern/Fresher,Digital Media & Streaming SPA,"HTML5/CSS3, JavaScript (ES6+), TypeScript, ReactJS",JordanKnott/taskcafe,frontend/src/shared/components/Admin/index.tsx,1,50,File: frontend/src/shared/components/Admin/index.tsx | Lines 1..50,"import React, { useState, useRef } from 'react';
import styled, { css } from 'styled-components';
import TaskAssignee from 'shared/components/TaskAssignee';
import Select from 'shared/components/Select';
import { User, UserPlus, Checkmark } from 'shared/icons';
import { usePopup, Popup } from 'shared/components/PopupMenu';
import { RoleCode, useUpdateUserRoleMutation } from 'shared/generated/graphql';
import Input from 'shared/components/Input';
import Button from 'shared/components/Button';
import NOOP from 'shared/utils/noop';
import { mixin } from 'shared/utils/styles';

const UserSelect = styled(Select)`
  margin: 8px 0;
  padding: 8px 0;
`;

const NewUserPassInput = styled(Input)`
  margin: 8px 0;
`;

const InviteMemberButton = styled(Button)`
  padding: 7px 12px;
`;

const UserPassBar = styled.div`
  display: flex;
  padding-top: 8px;
`;

const UserPassConfirmButton = styled(Button)`
  width: 100%;
  padding: 7px 12px;
`;

const UserPassButton = styled(Button)`
  width: 50%;
  padding: 7px 12px;
  & ~ & {
    margin-left: 6px;
  }
`;

const MemberItemOptions = styled.div``;

const MemberItemOption = styled(Button)`
  padding: 7px 9px;
  margin: 4px 0 4px 8px;
  float: left;
  min-width: 95px;",0,"The snippet only contains CSS-in-JS styled component definitions and imports, lacking any core React component logic, state, or TypeScript typing for props/business functions.",,
ITEM_187,JD_REACT_10,Fullstack React & TypeScript Developer,Fresher / Junior,EdTech Fullstack Application,"TypeScript, ReactJS, Node.js / Express / NestJS, Redux Toolkit / Zustand, Prisma / TypeORM / Mongoose, Git",sylvaincodes/youtube_ecommerce,components/modules/custom/Container.tsx,3,11,File: components/modules/custom/Container.tsx | Lines 3..11,"export default function Container({
  children,
  className,
}: {
  children: React.ReactNode;
  className?: string;
}) {
  return <div className={`container h-full w-full ${className}`}>{children}</div>;
}",1,A simple React container component rendering basic children with Tailwind classes; provides only peripheral/basic evidence of ReactJS and TypeScript usage.,,
ITEM_188,JD_JAVA_05,Backend Developer (Java/Spring Boot),Fresher,EdTech & Learning Management Systems (LMS),"Java Core, Spring Boot, Spring Security, Spring Data JPA, MySQL",Rapter1990/parkinglot,src/main/java/com/project/parkinglot/logging/repository/LogRepository.java,1,10,File: src/main/java/com/project/parkinglot/logging/repository/LogRepository.java | Lines 1..10,"package com.project.parkinglot.logging.repository;

import com.project.parkinglot.logging.entity.LogEntity;
import org.springframework.data.jpa.repository.JpaRepository;

/**
 * Repository interface named {@link LogRepository} for managing log entity persistence.
 */
public interface LogRepository extends JpaRepository<LogEntity, Long> {
}",1,"An empty Spring Data JPA repository interface extending JpaRepository, which represents standard framework boilerplate without custom query methods or business logic.",,
ITEM_189,JD_JAVA_12,Junior Java Developer,Junior,Enterprise Software & Financial Services,"Java 17, Spring Boot, JUnit 5 & Mockito, PostgreSQL/MySQL",mewebstudio/java-spring-boot-boilerplate,src/main/java/com/mewebstudio/javaspringbootboilerplate/controller/AccountController.java,66,106,File: src/main/java/com/mewebstudio/javaspringbootboilerplate/controller/AccountController.java | Lines 66..106,"@PostMapping(""/password"")
    @Operation(
        summary = ""Password update endpoint"",
        security = @SecurityRequirement(name = SECURITY_SCHEME_NAME),
        responses = {
            @ApiResponse(
                responseCode = ""200"",
                description = ""Successful operation"",
                content = @Content(
                    mediaType = ""application/json"",
                    schema = @Schema(implementation = SuccessResponse.class)
                )
            ),
            @ApiResponse(
                responseCode = ""401"",
                description = ""Bad credentials"",
                content = @Content(
                    mediaType = MediaType.APPLICATION_JSON_VALUE,
                    schema = @Schema(implementation = ErrorResponse.class)
                )
            ),
            @ApiResponse(
                responseCode = ""422"",
                description = ""Validation failed"",
                content = @Content(
                    mediaType = MediaType.APPLICATION_JSON_VALUE,
                    schema = @Schema(implementation = DetailedErrorResponse.class)
                )
            )
        }
    )
    public ResponseEntity<SuccessResponse> password(
        @Parameter(description = ""Request body to update password"", required = true)
        @RequestBody @Valid UpdatePasswordRequest request
    ) throws BindException {
        userService.updatePassword(request);

        return ResponseEntity.ok(SuccessResponse.builder()
            .message(messageSourceService.get(""your_password_updated""))
            .build());
    }",2,"Provides strong, direct evidence of Spring Boot competencies through a fully annotated REST controller endpoint with OpenAPI documentation, DTO validation, and service delegation.",,
ITEM_190,JD_REACT_09,Frontend Web Developer,Intern / Fresher,Service Discovery & Booking Platform,"ReactJS, TypeScript, React Router, Axios",sudeepmahato16/movie-app,src/pages/Catalog/components/Search.tsx,1,42,File: src/pages/Catalog/components/Search.tsx | Lines 1..42,"import React, { useState } from ""react"";
import { useParams } from ""react-router-dom"";
import { GoSearch } from ""react-icons/go"";

interface SearchProps {
  setQuery: (val: {}) => void;
}

const Search: React.FC<SearchProps> = ({ setQuery }) => {
  const { category } = useParams();
  const [search, setSearch] = useState<string>("""");

  const handleSubmit = (e: React.FormEvent) => {
    e.preventDefault();
    if (!search) return;
    setQuery({ search });
    setSearch("""");
  };

  return (
    <form
      className=""text-[14px] lg:py-10 md:pt-9 md:pb-10 sm:pt-8 sm:pb-10  pt-6 pb-8 flex flex-row items-center justify-center""
      onSubmit={handleSubmit}
    >
      <input
        type=""text""
        className=""py-[8px] pl-[20px] pr-[36px]  rounded-full outline-none w-[300px] md:w-[340px]  shadow-md transition-all duration-300 focus:shadow-sm text-[#666] focus:bg-[#ffffff] bg-[#fdfdfd] font-medium dark:bg-[#302d3a] dark:text-primary dark:focus:bg-[#474550]""
        onChange={(e) => setSearch(e.target.value)}
        value={search}
        placeholder={`Search ${category === ""movie"" ? ""movies"" : ""tv series""}`}
      />
      <button
        type=""submit""
        className=""text-[18px] -ml-[32px] text-[#ff0000] z-[1]""
      >
        <GoSearch />
      </button>
    </form>
  );
};

export default Search;",2,"Demonstrates strong ReactJS and TypeScript skills by implementing a typed search component with state management, form event handling, and router parameter integration.",,
ITEM_191,JD_REACT_01,Frontend Developer Fresher (ReactJS / TypeScript),Fresher,E-Commerce Storefront & Order Management,"ReactJS, TypeScript, Redux Toolkit, Tailwind CSS, Git",JordanKnott/taskcafe,frontend/src/shared/components/Checklist/index.tsx,601,635,File: frontend/src/shared/components/Checklist/index.tsx | Lines 601..635,"          )}
        </WindowTitle>
        <ChecklistProgress>
          <ChecklistProgressPercent>{`${percent}%`}</ChecklistProgressPercent>
          <ChecklistProgressBar>
            <ChecklistProgressBarCurrent width={percent} />
          </ChecklistProgressBar>
        </ChecklistProgress>
        {children}
        <AddNewItem onAddItem={onAddItem} />
      </Wrapper>
    );
  },
);
/*
  <ChecklistItems>
    {items
      .slice()
      .sort((a, b) => a.position - b.position)
      .map((item, idx) => (
        <ChecklistItem
          index={idx}
          key={item.id}
          itemID={item.id}
          name={item.name}
          complete={item.complete}
          onDeleteItem={onDeleteItem}
          onChangeName={onChangeItemName}
          onToggleItem={onToggleItem}
        />
      ))}

 </ChecklistItems>
 */
export default Checklist;",0,"This 35-line snippet consists purely of styled-component closures and commented-out JSX mapping, lacking any meaningful React component logic or state handling.",,
ITEM_192,JD_JAVA_01,Backend Developer (Java / Spring Boot),Fresher,E-Commerce Platform,"Java, Spring Boot, Spring Security & JWT, Spring Data JPA / Hibernate, MySQL, Git",hoangtien2k3/ecommerce-microservices,auth-service/src/main/java/com/ecommerce/authservice/controller/AuthController.java,1,50,File: auth-service/src/main/java/com/ecommerce/authservice/controller/AuthController.java | Lines 1..50,"package com.ecommerce.authservice.controller;

import com.ecommerce.authservice.config.SsoProperties;
import com.ecommerce.authservice.dto.request.RefreshTokenRequest;
import com.ecommerce.authservice.dto.request.RegisterRequest;
import com.ecommerce.authservice.service.SsoSessionStore;
import com.ecommerce.authservice.service.UserService;
import com.ecommerce.commonlib.keycloak.KeycloakAuthClient;
import com.ecommerce.commonlib.keycloak.KeycloakClientProperties;
import com.ecommerce.commonlib.keycloak.KeycloakTokenResponse;
import com.ecommerce.commonlib.viewmodel.ApiResponse;
import jakarta.validation.Valid;
import lombok.RequiredArgsConstructor;
import org.springframework.http.HttpStatus;
import org.springframework.http.ResponseEntity;
import org.springframework.util.StringUtils;
import org.springframework.web.bind.annotation.GetMapping;
import org.springframework.web.bind.annotation.PostMapping;
import org.springframework.web.bind.annotation.RequestBody;
import org.springframework.web.bind.annotation.RequestMapping;
import org.springframework.web.bind.annotation.RequestParam;
import org.springframework.web.bind.annotation.RestController;
import org.springframework.web.util.UriComponentsBuilder;

import java.net.URI;

@RestController
@RequestMapping(""/api/v1/auth"")
@RequiredArgsConstructor
public class AuthController {

    private final UserService userService;
    private final KeycloakAuthClient keycloakAuthClient;
    private final KeycloakClientProperties keycloakProperties;
    private final SsoProperties ssoProperties;
    private final SsoSessionStore ssoSessionStore;

    // ------------------------------------------------------------------
    // Self-service registration (creates the user in Keycloak via admin API)
    // ------------------------------------------------------------------

    @PostMapping(""/signup"")
    public ApiResponse<Void> register(@Valid @RequestBody RegisterRequest request) {
        userService.register(request);
        return ApiResponse.message(""User "" + request.getUsername() + "" registered successfully"");
    }

    // ------------------------------------------------------------------
    // SSO — Authorization Code flow, mediated by this backend
    // ------------------------------------------------------------------",2,"Strong evidence of Spring Boot and REST API development, showing a controller with dependency injection, request validation (@Valid), and proper endpoint annotations.",,
ITEM_193,JD_REACT_01,Frontend Developer Fresher (ReactJS / TypeScript),Fresher,E-Commerce Storefront & Order Management,"ReactJS, TypeScript, Redux Toolkit, Tailwind CSS, Git",JordanKnott/taskcafe,frontend/src/shared/components/Admin/index.tsx,1,50,File: frontend/src/shared/components/Admin/index.tsx | Lines 1..50,"import React, { useState, useRef } from 'react';
import styled, { css } from 'styled-components';
import TaskAssignee from 'shared/components/TaskAssignee';
import Select from 'shared/components/Select';
import { User, UserPlus, Checkmark } from 'shared/icons';
import { usePopup, Popup } from 'shared/components/PopupMenu';
import { RoleCode, useUpdateUserRoleMutation } from 'shared/generated/graphql';
import Input from 'shared/components/Input';
import Button from 'shared/components/Button';
import NOOP from 'shared/utils/noop';
import { mixin } from 'shared/utils/styles';

const UserSelect = styled(Select)`
  margin: 8px 0;
  padding: 8px 0;
`;

const NewUserPassInput = styled(Input)`
  margin: 8px 0;
`;

const InviteMemberButton = styled(Button)`
  padding: 7px 12px;
`;

const UserPassBar = styled.div`
  display: flex;
  padding-top: 8px;
`;

const UserPassConfirmButton = styled(Button)`
  width: 100%;
  padding: 7px 12px;
`;

const UserPassButton = styled(Button)`
  width: 50%;
  padding: 7px 12px;
  & ~ & {
    margin-left: 6px;
  }
`;

const MemberItemOptions = styled.div``;

const MemberItemOption = styled(Button)`
  padding: 7px 9px;
  margin: 4px 0 4px 8px;
  float: left;
  min-width: 95px;",0,"The snippet is restricted to styled-components definitions using styled-components, lacking active React state, hooks, or meaningful component logic.",,
ITEM_194,JD_JAVA_04,Java Microservices Fresher,Fresher,Distributed Systems & Supply Chain,"Java 17+, Spring Boot, Apache Kafka, Spring Data JPA, MySQL/PostgreSQL, Docker / Docker Compose",hoangtien2k3/ecommerce-microservices,auth-service/src/main/java/com/ecommerce/authservice/controller/AuthController.java,1,50,File: auth-service/src/main/java/com/ecommerce/authservice/controller/AuthController.java | Lines 1..50,"package com.ecommerce.authservice.controller;

import com.ecommerce.authservice.config.SsoProperties;
import com.ecommerce.authservice.dto.request.RefreshTokenRequest;
import com.ecommerce.authservice.dto.request.RegisterRequest;
import com.ecommerce.authservice.service.SsoSessionStore;
import com.ecommerce.authservice.service.UserService;
import com.ecommerce.commonlib.keycloak.KeycloakAuthClient;
import com.ecommerce.commonlib.keycloak.KeycloakClientProperties;
import com.ecommerce.commonlib.keycloak.KeycloakTokenResponse;
import com.ecommerce.commonlib.viewmodel.ApiResponse;
import jakarta.validation.Valid;
import lombok.RequiredArgsConstructor;
import org.springframework.http.HttpStatus;
import org.springframework.http.ResponseEntity;
import org.springframework.util.StringUtils;
import org.springframework.web.bind.annotation.GetMapping;
import org.springframework.web.bind.annotation.PostMapping;
import org.springframework.web.bind.annotation.RequestBody;
import org.springframework.web.bind.annotation.RequestMapping;
import org.springframework.web.bind.annotation.RequestParam;
import org.springframework.web.bind.annotation.RestController;
import org.springframework.web.util.UriComponentsBuilder;

import java.net.URI;

@RestController
@RequestMapping(""/api/v1/auth"")
@RequiredArgsConstructor
public class AuthController {

    private final UserService userService;
    private final KeycloakAuthClient keycloakAuthClient;
    private final KeycloakClientProperties keycloakProperties;
    private final SsoProperties ssoProperties;
    private final SsoSessionStore ssoSessionStore;

    // ------------------------------------------------------------------
    // Self-service registration (creates the user in Keycloak via admin API)
    // ------------------------------------------------------------------

    @PostMapping(""/signup"")
    public ApiResponse<Void> register(@Valid @RequestBody RegisterRequest request) {
        userService.register(request);
        return ApiResponse.message(""User "" + request.getUsername() + "" registered successfully"");
    }

    // ------------------------------------------------------------------
    // SSO — Authorization Code flow, mediated by this backend
    // ------------------------------------------------------------------",2,"Direct evidence of Spring Boot development featuring a fully realized REST controller class, constructor injection via Lombok, and annotated endpoint mapping.",,
ITEM_195,JD_JAVA_05,Backend Developer (Java/Spring Boot),Fresher,EdTech & Learning Management Systems (LMS),"Java Core, Spring Boot, Spring Security, Spring Data JPA, MySQL",mdtalalwasim/blog-application-spring-boot-rest-api,blog-application-springboot-rest-apis/src/main/java/com/mdtalalwasim/blog/app/config/SwaggerConfig.java,14,25,File: blog-application-springboot-rest-apis/src/main/java/com/mdtalalwasim/blog/app/config/SwaggerConfig.java | Lines 14..25,"@Bean
	public OpenAPI openAPI() {
		  
		 
		return new OpenAPI()
				.info(new Info().title(""Blog Application Beckend API"")
						.description(""This is blog application project api and Developed by Md. Talal Wasim"")
						.version(""1.0"")
						.contact(new Contact().name(""Md. Talal Wasim"").email(""md.talalwasim@gmail.com"").url(""https://mdtalalwasim.github.io/""))
						.license(new License().name(""Licence""))
						).externalDocs(new ExternalDocumentation().url(""https://mdtalalwasim.github.io/"").description(""This is external url""));
	}",1,"A basic Spring configuration bean for OpenAPI/Swagger documentation, representing peripheral setup code rather than core application business logic or data access.",,
ITEM_196,JD_JAVA_08,Junior Java Software Engineer,Junior,Logistics & Fleet Management,"Java 17, Spring Boot, Spring Data JPA, MySQL/PostgreSQL, MapStruct, Bean Validation",mewebstudio/java-spring-boot-boilerplate,src/main/java/com/mewebstudio/javaspringbootboilerplate/controller/AccountController.java,66,106,File: src/main/java/com/mewebstudio/javaspringbootboilerplate/controller/AccountController.java | Lines 66..106,"@PostMapping(""/password"")
    @Operation(
        summary = ""Password update endpoint"",
        security = @SecurityRequirement(name = SECURITY_SCHEME_NAME),
        responses = {
            @ApiResponse(
                responseCode = ""200"",
                description = ""Successful operation"",
                content = @Content(
                    mediaType = ""application/json"",
                    schema = @Schema(implementation = SuccessResponse.class)
                )
            ),
            @ApiResponse(
                responseCode = ""401"",
                description = ""Bad credentials"",
                content = @Content(
                    mediaType = MediaType.APPLICATION_JSON_VALUE,
                    schema = @Schema(implementation = ErrorResponse.class)
                )
            ),
            @ApiResponse(
                responseCode = ""422"",
                description = ""Validation failed"",
                content = @Content(
                    mediaType = MediaType.APPLICATION_JSON_VALUE,
                    schema = @Schema(implementation = DetailedErrorResponse.class)
                )
            )
        }
    )
    public ResponseEntity<SuccessResponse> password(
        @Parameter(description = ""Request body to update password"", required = true)
        @RequestBody @Valid UpdatePasswordRequest request
    ) throws BindException {
        userService.updatePassword(request);

        return ResponseEntity.ok(SuccessResponse.builder()
            .message(messageSourceService.get(""your_password_updated""))
            .build());
    }",2,"The code demonstrates a Spring Boot REST controller method handling a password update with Bean Validation (@Valid, @RequestBody) and service delegation, aligning with the required skills.",,
ITEM_197,JD_JAVA_08,Junior Java Software Engineer,Junior,Logistics & Fleet Management,"Java 17, Spring Boot, Spring Data JPA, MySQL/PostgreSQL, MapStruct, Bean Validation",f-lab-edu/fast-shoppers,src/main/java/com/fastshoppers/entity/BaseEntity.java,1,48,File: src/main/java/com/fastshoppers/entity/BaseEntity.java | Lines 1..48,"package com.fastshoppers.entity;

import java.time.LocalDateTime;

import org.springframework.data.annotation.CreatedDate;
import org.springframework.data.annotation.LastModifiedDate;
import org.springframework.data.jpa.domain.support.AuditingEntityListener;

import com.fastshoppers.util.BooleanToCharConverter;

import jakarta.persistence.Column;
import jakarta.persistence.Convert;
import jakarta.persistence.EntityListeners;
import jakarta.persistence.GeneratedValue;
import jakarta.persistence.GenerationType;
import jakarta.persistence.Id;
import jakarta.persistence.MappedSuperclass;
import lombok.AllArgsConstructor;
import lombok.Getter;
import lombok.NoArgsConstructor;
import lombok.Setter;
import lombok.ToString;

@Getter
@Setter
@NoArgsConstructor
@AllArgsConstructor
@ToString
@EntityListeners(AuditingEntityListener.class)
@MappedSuperclass
public class BaseEntity {

	@Id
	@GeneratedValue(strategy = GenerationType.IDENTITY)
	private int id;

	@CreatedDate
	@Column(name = ""created_at"", nullable = false)
	private LocalDateTime createdAt;

	@LastModifiedDate
	@Column(name = ""updated_at"", nullable = false)
	private LocalDateTime updatedAt;

	@Column(name = ""delete_yn"", nullable = false, length = 1, columnDefinition = ""char(1)"")
	@Convert(converter = BooleanToCharConverter.class)
	private boolean deleteYn;
}",1,"The code provides a standard Spring Data JPA auditing base entity configuration, which is a peripheral/indirect piece of evidence for Spring Data JPA.",,
ITEM_198,JD_REACT_01,Frontend Developer Fresher (ReactJS / TypeScript),Fresher,E-Commerce Storefront & Order Management,"ReactJS, TypeScript, Redux Toolkit, Tailwind CSS, Git",hoangtien2k3/ecommerce-microservices,auth-service/src/main/java/com/ecommerce/authservice/config/SsoProperties.java,1,49,File: auth-service/src/main/java/com/ecommerce/authservice/config/SsoProperties.java | Lines 1..49,"package com.ecommerce.authservice.config;

import lombok.Getter;
import lombok.Setter;
import org.springframework.boot.context.properties.ConfigurationProperties;
import org.springframework.context.annotation.Configuration;

import java.util.List;

/**
 * Backend-mediated SSO settings, bound from {@code keycloak.sso.*}.
 *
 * <p>The browser logs in at Keycloak, Keycloak redirects to {@link #backendCallbackUrl}
 * (this service), we exchange the code for tokens and then bounce the browser back to
 * one of the {@link #allowedRedirectUris} carrying a single-use {@code ticket} that the
 * frontend swaps for the tokens via {@code GET /api/v1/auth/session}.</p>
 */
@Getter
@Setter
@Configuration
@ConfigurationProperties(prefix = ""keycloak.sso"")
public class SsoProperties {

    /**
     * Browser-facing URL Keycloak redirects to after login. MUST be registered as a
     * Valid Redirect URI on the Keycloak client and be reachable by the browser.
     */
    private String backendCallbackUrl = ""http://api.ecommerce.local/api/v1/auth/callback"";

    /** Frontend callback pages allowed to receive the login ticket (anti open-redirect). */
    private List<String> allowedRedirectUris = List.of(
            ""http://ecommerce.local/auth/callback"",
            ""http://admin.ecommerce.local/auth/callback"",
            ""http://localhost:3000/auth/callback"",
            ""http://localhost:3001/auth/callback""
    );

    /** Used when the caller supplies no (or a disallowed) {@code redirect_uri}. */
    private String defaultFrontendRedirect = ""http://ecommerce.local/auth/callback"";

    /** OIDC scopes requested during the authorization redirect. */
    private String scope = ""openid profile email"";

    /** How long an in-flight login {@code state} stays valid. */
    private long stateTtlSeconds = 300;

    /** How long a post-login {@code ticket} stays valid before the frontend swaps it. */
    private long ticketTtlSeconds = 60;
}",0,"The code snippet is written in Java/Spring Boot (@ConfigurationProperties), which is completely irrelevant for a frontend ReactJS/TypeScript position.",,
ITEM_199,JD_REACT_03,Fullstack TypeScript Fresher,Fresher,Fullstack Web Application Development,"TypeScript, JavaScript (ES6+), ReactJS, Node.js / Express.js, JWT Authentication, MongoDB / PostgreSQL / MySQL",SaiUpadhyayula/spring-reddit-clone,src/main/java/com/programming/techie/springredditclone/controller/PostController.java,1,47,File: src/main/java/com/programming/techie/springredditclone/controller/PostController.java | Lines 1..47,"package com.programming.techie.springredditclone.controller;

import com.programming.techie.springredditclone.dto.PostRequest;
import com.programming.techie.springredditclone.dto.PostResponse;
import com.programming.techie.springredditclone.service.PostService;
import lombok.AllArgsConstructor;
import org.springframework.http.HttpStatus;
import org.springframework.http.ResponseEntity;
import org.springframework.web.bind.annotation.*;

import java.util.List;

import static org.springframework.http.ResponseEntity.status;

@RestController
@RequestMapping(""/api/posts"")
@AllArgsConstructor
public class PostController {

    private final PostService postService;

    @PostMapping
    public ResponseEntity<Void> createPost(@RequestBody PostRequest postRequest) {
        postService.save(postRequest);
        return new ResponseEntity<>(HttpStatus.CREATED);
    }

    @GetMapping
    public ResponseEntity<List<PostResponse>> getAllPosts() {
        return status(HttpStatus.OK).body(postService.getAllPosts());
    }

    @GetMapping(""/{id}"")
    public ResponseEntity<PostResponse> getPost(@PathVariable Long id) {
        return status(HttpStatus.OK).body(postService.getPost(id));
    }

    @GetMapping(params = ""subredditId"")
    public ResponseEntity<List<PostResponse>> getPostsBySubreddit(@RequestParam Long subredditId) {
        return status(HttpStatus.OK).body(postService.getPostsBySubreddit(subredditId));
    }

    @GetMapping(params = ""username"")
    public ResponseEntity<List<PostResponse>> getPostsByUsername(@RequestParam String username) {
        return status(HttpStatus.OK).body(postService.getPostsByUsername(username));
    }
}",2,"The code shows a complete Spring Boot RestController with various endpoint mappings and service calls, matching Java/Spring Boot requirements.",,
ITEM_200,JD_JAVA_10,Fresher Backend Developer,Fresher,Hospitality & Online Travel Agency (OTA),"Java 17, Spring Boot, Spring Security, Spring Data JPA, MySQL / PostgreSQL, Redis",mewebstudio/java-spring-boot-boilerplate,src/main/java/com/mewebstudio/javaspringbootboilerplate/controller/AccountController.java,66,106,File: src/main/java/com/mewebstudio/javaspringbootboilerplate/controller/AccountController.java | Lines 66..106,"@PostMapping(""/password"")
    @Operation(
        summary = ""Password update endpoint"",
        security = @SecurityRequirement(name = SECURITY_SCHEME_NAME),
        responses = {
            @ApiResponse(
                responseCode = ""200"",
                description = ""Successful operation"",
                content = @Content(
                    mediaType = ""application/json"",
                    schema = @Schema(implementation = SuccessResponse.class)
                )
            ),
            @ApiResponse(
                responseCode = ""401"",
                description = ""Bad credentials"",
                content = @Content(
                    mediaType = MediaType.APPLICATION_JSON_VALUE,
                    schema = @Schema(implementation = ErrorResponse.class)
                )
            ),
            @ApiResponse(
                responseCode = ""422"",
                description = ""Validation failed"",
                content = @Content(
                    mediaType = MediaType.APPLICATION_JSON_VALUE,
                    schema = @Schema(implementation = DetailedErrorResponse.class)
                )
            )
        }
    )
    public ResponseEntity<SuccessResponse> password(
        @Parameter(description = ""Request body to update password"", required = true)
        @RequestBody @Valid UpdatePasswordRequest request
    ) throws BindException {
        userService.updatePassword(request);

        return ResponseEntity.ok(SuccessResponse.builder()
            .message(messageSourceService.get(""your_password_updated""))
            .build());
    }",2,"The code demonstrates a Spring Boot controller handling password updates with DTO validation and OpenAPI annotations, showing relevant backend competencies.",,
ITEM_201,JD_JAVA_06,Fresher Java Backend Engineer,Fresher,Digital Healthcare & Telemedicine,"Java 11/17, Spring Boot, Spring Data JPA, PostgreSQL/MySQL",mewebstudio/java-spring-boot-boilerplate,src/main/java/com/mewebstudio/javaspringbootboilerplate/controller/AccountController.java,39,64,File: src/main/java/com/mewebstudio/javaspringbootboilerplate/controller/AccountController.java | Lines 39..64,"@GetMapping(""/me"")
    @Operation(
        summary = ""Me endpoint"",
        security = @SecurityRequirement(name = SECURITY_SCHEME_NAME),
        responses = {
            @ApiResponse(
                responseCode = ""200"",
                description = ""Successful operation"",
                content = @Content(
                    mediaType = ""application/json"",
                    schema = @Schema(implementation = UserResponse.class)
                )
            ),
            @ApiResponse(
                responseCode = ""401"",
                description = ""Bad credentials"",
                content = @Content(
                    mediaType = MediaType.APPLICATION_JSON_VALUE,
                    schema = @Schema(implementation = ErrorResponse.class)
                )
            )
        }
    )
    public ResponseEntity<UserResponse> me() {
        return ResponseEntity.ok(UserResponse.convert(userService.getUser()));
    }",2,"The snippet implements a Spring Boot REST endpoint retrieving current user details via a service, providing evidence of Spring Boot skills.",,
ITEM_202,JD_JAVA_10,Fresher Backend Developer,Fresher,Hospitality & Online Travel Agency (OTA),"Java 17, Spring Boot, Spring Security, Spring Data JPA, MySQL / PostgreSQL, Redis",mewebstudio/java-spring-boot-boilerplate,src/main/java/com/mewebstudio/javaspringbootboilerplate/controller/AccountController.java,1,50,File: src/main/java/com/mewebstudio/javaspringbootboilerplate/controller/AccountController.java | Lines 1..50,"package com.mewebstudio.javaspringbootboilerplate.controller;

import com.mewebstudio.javaspringbootboilerplate.dto.request.user.UpdatePasswordRequest;
import com.mewebstudio.javaspringbootboilerplate.dto.response.DetailedErrorResponse;
import com.mewebstudio.javaspringbootboilerplate.dto.response.ErrorResponse;
import com.mewebstudio.javaspringbootboilerplate.dto.response.SuccessResponse;
import com.mewebstudio.javaspringbootboilerplate.dto.response.user.UserResponse;
import com.mewebstudio.javaspringbootboilerplate.service.MessageSourceService;
import com.mewebstudio.javaspringbootboilerplate.service.UserService;
import io.swagger.v3.oas.annotations.Operation;
import io.swagger.v3.oas.annotations.Parameter;
import io.swagger.v3.oas.annotations.media.Content;
import io.swagger.v3.oas.annotations.media.Schema;
import io.swagger.v3.oas.annotations.responses.ApiResponse;
import io.swagger.v3.oas.annotations.security.SecurityRequirement;
import io.swagger.v3.oas.annotations.tags.Tag;
import jakarta.validation.Valid;
import lombok.RequiredArgsConstructor;
import org.springframework.http.MediaType;
import org.springframework.http.ResponseEntity;
import org.springframework.validation.BindException;
import org.springframework.web.bind.annotation.GetMapping;
import org.springframework.web.bind.annotation.PostMapping;
import org.springframework.web.bind.annotation.RequestBody;
import org.springframework.web.bind.annotation.RequestMapping;
import org.springframework.web.bind.annotation.RestController;

import static com.mewebstudio.javaspringbootboilerplate.util.Constants.SECURITY_SCHEME_NAME;

@RestController
@RequiredArgsConstructor
@RequestMapping(""/account"")
@Tag(name = ""002. Account"", description = ""Account API"")
public class AccountController extends AbstractBaseController {
    private final UserService userService;

    private final MessageSourceService messageSourceService;

    @GetMapping(""/me"")
    @Operation(
        summary = ""Me endpoint"",
        security = @SecurityRequirement(name = SECURITY_SCHEME_NAME),
        responses = {
            @ApiResponse(
                responseCode = ""200"",
                description = ""Successful operation"",
                content = @Content(
                    mediaType = ""application/json"",
                    schema = @Schema(implementation = UserResponse.class)
                )",1,"The snippet is cut halfway through the class definition and controller methods, leaving only basic imports, annotations, and a partial endpoint definition.",,
ITEM_203,JD_REACT_10,Fullstack React & TypeScript Developer,Fresher / Junior,EdTech Fullstack Application,"TypeScript, ReactJS, Node.js / Express / NestJS, Redux Toolkit / Zustand, Prisma / TypeORM / Mongoose, Git",sylvaincodes/youtube_ecommerce,components/modules/custom/Container.tsx,1,11,File: components/modules/custom/Container.tsx | Lines 1..11,"import React from ""react"";

export default function Container({
  children,
  className,
}: {
  children: React.ReactNode;
  className?: string;
}) {
  return <div className={`container h-full w-full ${className}`}>{children}</div>;
}",0,"The snippet is a trivial wrapper component with standard React props and no complex state, custom hooks, or TypeScript typing beyond basic React.ReactNode.",,
ITEM_204,JD_REACT_04,Frontend Engineer,Fresher,B2B SaaS Analytics & Reporting Dashboard,"ReactJS, TypeScript, TanStack React Query, Tailwind CSS, Recharts / Chart.js",hoangtien2k3/ecommerce-microservices,auth-service/src/main/java/com/ecommerce/authservice/controller/AuthController.java,123,128,File: auth-service/src/main/java/com/ecommerce/authservice/controller/AuthController.java | Lines 123..128,"private String resolveFrontendRedirect(String requested) {
        if (StringUtils.hasText(requested) && ssoProperties.getAllowedRedirectUris().contains(requested)) {
            return requested;
        }
        return ssoProperties.getDefaultFrontendRedirect();
    }",0,"The code is a Java helper method handling string checks for frontend redirects, which is irrelevant for a frontend React/TypeScript role.",,
ITEM_205,JD_JAVA_03,Java Backend Fresher,Fresher,Fintech & Payment Gateway,"Java, Spring Boot, Spring Data JPA, PostgreSQL, Redis",f-lab-edu/fast-shoppers,src/main/java/com/fastshoppers/entity/BaseEntity.java,1,48,File: src/main/java/com/fastshoppers/entity/BaseEntity.java | Lines 1..48,"package com.fastshoppers.entity;

import java.time.LocalDateTime;

import org.springframework.data.annotation.CreatedDate;
import org.springframework.data.annotation.LastModifiedDate;
import org.springframework.data.jpa.domain.support.AuditingEntityListener;

import com.fastshoppers.util.BooleanToCharConverter;

import jakarta.persistence.Column;
import jakarta.persistence.Convert;
import jakarta.persistence.EntityListeners;
import jakarta.persistence.GeneratedValue;
import jakarta.persistence.GenerationType;
import jakarta.persistence.Id;
import jakarta.persistence.MappedSuperclass;
import lombok.AllArgsConstructor;
import lombok.Getter;
import lombok.NoArgsConstructor;
import lombok.Setter;
import lombok.ToString;

@Getter
@Setter
@NoArgsConstructor
@AllArgsConstructor
@ToString
@EntityListeners(AuditingEntityListener.class)
@MappedSuperclass
public class BaseEntity {

	@Id
	@GeneratedValue(strategy = GenerationType.IDENTITY)
	private int id;

	@CreatedDate
	@Column(name = ""created_at"", nullable = false)
	private LocalDateTime createdAt;

	@LastModifiedDate
	@Column(name = ""updated_at"", nullable = false)
	private LocalDateTime updatedAt;

	@Column(name = ""delete_yn"", nullable = false, length = 1, columnDefinition = ""char(1)"")
	@Convert(converter = BooleanToCharConverter.class)
	private boolean deleteYn;
}",1,"The code provides a basic Spring Data JPA auditing entity class, serving as peripheral evidence of Spring Data JPA usage.",,
ITEM_206,JD_REACT_01,Frontend Developer Fresher (ReactJS / TypeScript),Fresher,E-Commerce Storefront & Order Management,"ReactJS, TypeScript, Redux Toolkit, Tailwind CSS, Git",hoangtien2k3/ecommerce-microservices,auth-service/src/main/java/com/ecommerce/authservice/controller/AuthController.java,56,71,File: auth-service/src/main/java/com/ecommerce/authservice/controller/AuthController.java | Lines 56..71,"@GetMapping(""/login"")
    public ResponseEntity<Void> ssoLogin(
            @RequestParam(value = ""redirect_uri"", required = false) String redirectUri) {
        String frontendRedirect = resolveFrontendRedirect(redirectUri);
        String state = ssoSessionStore.createLoginState(frontendRedirect);
        String authorizeUrl = UriComponentsBuilder.fromUriString(keycloakProperties.authorizationEndpoint())
                .queryParam(""client_id"", keycloakProperties.getClientId())
                .queryParam(""response_type"", ""code"")
                .queryParam(""scope"", ssoProperties.getScope())
                .queryParam(""redirect_uri"", ssoProperties.getBackendCallbackUrl())
                .queryParam(""state"", state)
                .build()
                .encode()
                .toUriString();
        return ResponseEntity.status(HttpStatus.FOUND).location(URI.create(authorizeUrl)).build();
    }",2,The code provides strong evidence of backend routing and request building using Spring components matching standard web/SSO integration workflows.,,
ITEM_207,JD_REACT_01,Frontend Developer Fresher (ReactJS / TypeScript),Fresher,E-Commerce Storefront & Order Management,"ReactJS, TypeScript, Redux Toolkit, Tailwind CSS, Git",alim1496/simple-react-ecommerce,src/components/Cart.tsx,1,50,File: src/components/Cart.tsx | Lines 1..50,"import { FC, useState } from ""react"";
import { RxCross1 } from ""react-icons/rx"";
import { useAppDispatch, useAppSelector } from ""../redux/hooks"";
import { emptyCart, setCartState } from ""../redux/features/cartSlice"";
import CartRow from ""./CartRow"";
import toast from ""react-hot-toast"";

const Cart: FC = () => {
  const dispatch = useAppDispatch();
  const isOpen = useAppSelector((state) => state.cartReducer.cartOpen);
  const items = useAppSelector((state) => state.cartReducer.cartItems);
  const [checkout, setCheckout] = useState(false);

  const calculateTotal = () => {
    let total = 0;
    items.forEach((item) => {
      if (item.quantity && item.discountPercentage)
        total +=
          (item.price - (item.price * item.discountPercentage) / 100) *
          item.quantity;
    });
    return total.toFixed(2);
  };

  const handleOrder = () => {
    dispatch(setCartState(false));
    dispatch(emptyCart());
    setCheckout(false);
    toast.success(""your order has been confirmed"", { duration: 3000 });
  };

  if (isOpen) {
    return (
      <div className=""bg-[#0000007d] w-full min-h-screen fixed left-0 top-0 z-20 overflow-y-auto"">
        {checkout ? (
          <div className=""max-w-[400px] w-full min-h-full bg-white absolute right-0 top-0 p-6 font-karla dark:bg-slate-600 dark:text-white"">
            <h1 className=""font-bold text-xl mb-1"">Checkout!</h1>
            <p className=""leading-4 mb-3"">
              Welcome to the checkout section. This is being a development
              project, I haven't implemented any payment related task. If you
              click the cancel button you'll go back to the cart segment.
              Clicking confirm button will consider your order confirmed,
              payment done & also order delivered successfully. Another thing to
              mention, order history hasn't been developed due to not having a
              proper backend api.
            </p>
            <div className=""flex items-center space-x-2"">
              <span
                className=""w-1/2 border border-gray-500 rounded cursor-pointer text-center py-1""
                onClick={() => setCheckout(false)}",2,"The code utilizes React, TypeScript, Redux Toolkit hooks (useAppDispatch, useAppSelector), and state handling, which are directly relevant to the mandatory skills.",,
ITEM_208,JD_JAVA_12,Junior Java Developer,Junior,Enterprise Software & Financial Services,"Java 17, Spring Boot, JUnit 5 & Mockito, PostgreSQL/MySQL",mdtalalwasim/blog-application-spring-boot-rest-api,blog-application-springboot-rest-apis/src/main/java/com/mdtalalwasim/blog/app/entity/Category.java,1,43,File: blog-application-springboot-rest-apis/src/main/java/com/mdtalalwasim/blog/app/entity/Category.java | Lines 1..43,"package com.mdtalalwasim.blog.app.entity;

import java.util.ArrayList;
import java.util.List;

import jakarta.persistence.CascadeType;
import jakarta.persistence.Column;
import jakarta.persistence.Entity;
import jakarta.persistence.GeneratedValue;
import jakarta.persistence.GenerationType;
import jakarta.persistence.Id;
import jakarta.persistence.OneToMany;
import jakarta.persistence.Table;
import lombok.Getter;
import lombok.NoArgsConstructor;
import lombok.Setter;

@Entity
@Table(name = ""categories"")
@Setter
@Getter
@NoArgsConstructor
public class Category {
	
	@Id
	@GeneratedValue(strategy = GenerationType.IDENTITY)
	
	private int id;
	
	@Column(name = ""title"", length = 100, nullable = false)
	private String categoryTitle;
	
	@Column(name = ""description"")
	private String categoryDescription;
	
	@OneToMany(mappedBy = ""category"", cascade = CascadeType.ALL)
	List<Post> posts = new ArrayList<>(); 
	
	
	


}",2,"The code demonstrates a standard Spring Data JPA entity annotated with Lombok annotations (@Getter, @Setter) and JPA relationships, fulfilling Java/Spring requirements.",,
ITEM_209,JD_JAVA_15,Java Backend Fresher,Fresher,Retail & Warehouse Inventory Management,"Java 17, Spring Boot, Spring Data JPA, MySQL/PostgreSQL, JWT",f-lab-edu/fast-shoppers,src/main/java/com/fastshoppers/entity/BaseEntity.java,1,48,File: src/main/java/com/fastshoppers/entity/BaseEntity.java | Lines 1..48,"package com.fastshoppers.entity;

import java.time.LocalDateTime;

import org.springframework.data.annotation.CreatedDate;
import org.springframework.data.annotation.LastModifiedDate;
import org.springframework.data.jpa.domain.support.AuditingEntityListener;

import com.fastshoppers.util.BooleanToCharConverter;

import jakarta.persistence.Column;
import jakarta.persistence.Convert;
import jakarta.persistence.EntityListeners;
import jakarta.persistence.GeneratedValue;
import jakarta.persistence.GenerationType;
import jakarta.persistence.Id;
import jakarta.persistence.MappedSuperclass;
import lombok.AllArgsConstructor;
import lombok.Getter;
import lombok.NoArgsConstructor;
import lombok.Setter;
import lombok.ToString;

@Getter
@Setter
@NoArgsConstructor
@AllArgsConstructor
@ToString
@EntityListeners(AuditingEntityListener.class)
@MappedSuperclass
public class BaseEntity {

	@Id
	@GeneratedValue(strategy = GenerationType.IDENTITY)
	private int id;

	@CreatedDate
	@Column(name = ""created_at"", nullable = false)
	private LocalDateTime createdAt;

	@LastModifiedDate
	@Column(name = ""updated_at"", nullable = false)
	private LocalDateTime updatedAt;

	@Column(name = ""delete_yn"", nullable = false, length = 1, columnDefinition = ""char(1)"")
	@Convert(converter = BooleanToCharConverter.class)
	private boolean deleteYn;
}",1,"The snippet implements a standard auditing base entity configuration listener, which is a peripheral Spring Data JPA capability rather than core business logic.",,
ITEM_210,JD_JAVA_14,Backend Engineer (Java / Spring Boot),Intern/Fresher,HRTech & Recruitment Job Portal,"Java Core, Spring Boot, Spring Data JPA, Spring Security & JWT, PostgreSQL / MySQL",mewebstudio/java-spring-boot-boilerplate,src/main/java/com/mewebstudio/javaspringbootboilerplate/controller/AccountController.java,41,90,File: src/main/java/com/mewebstudio/javaspringbootboilerplate/controller/AccountController.java | Lines 41..90,"        summary = ""Me endpoint"",
        security = @SecurityRequirement(name = SECURITY_SCHEME_NAME),
        responses = {
            @ApiResponse(
                responseCode = ""200"",
                description = ""Successful operation"",
                content = @Content(
                    mediaType = ""application/json"",
                    schema = @Schema(implementation = UserResponse.class)
                )
            ),
            @ApiResponse(
                responseCode = ""401"",
                description = ""Bad credentials"",
                content = @Content(
                    mediaType = MediaType.APPLICATION_JSON_VALUE,
                    schema = @Schema(implementation = ErrorResponse.class)
                )
            )
        }
    )
    public ResponseEntity<UserResponse> me() {
        return ResponseEntity.ok(UserResponse.convert(userService.getUser()));
    }

    @PostMapping(""/password"")
    @Operation(
        summary = ""Password update endpoint"",
        security = @SecurityRequirement(name = SECURITY_SCHEME_NAME),
        responses = {
            @ApiResponse(
                responseCode = ""200"",
                description = ""Successful operation"",
                content = @Content(
                    mediaType = ""application/json"",
                    schema = @Schema(implementation = SuccessResponse.class)
                )
            ),
            @ApiResponse(
                responseCode = ""401"",
                description = ""Bad credentials"",
                content = @Content(
                    mediaType = MediaType.APPLICATION_JSON_VALUE,
                    schema = @Schema(implementation = ErrorResponse.class)
                )
            ),
            @ApiResponse(
                responseCode = ""422"",
                description = ""Validation failed"",
                content = @Content(",2,The snippet demonstrates a Spring Boot REST controller endpoint handling requests and returning ResponseEntity objects with OpenAPI documentation annotations.,,
ITEM_211,JD_REACT_06,Junior ReactJS Developer,Junior,Productivity & Collaborative Kanban System,"ReactJS, TypeScript, Redux Toolkit / Zustand, React Hook Form & Zod/Yup, Tailwind CSS / CSS-in-JS",ixartz/SaaS-Boilerplate,src/components/ui/accordion.tsx,13,27,File: src/components/ui/accordion.tsx | Lines 13..27,"function AccordionItem({
  className,
  ...props
}: React.ComponentProps<typeof AccordionPrimitive.Item>) {
  return (
    <AccordionPrimitive.Item
      data-slot=""accordion-item""
      className={cn(`
        border-b
        last:border-b-0
      `, className)}
      {...props}
    />
  );
}",1,The snippet shows a basic React UI wrapper component (AccordionItem) without complex state management or custom hook implementation.,,
ITEM_212,JD_REACT_03,Fullstack TypeScript Fresher,Fresher,Fullstack Web Application Development,"TypeScript, JavaScript (ES6+), ReactJS, Node.js / Express.js, JWT Authentication, MongoDB / PostgreSQL / MySQL",mdtalalwasim/blog-application-spring-boot-rest-api,blog-application-springboot-rest-apis/src/main/java/com/mdtalalwasim/blog/app/controller/AuthRestController.java,1,50,File: blog-application-springboot-rest-apis/src/main/java/com/mdtalalwasim/blog/app/controller/AuthRestController.java | Lines 1..50,"package com.mdtalalwasim.blog.app.controller;

import org.springframework.beans.factory.annotation.Autowired;
import org.springframework.http.HttpStatus;
import org.springframework.http.ResponseEntity;
import org.springframework.security.authentication.AuthenticationManager;
import org.springframework.security.authentication.BadCredentialsException;
import org.springframework.security.authentication.UsernamePasswordAuthenticationToken;
import org.springframework.security.core.userdetails.UserDetails;
import org.springframework.security.core.userdetails.UserDetailsService;
import org.springframework.web.bind.annotation.PostMapping;
import org.springframework.web.bind.annotation.RequestBody;
import org.springframework.web.bind.annotation.RequestMapping;
import org.springframework.web.bind.annotation.RestController;

import com.mdtalalwasim.blog.app.exceptions.ApiExceptionHandler;
import com.mdtalalwasim.blog.app.payloads.JwtAuthenticationRequest;
import com.mdtalalwasim.blog.app.payloads.JwtAuthenticationResponse;
import com.mdtalalwasim.blog.app.payloads.UserDto;
import com.mdtalalwasim.blog.app.security.JwtTokenHelper;
import com.mdtalalwasim.blog.app.services.UserService;

@RestController
@RequestMapping(""/api/auth/"")
public class AuthRestController {
	
	
	@Autowired
	private JwtTokenHelper jwtTokenHelper;
	
	@Autowired
	private UserDetailsService userDetailsService;
	
	@Autowired
	private UserService userService;
	
	@Autowired
	private AuthenticationManager authenticationManager;
	
	@PostMapping(""/login"")//url is /api/auth/login
	public ResponseEntity<JwtAuthenticationResponse> createToken(@RequestBody JwtAuthenticationRequest request) throws Exception{
		
		//authenticate method body define below
		this.authenticate(request.getUsername(), request.getPassword());
		//if authentication going well, then we need to generate our token.
		
		UserDetails userDetails = this.userDetailsService.loadUserByUsername(request.getUsername());
		
		String ourGeneratedToken = this.jwtTokenHelper.generateToken(userDetails);//generateToken takes userDetails
		JwtAuthenticationResponse response = new JwtAuthenticationResponse();",2,The snippet contains a Spring Security authentication controller handling user login and generating JWT tokens using injected services.,,
ITEM_213,JD_JAVA_10,Fresher Backend Developer,Fresher,Hospitality & Online Travel Agency (OTA),"Java 17, Spring Boot, Spring Security, Spring Data JPA, MySQL / PostgreSQL, Redis",mdtalalwasim/blog-application-spring-boot-rest-api,blog-application-springboot-rest-apis/src/main/java/com/mdtalalwasim/blog/app/config/SwaggerConfig.java,1,27,File: blog-application-springboot-rest-apis/src/main/java/com/mdtalalwasim/blog/app/config/SwaggerConfig.java | Lines 1..27," package com.mdtalalwasim.blog.app.config;

import org.springframework.context.annotation.Bean;
import org.springframework.context.annotation.Configuration;

import io.swagger.v3.oas.models.ExternalDocumentation;
import io.swagger.v3.oas.models.OpenAPI;
import io.swagger.v3.oas.models.info.Contact;
import io.swagger.v3.oas.models.info.Info;
import io.swagger.v3.oas.models.info.License;
@Configuration
public class SwaggerConfig {
	
	@Bean
	public OpenAPI openAPI() {
		  
		 
		return new OpenAPI()
				.info(new Info().title(""Blog Application Beckend API"")
						.description(""This is blog application project api and Developed by Md. Talal Wasim"")
						.version(""1.0"")
						.contact(new Contact().name(""Md. Talal Wasim"").email(""md.talalwasim@gmail.com"").url(""https://mdtalalwasim.github.io/""))
						.license(new License().name(""Licence""))
						).externalDocs(new ExternalDocumentation().url(""https://mdtalalwasim.github.io/"").description(""This is external url""));
	}

}",1,"The code represents a basic Swagger/OpenAPI configuration bean, which is a peripheral setup rather than core business logic.",,
ITEM_214,JD_REACT_10,Fullstack React & TypeScript Developer,Fresher / Junior,EdTech Fullstack Application,"TypeScript, ReactJS, Node.js / Express / NestJS, Redux Toolkit / Zustand, Prisma / TypeORM / Mongoose, Git",robbins23/admin-dashboard-nextjs-typescript-daisyui-template,src/components/input/text-area.tsx,1,44,File: src/components/input/text-area.tsx | Lines 1..44,"import React, { useState } from 'react';

interface TextAreaProps {
  labelTitle: string;
  labelStyle?: string;
  containerStyle?: string;
  defaultValue?: string;
  placeholder?: string;
  updateFormValue: (updateType: string, value: string) => void;
  updateType: string;
}

function TextArea({
  labelTitle,
  labelStyle,
  containerStyle,
  defaultValue,
  placeholder,
  updateFormValue,
  updateType,
}: TextAreaProps): JSX.Element {
  const [value, setValue] = useState<string>(defaultValue || '');

  const updateTextAreaValue = (val: string): void => {
    setValue(val);
    updateFormValue(updateType, val);
  };

  return (
    <div className={`form-control w-full ${containerStyle}`}>
      <label className=""label"">
        <span className={'label-text text-xs text-base-content ' + (labelStyle || '')}>{labelTitle}</span>
      </label>
      <textarea
        value={value}
        placeholder={placeholder || ''}
        onChange={(e) => updateTextAreaValue(e.target.value)}
        className=""textarea textarea-bordered w-full""
      />
    </div>
  );
}

export default TextArea;",2,The code provides direct evidence of ReactJS and TypeScript usage with custom props interfaces and local state management for form inputs.,,
ITEM_215,JD_JAVA_10,Fresher Backend Developer,Fresher,Hospitality & Online Travel Agency (OTA),"Java 17, Spring Boot, Spring Security, Spring Data JPA, MySQL / PostgreSQL, Redis",devdcores/BookStoreApp-Distributed-Application,bookstore-account-service/src/main/java/com/devd/spring/bookstoreaccountservice/config/AuthForwardInterceptor.java,1,29,File: bookstore-account-service/src/main/java/com/devd/spring/bookstoreaccountservice/config/AuthForwardInterceptor.java | Lines 1..29,"package com.devd.spring.bookstoreaccountservice.config;

import feign.RequestInterceptor;
import feign.RequestTemplate;
import java.util.Objects;
import javax.servlet.http.HttpServletRequest;
import org.springframework.http.HttpHeaders;
import org.springframework.stereotype.Component;
import org.springframework.web.context.request.RequestContextHolder;
import org.springframework.web.context.request.ServletRequestAttributes;

/**
 * @author: Devaraj Reddy, Date : 2019-07-02
 */

/*
This is required for Feign clients to make request to services.
It takes the token from header and set the header in the feign request header.
 */
@Component
public class AuthForwardInterceptor implements RequestInterceptor {

  @Override
  public void apply(RequestTemplate template) {
    HttpServletRequest request = ((ServletRequestAttributes) Objects
        .requireNonNull(RequestContextHolder.getRequestAttributes())).getRequest();
    template.header(HttpHeaders.AUTHORIZATION, request.getHeader(HttpHeaders.AUTHORIZATION));
  }
}",1,"The snippet implements a Feign RequestInterceptor for forwarding auth headers, which serves as a peripheral configuration component.",,
ITEM_216,JD_JAVA_09,Java Backend Intern,Intern,Digital Library & Bookstore API,"Java Core, Spring Boot, Spring Data JPA, MySQL/PostgreSQL",Angel-Raa/spring-security-jwt-authentication-and-authorization,src/main/java/com/github/angel/raa/modules/persistence/repository/CategoryRepository.java,1,6,File: src/main/java/com/github/angel/raa/modules/persistence/repository/CategoryRepository.java | Lines 1..6,"package com.github.angel.raa.modules.persistence.repository;

import com.github.angel.raa.modules.persistence.models.Category;
import org.springframework.data.jpa.repository.JpaRepository;

public interface CategoryRepository extends JpaRepository<Category, Long> { }",2,"The snippet directly implements a Spring Data JPA repository interface extending JpaRepository, which provides strong, non-trivial evidence of Spring Data JPA and Java backend competencies.",,
ITEM_217,JD_REACT_08,React TypeScript Fresher,Fresher,Personal Finance & Digital Banking Portal,"ReactJS, TypeScript, React Hook Form, Zod / Yup, Authentication & Axios Interceptors, Material UI / Ant Design / Shadcn UI / Tailwind CSS",ZahraMirzaei/online-shop,components/Benefits/index.tsx,1,33,File: components/Benefits/index.tsx | Lines 1..33,"import React from ""react"";
import Image from ""next/image"";
import { useLanguage } from ""../../hooks/useLanguage"";
import { benefitContent } from ""../../mock/benefits"";

const Benefits = () => {
  const { t } = useLanguage();
  return (
    <div className=""grid gap-4 grid-cols-12 my-8 pt-4 xl:max-w-[2100px] mx-auto"">
      {benefitContent.map((benefitItem) => {
        return (
          <div
            className=""col-span-6 lg:col-span-3 flex flex-col items-center ""
            key={benefitItem.title}
          >
            <Image
              height={48}
              width={48}
              src={benefitItem.imgSrc}
              alt={benefitItem.title}
              className=""""
            />
            <p className=""py-2 text-sm md:text-base text-palette-base/90 text-center"">
              {t[`${benefitItem.title}`]}
            </p>
          </div>
        );
      })}
    </div>
  );
};

export default Benefits;",2,"The component utilizes React, Tailwind CSS styling, custom hooks (useLanguage), and map iterations to render dynamic UI content, satisfying the ReactJS and Tailwind skill requirements.",,
ITEM_218,JD_JAVA_15,Java Backend Fresher,Fresher,Retail & Warehouse Inventory Management,"Java 17, Spring Boot, Spring Data JPA, MySQL/PostgreSQL, JWT",Angel-Concha-Layme/Fake-Store-API,src/main/java/com/fakestore/api/dto/OrderDTO.java,1,12,File: src/main/java/com/fakestore/api/dto/OrderDTO.java | Lines 1..12,"package com.fakestore.api.dto;

import com.fakestore.api.persistence.entity.OrderStatus;
import com.fakestore.api.persistence.entity.User;

import java.time.LocalDate;
import java.util.List;

public record OrderDTO(
        List<OrderDetailDTO> orderDetails
) {
}",1,"This is a simple Java record data transfer object (DTO) snippet offering peripheral evidence of Java core data structures, but lacks service or controller logic.",,
ITEM_219,JD_JAVA_07,Java API Developer,Fresher,Real-time Messaging & Notification Services,"Java, Spring Boot, Spring WebSocket / STOMP, JWT & Spring Security, PostgreSQL / MySQL / MongoDB",Snailclimb/spring-security-jwt-guide,src/main/java/github/javaguide/springsecurityjwtguide/security/service/AuthService.java,1,50,File: src/main/java/github/javaguide/springsecurityjwtguide/security/service/AuthService.java | Lines 1..50,"package github.javaguide.springsecurityjwtguide.security.service;

import github.javaguide.springsecurityjwtguide.security.common.utils.CurrentUserUtil;
import github.javaguide.springsecurityjwtguide.security.common.utils.JwtTokenUtil;
import github.javaguide.springsecurityjwtguide.security.dto.LoginRequest;
import github.javaguide.springsecurityjwtguide.security.entity.JwtUser;
import github.javaguide.springsecurityjwtguide.system.entity.User;
import github.javaguide.springsecurityjwtguide.system.exception.UserNameNotFoundException;
import github.javaguide.springsecurityjwtguide.system.service.UserService;
import lombok.RequiredArgsConstructor;
import lombok.extern.slf4j.Slf4j;
import org.springframework.beans.factory.annotation.Autowired;
import org.springframework.data.redis.core.StringRedisTemplate;
import org.springframework.security.authentication.BadCredentialsException;
import org.springframework.security.core.Authentication;
import org.springframework.security.core.GrantedAuthority;
import org.springframework.security.core.context.SecurityContextHolder;
import org.springframework.stereotype.Service;

import java.util.List;
import java.util.stream.Collectors;

/**
 * @author shuang.kou
 **/
@Service
@RequiredArgsConstructor(onConstructor = @__(@Autowired))
@Slf4j
public class AuthService {
    private final UserService userService;
    private final StringRedisTemplate stringRedisTemplate;
    private final CurrentUserUtil currentUserUtil;

    public String createToken(LoginRequest loginRequest) {
        User user = userService.find(loginRequest.getUsername());
        if (!userService.check(loginRequest.getPassword(), user.getPassword())) {
            throw new BadCredentialsException(""The user name or password is not correct."");
        }
        JwtUser jwtUser = new JwtUser(user);
        if (!jwtUser.isEnabled()) {
            throw new BadCredentialsException(""User is forbidden to login"");
        }
        List<String> authorities = jwtUser.getAuthorities()
                .stream()
                .map(GrantedAuthority::getAuthority)
                .collect(Collectors.toList());
        String token = JwtTokenUtil.createToken(user.getUserName(), user.getId().toString(), authorities, loginRequest.getRememberMe());
        stringRedisTemplate.opsForValue().set(user.getId().toString(), token);
        return token;
    }",2,"The AuthService class contains concrete business logic for token creation, password verification, and authority extraction, serving as direct evidence of Spring Boot and security authentication competencies.",,
ITEM_220,JD_REACT_05,Next.js & TypeScript Frontend Developer,Fresher / Junior,High-Performance Web & Digital Commerce,"ReactJS, TypeScript, Next.js, Tailwind CSS, RESTful API / GraphQL",RishiBakshii/mern-chat-app,next-js-frontend/src/app/auth/login/page.tsx,39,51,File: next-js-frontend/src/app/auth/login/page.tsx | Lines 39..51,"export default function LoginPage() {


  return (
    <>
    <div className=""flex flex-col gap-y-8"">
      <h3 className=""text-4xl font-bold text-fluid-h3"">Login</h3>
      <SocialLogin googleLink={`${process.env.NEXT_PUBLIC_BASE_URL}/auth/google`} />
    </div>
    <LoginForm/>
    </>
  );
}",2,"The React/Next.js page component integrates routing views and subcomponents with Tailwind styling, providing strong evidence of Next.js and TypeScript frontend development.",,
ITEM_221,JD_REACT_02,ReactJS / TypeScript Intern,Intern/Fresher,Digital Media & Streaming SPA,"HTML5/CSS3, JavaScript (ES6+), TypeScript, ReactJS",JordanKnott/taskcafe,frontend/src/shared/components/Checklist/index.tsx,521,570,File: frontend/src/shared/components/Checklist/index.tsx | Lines 521..570,"        </EditControls>
      </>
    );
  },
);
type ChecklistProps = {
  checklistID: string;
  onDeleteChecklist: ($target: React.RefObject<HTMLElement>, checklistID: string) => void;
  name: string;
  children: React.ReactNode;
  onChangeName: (item: string) => void;
  onToggleItem: (taskID: string, complete: boolean) => void;
  onChangeItemName: (itemID: string, currentName: string) => void;
  wrapperProps: any;
  handleProps: any;
  onDeleteItem: (checklistID: string, itemID: string) => void;
  onAddItem: (itemName: string) => void;
  items: Array<TaskChecklistItem>;
};

const Checklist = React.forwardRef(
  (
    {
      checklistID,
      children,
      onDeleteChecklist,
      name,
      items,
      wrapperProps,
      handleProps,
      onToggleItem,
      onAddItem,
      onChangeItemName,
      onChangeName,
      onDeleteItem,
    }: ChecklistProps,
    $container,
  ) => {
    const $name = useRef<HTMLTextAreaElement>(null);
    const complete = items.reduce((prev, item) => prev + (item.complete ? 1 : 0), 0);
    const percent = items.length === 0 ? 0 : Math.floor((complete / items.length) * 100);
    const [editting, setEditting] = useState(false);
    // useOnOutsideClick($name, true, () => setEditting(false), null);
    useEffect(() => {
      if (editting && $name && $name.current) {
        $name.current.focus();
        $name.current.select();
      }
    }, [editting]);
    return (",2,"The React component uses TypeScript typings, forwardRef, state hooks (useState), and effect hooks (useEffect), which represent strong, direct evidence of ReactJS and TypeScript competencies.",,
ITEM_222,JD_JAVA_13,Java Backend Fresher,Fresher,FoodTech & Delivery Platform,"Java, Spring Boot, Spring Security & JWT, MySQL & Spring Data JPA, RabbitMQ / Kafka",mewebstudio/java-spring-boot-boilerplate,src/main/java/com/mewebstudio/javaspringbootboilerplate/controller/AccountController.java,1,50,File: src/main/java/com/mewebstudio/javaspringbootboilerplate/controller/AccountController.java | Lines 1..50,"package com.mewebstudio.javaspringbootboilerplate.controller;

import com.mewebstudio.javaspringbootboilerplate.dto.request.user.UpdatePasswordRequest;
import com.mewebstudio.javaspringbootboilerplate.dto.response.DetailedErrorResponse;
import com.mewebstudio.javaspringbootboilerplate.dto.response.ErrorResponse;
import com.mewebstudio.javaspringbootboilerplate.dto.response.SuccessResponse;
import com.mewebstudio.javaspringbootboilerplate.dto.response.user.UserResponse;
import com.mewebstudio.javaspringbootboilerplate.service.MessageSourceService;
import com.mewebstudio.javaspringbootboilerplate.service.UserService;
import io.swagger.v3.oas.annotations.Operation;
import io.swagger.v3.oas.annotations.Parameter;
import io.swagger.v3.oas.annotations.media.Content;
import io.swagger.v3.oas.annotations.media.Schema;
import io.swagger.v3.oas.annotations.responses.ApiResponse;
import io.swagger.v3.oas.annotations.security.SecurityRequirement;
import io.swagger.v3.oas.annotations.tags.Tag;
import jakarta.validation.Valid;
import lombok.RequiredArgsConstructor;
import org.springframework.http.MediaType;
import org.springframework.http.ResponseEntity;
import org.springframework.validation.BindException;
import org.springframework.web.bind.annotation.GetMapping;
import org.springframework.web.bind.annotation.PostMapping;
import org.springframework.web.bind.annotation.RequestBody;
import org.springframework.web.bind.annotation.RequestMapping;
import org.springframework.web.bind.annotation.RestController;

import static com.mewebstudio.javaspringbootboilerplate.util.Constants.SECURITY_SCHEME_NAME;

@RestController
@RequiredArgsConstructor
@RequestMapping(""/account"")
@Tag(name = ""002. Account"", description = ""Account API"")
public class AccountController extends AbstractBaseController {
    private final UserService userService;

    private final MessageSourceService messageSourceService;

    @GetMapping(""/me"")
    @Operation(
        summary = ""Me endpoint"",
        security = @SecurityRequirement(name = SECURITY_SCHEME_NAME),
        responses = {
            @ApiResponse(
                responseCode = ""200"",
                description = ""Successful operation"",
                content = @Content(
                    mediaType = ""application/json"",
                    schema = @Schema(implementation = UserResponse.class)
                )",2,"The controller uses Spring REST annotations (@RestController, @GetMapping), OpenAPI annotations, and validation dependencies, providing strong evidence of Spring Boot API development.",,
ITEM_223,JD_REACT_04,Frontend Engineer,Fresher,B2B SaaS Analytics & Reporting Dashboard,"ReactJS, TypeScript, TanStack React Query, Tailwind CSS, Recharts / Chart.js",hoangtien2k3/ecommerce-microservices,auth-service/src/main/java/com/ecommerce/authservice/config/SsoProperties.java,1,49,File: auth-service/src/main/java/com/ecommerce/authservice/config/SsoProperties.java | Lines 1..49,"package com.ecommerce.authservice.config;

import lombok.Getter;
import lombok.Setter;
import org.springframework.boot.context.properties.ConfigurationProperties;
import org.springframework.context.annotation.Configuration;

import java.util.List;

/**
 * Backend-mediated SSO settings, bound from {@code keycloak.sso.*}.
 *
 * <p>The browser logs in at Keycloak, Keycloak redirects to {@link #backendCallbackUrl}
 * (this service), we exchange the code for tokens and then bounce the browser back to
 * one of the {@link #allowedRedirectUris} carrying a single-use {@code ticket} that the
 * frontend swaps for the tokens via {@code GET /api/v1/auth/session}.</p>
 */
@Getter
@Setter
@Configuration
@ConfigurationProperties(prefix = ""keycloak.sso"")
public class SsoProperties {

    /**
     * Browser-facing URL Keycloak redirects to after login. MUST be registered as a
     * Valid Redirect URI on the Keycloak client and be reachable by the browser.
     */
    private String backendCallbackUrl = ""http://api.ecommerce.local/api/v1/auth/callback"";

    /** Frontend callback pages allowed to receive the login ticket (anti open-redirect). */
    private List<String> allowedRedirectUris = List.of(
            ""http://ecommerce.local/auth/callback"",
            ""http://admin.ecommerce.local/auth/callback"",
            ""http://localhost:3000/auth/callback"",
            ""http://localhost:3001/auth/callback""
    );

    /** Used when the caller supplies no (or a disallowed) {@code redirect_uri}. */
    private String defaultFrontendRedirect = ""http://ecommerce.local/auth/callback"";

    /** OIDC scopes requested during the authorization redirect. */
    private String scope = ""openid profile email"";

    /** How long an in-flight login {@code state} stays valid. */
    private long stateTtlSeconds = 300;

    /** How long a post-login {@code ticket} stays valid before the frontend swaps it. */
    private long ticketTtlSeconds = 60;
}",0,"The code file is a Java backend configuration properties class for Spring Boot, which is completely irrelevant to the Frontend Engineer job description requiring React, TypeScript, and Tailwind.",,
ITEM_224,JD_JAVA_05,Backend Developer (Java/Spring Boot),Fresher,EdTech & Learning Management Systems (LMS),"Java Core, Spring Boot, Spring Security, Spring Data JPA, MySQL",mdtalalwasim/blog-application-spring-boot-rest-api,blog-application-springboot-rest-apis/src/main/java/com/mdtalalwasim/blog/app/config/SwaggerConfig.java,1,27,File: blog-application-springboot-rest-apis/src/main/java/com/mdtalalwasim/blog/app/config/SwaggerConfig.java | Lines 1..27," package com.mdtalalwasim.blog.app.config;

import org.springframework.context.annotation.Bean;
import org.springframework.context.annotation.Configuration;

import io.swagger.v3.oas.models.ExternalDocumentation;
import io.swagger.v3.oas.models.OpenAPI;
import io.swagger.v3.oas.models.info.Contact;
import io.swagger.v3.oas.models.info.Info;
import io.swagger.v3.oas.models.info.License;
@Configuration
public class SwaggerConfig {
	
	@Bean
	public OpenAPI openAPI() {
		  
		 
		return new OpenAPI()
				.info(new Info().title(""Blog Application Beckend API"")
						.description(""This is blog application project api and Developed by Md. Talal Wasim"")
						.version(""1.0"")
						.contact(new Contact().name(""Md. Talal Wasim"").email(""md.talalwasim@gmail.com"").url(""https://mdtalalwasim.github.io/""))
						.license(new License().name(""Licence""))
						).externalDocs(new ExternalDocumentation().url(""https://mdtalalwasim.github.io/"").description(""This is external url""));
	}

}",1,"This is a basic Swagger/OpenAPI configuration bean, which counts as peripheral or boilerplate configuration evidence according to the evaluation criteria.",,
ITEM_225,JD_REACT_09,Frontend Web Developer,Intern / Fresher,Service Discovery & Booking Platform,"ReactJS, TypeScript, React Router, Axios",hoangtien2k3/ecommerce-microservices,auth-service/src/main/java/com/ecommerce/authservice/controller/AuthController.java,56,71,File: auth-service/src/main/java/com/ecommerce/authservice/controller/AuthController.java | Lines 56..71,"@GetMapping(""/login"")
    public ResponseEntity<Void> ssoLogin(
            @RequestParam(value = ""redirect_uri"", required = false) String redirectUri) {
        String frontendRedirect = resolveFrontendRedirect(redirectUri);
        String state = ssoSessionStore.createLoginState(frontendRedirect);
        String authorizeUrl = UriComponentsBuilder.fromUriString(keycloakProperties.authorizationEndpoint())
                .queryParam(""client_id"", keycloakProperties.getClientId())
                .queryParam(""response_type"", ""code"")
                .queryParam(""scope"", ssoProperties.getScope())
                .queryParam(""redirect_uri"", ssoProperties.getBackendCallbackUrl())
                .queryParam(""state"", state)
                .build()
                .encode()
                .toUriString();
        return ResponseEntity.status(HttpStatus.FOUND).location(URI.create(authorizeUrl)).build();
    }",0,"The code is a Java Spring Boot backend controller method handling SSO login redirects, which is completely irrelevant to the Frontend Web Developer job description focused on ReactJS and TypeScript.",,
ITEM_226,JD_REACT_10,Fullstack React & TypeScript Developer,Fresher / Junior,EdTech Fullstack Application,"TypeScript, ReactJS, Node.js / Express / NestJS, Redux Toolkit / Zustand, Prisma / TypeORM / Mongoose, Git",JordanKnott/taskcafe,frontend/src/shared/components/Checklist/index.tsx,521,570,File: frontend/src/shared/components/Checklist/index.tsx | Lines 521..570,"        </EditControls>
      </>
    );
  },
);
type ChecklistProps = {
  checklistID: string;
  onDeleteChecklist: ($target: React.RefObject<HTMLElement>, checklistID: string) => void;
  name: string;
  children: React.ReactNode;
  onChangeName: (item: string) => void;
  onToggleItem: (taskID: string, complete: boolean) => void;
  onChangeItemName: (itemID: string, currentName: string) => void;
  wrapperProps: any;
  handleProps: any;
  onDeleteItem: (checklistID: string, itemID: string) => void;
  onAddItem: (itemName: string) => void;
  items: Array<TaskChecklistItem>;
};

const Checklist = React.forwardRef(
  (
    {
      checklistID,
      children,
      onDeleteChecklist,
      name,
      items,
      wrapperProps,
      handleProps,
      onToggleItem,
      onAddItem,
      onChangeItemName,
      onChangeName,
      onDeleteItem,
    }: ChecklistProps,
    $container,
  ) => {
    const $name = useRef<HTMLTextAreaElement>(null);
    const complete = items.reduce((prev, item) => prev + (item.complete ? 1 : 0), 0);
    const percent = items.length === 0 ? 0 : Math.floor((complete / items.length) * 100);
    const [editting, setEditting] = useState(false);
    // useOnOutsideClick($name, true, () => setEditting(false), null);
    useEffect(() => {
      if (editting && $name && $name.current) {
        $name.current.focus();
        $name.current.select();
      }
    }, [editting]);
    return (",2,"The code provides strong evidence of React and TypeScript competency, implementing a complex component (Checklist) with React.forwardRef, useState, useEffect, useRef, and robust TypeScript props typing.",,
ITEM_227,JD_JAVA_04,Java Microservices Fresher,Fresher,Distributed Systems & Supply Chain,"Java 17+, Spring Boot, Apache Kafka, Spring Data JPA, MySQL/PostgreSQL, Docker / Docker Compose",LuckyKuang/springboot-base-project,src/main/java/com/luckykuang/auth/repository/primary/MenuRepository.java,1,30,File: src/main/java/com/luckykuang/auth/repository/primary/MenuRepository.java | Lines 1..30,"/*
 * Copyright 2015-2023 the original author or authors.
 *
 * Licensed under the Apache License, Version 2.0 (the ""License"");
 * you may not use this file except in compliance with the License.
 * You may obtain a copy of the License at
 *
 *      https://www.apache.org/licenses/LICENSE-2.0
 *
 * Unless required by applicable law or agreed to in writing, software
 * distributed under the License is distributed on an ""AS IS"" BASIS,
 * WITHOUT WARRANTIES OR CONDITIONS OF ANY KIND, either express or implied.
 * See the License for the specific language governing permissions and
 * limitations under the License.
 */

package com.luckykuang.auth.repository.primary;

import com.luckykuang.auth.model.primary.Menu;
import org.springframework.data.jpa.repository.JpaRepository;
import org.springframework.stereotype.Repository;

/**
 * @author luckykuang
 * @date 2023/4/20 14:17
 */
@Repository
public interface MenuRepository extends JpaRepository<Menu,Long> {

}",1,"This repository interface extends JpaRepository, which represents standard CRUD delegation without core business logic, serving as peripheral Spring Data JPA evidence.",,
ITEM_228,JD_REACT_06,Junior ReactJS Developer,Junior,Productivity & Collaborative Kanban System,"ReactJS, TypeScript, Redux Toolkit / Zustand, React Hook Form & Zod/Yup, Tailwind CSS / CSS-in-JS",DevlinRocha/banter,src/components/Members.tsx,1,50,File: src/components/Members.tsx | Lines 1..50,"import { useEffect, useRef, useState, Fragment } from ""react"";
import { query, collection, onSnapshot } from ""firebase/firestore"";
import { db } from ""../../firebase"";
import tw from ""tailwind-styled-components/dist/tailwind"";
import {
  useServersState,
  setMembers,
  setMemberProfileCardOpen,
  setMemberProfileCardPosition,
  setMemberRoles,
  MemberRole,
  MemberInfo,
  RoleData,
  MemberData,
  setMemberPreview,
  RoleListData,
} from ""../features/servers"";
import { useAppDispatch } from ""../redux/hooks"";
import Image from ""next/image"";

export default function Members() {
  const { server, members, memberRoles, memberProfileCardOpen } =
    useServersState();
  const memberRef = useRef<HTMLLIElement[]>([]);
  const [assignedRoles, setAssignedRoles] = useState<RoleListData[]>([]);
  const [unassignedRoles, setUnassignedRoles] = useState<MemberData[]>([]);
  const dispatch = useAppDispatch();

  useEffect(() => {
    if (!server.serverID) return;

    const q = query(collection(db, ""servers"", server.serverID, ""members""));

    const unsubscribe = onSnapshot(q, (querySnapshot) => {
      const memberRolesList: MemberRole[] = [];

      querySnapshot.forEach((doc) => {
        const docData = doc.data();

        const memberRoles: MemberRole = {
          userID: doc.id,

          serverOwner: docData.serverOwner,

          roles: docData.roles,

          // permissions: docData.permissions,
        };

        memberRolesList.push(memberRoles);",2,"The snippet demonstrates strong ReactJS and TypeScript skills by integrating Firebase real-time query subscriptions (onSnapshot), custom React hooks, and useRef/useState within a component.",,
ITEM_229,JD_JAVA_07,Java API Developer,Fresher,Real-time Messaging & Notification Services,"Java, Spring Boot, Spring WebSocket / STOMP, JWT & Spring Security, PostgreSQL / MySQL / MongoDB",mewebstudio/java-spring-boot-boilerplate,src/main/java/com/mewebstudio/javaspringbootboilerplate/controller/AccountController.java,41,90,File: src/main/java/com/mewebstudio/javaspringbootboilerplate/controller/AccountController.java | Lines 41..90,"        summary = ""Me endpoint"",
        security = @SecurityRequirement(name = SECURITY_SCHEME_NAME),
        responses = {
            @ApiResponse(
                responseCode = ""200"",
                description = ""Successful operation"",
                content = @Content(
                    mediaType = ""application/json"",
                    schema = @Schema(implementation = UserResponse.class)
                )
            ),
            @ApiResponse(
                responseCode = ""401"",
                description = ""Bad credentials"",
                content = @Content(
                    mediaType = MediaType.APPLICATION_JSON_VALUE,
                    schema = @Schema(implementation = ErrorResponse.class)
                )
            )
        }
    )
    public ResponseEntity<UserResponse> me() {
        return ResponseEntity.ok(UserResponse.convert(userService.getUser()));
    }

    @PostMapping(""/password"")
    @Operation(
        summary = ""Password update endpoint"",
        security = @SecurityRequirement(name = SECURITY_SCHEME_NAME),
        responses = {
            @ApiResponse(
                responseCode = ""200"",
                description = ""Successful operation"",
                content = @Content(
                    mediaType = ""application/json"",
                    schema = @Schema(implementation = SuccessResponse.class)
                )
            ),
            @ApiResponse(
                responseCode = ""401"",
                description = ""Bad credentials"",
                content = @Content(
                    mediaType = MediaType.APPLICATION_JSON_VALUE,
                    schema = @Schema(implementation = ErrorResponse.class)
                )
            ),
            @ApiResponse(
                responseCode = ""422"",
                description = ""Validation failed"",
                content = @Content(",1,"This is a standard Spring Boot API controller method returning a delegated user response with Swagger documentation, which counts as peripheral/CRUD evidence.",,
ITEM_230,JD_JAVA_03,Java Backend Fresher,Fresher,Fintech & Payment Gateway,"Java, Spring Boot, Spring Data JPA, PostgreSQL, Redis",huseynovvusal/spring-blog-api,src/main/java/com/huseynovvusal/springblogapi/controller/AuthenticationController.java,1,50,File: src/main/java/com/huseynovvusal/springblogapi/controller/AuthenticationController.java | Lines 1..50,"package com.huseynovvusal.springblogapi.controller;

import com.huseynovvusal.springblogapi.dto.ForgotPasswordRequest;
import com.huseynovvusal.springblogapi.dto.LoginRequest;
import com.huseynovvusal.springblogapi.dto.LoginResponse;
import com.huseynovvusal.springblogapi.dto.RefreshTokenRequest;
import com.huseynovvusal.springblogapi.dto.RegisterRequest;
import com.huseynovvusal.springblogapi.dto.RegisterResponse;
import com.huseynovvusal.springblogapi.dto.ResetPasswordRequest;
import com.huseynovvusal.springblogapi.dto.response.ForgotPasswordResponse;
import com.huseynovvusal.springblogapi.dto.response.ResetPasswordResponse;
import com.huseynovvusal.springblogapi.exception.InvalidRefreshTokenException;
import com.huseynovvusal.springblogapi.exception.UserAlreadyRegisteredException;
import com.huseynovvusal.springblogapi.service.AuthenticationService;
import io.github.resilience4j.ratelimiter.annotation.RateLimiter;
import io.swagger.v3.oas.annotations.Operation;
import jakarta.validation.Valid;
import lombok.RequiredArgsConstructor;
import org.slf4j.Logger;
import org.slf4j.LoggerFactory;
import org.springframework.web.bind.annotation.PostMapping;
import org.springframework.web.bind.annotation.RequestBody;
import org.springframework.web.bind.annotation.RequestMapping;
import org.springframework.web.bind.annotation.RestController;

/**
 * Controller responsible for handling authentication-related endpoints. Includes registration,
 * login, password reset link generation, and password resetting.
 */
@RestController
@RequiredArgsConstructor
@RequestMapping(""/auth"")
public class AuthenticationController {

  private static final Logger LOGGER = LoggerFactory.getLogger(AuthenticationController.class);
  private final AuthenticationService authenticationService;

  /**
   * Registers a new user with the provided credentials.
   *
   * @param request the registration request containing user details
   * @return a response entity with registration status and user info
   * @throws UserAlreadyRegisteredException
   */
  @Operation(
      summary = ""Register a new user"",
      description = ""Creates a new account and returns registration details."")
  @PostMapping(""register"")
  @RateLimiter(name = ""auth"")
  public RegisterResponse register(@Valid @RequestBody RegisterRequest request)",2,"The snippet provides strong evidence of Spring Boot development, including a REST controller configured with Lombok, rate limiting (Resilience4j), OpenAPI documentation, and request validation (@Valid).",,
ITEM_231,JD_JAVA_01,Backend Developer (Java / Spring Boot),Fresher,E-Commerce Platform,"Java, Spring Boot, Spring Security & JWT, Spring Data JPA / Hibernate, MySQL, Git",hoangtien2k3/ecommerce-microservices,auth-service/src/main/java/com/ecommerce/authservice/config/SecurityConfig.java,1,42,File: auth-service/src/main/java/com/ecommerce/authservice/config/SecurityConfig.java | Lines 1..42,"package com.ecommerce.authservice.config;

import com.ecommerce.commonlib.constants.ApiPaths;
import org.springframework.context.annotation.Bean;
import org.springframework.context.annotation.Configuration;
import org.springframework.security.config.annotation.method.configuration.EnableMethodSecurity;
import org.springframework.security.config.annotation.web.builders.HttpSecurity;
import org.springframework.security.config.annotation.web.configurers.AbstractHttpConfigurer;
import org.springframework.security.config.http.SessionCreationPolicy;
import org.springframework.security.oauth2.server.resource.authentication.JwtAuthenticationConverter;
import org.springframework.security.web.SecurityFilterChain;

@Configuration
@EnableMethodSecurity
public class SecurityConfig {

    private static final String[] PUBLIC_ENDPOINTS = {
            ""/v3/api-docs/**"", ""/swagger-ui/**"", ""/swagger-resources/**"",
            ""/actuator/**"",
            ApiPaths.AUTH + ""/signup"",
            // SSO (backend-mediated Authorization Code flow)
            ApiPaths.AUTH + ""/login"",
            ApiPaths.AUTH + ""/callback"",
            ApiPaths.AUTH + ""/session"",
            ApiPaths.AUTH + ""/refresh"",
            ApiPaths.AUTH + ""/logout""
    };

    @Bean
    public SecurityFilterChain securityFilterChain(HttpSecurity http,
                                                   JwtAuthenticationConverter jwtAuthenticationConverter) throws Exception {
        http
                .csrf(AbstractHttpConfigurer::disable)
                .sessionManagement(session -> session.sessionCreationPolicy(SessionCreationPolicy.STATELESS))
                .authorizeHttpRequests(auth -> auth
                        .requestMatchers(PUBLIC_ENDPOINTS).permitAll()
                        .anyRequest().authenticated())
                .oauth2ResourceServer(oauth2 -> oauth2
                        .jwt(jwt -> jwt.jwtAuthenticationConverter(jwtAuthenticationConverter)));
        return http.build();
    }
}",2,"The code demonstrates strong Spring Boot and Spring Security competency, defining a comprehensive SecurityFilterChain configuration with JWT resource server support and stateless session management.",,
ITEM_232,JD_REACT_01,Frontend Developer Fresher (ReactJS / TypeScript),Fresher,E-Commerce Storefront & Order Management,"ReactJS, TypeScript, Redux Toolkit, Tailwind CSS, Git",vercel/commerce,components/welcome-toast.tsx,1,36,File: components/welcome-toast.tsx | Lines 1..36,"""use client"";

import { useEffect } from ""react"";
import { toast } from ""sonner"";

export function WelcomeToast() {
  useEffect(() => {
    // ignore if screen height is too small
    if (window.innerHeight < 650) return;
    if (!document.cookie.includes(""welcome-toast=2"")) {
      toast(""🛍️ Welcome to Next.js Commerce!"", {
        id: ""welcome-toast"",
        duration: Infinity,
        onDismiss: () => {
          document.cookie = ""welcome-toast=2; max-age=31536000; path=/"";
        },
        description: (
          <>
            This is a high-performance, SSR storefront powered by Shopify,
            Next.js, and Vercel.{"" ""}
            <a
              href=""https://vercel.com/templates/next.js/nextjs-commerce""
              className=""text-blue-600 hover:underline""
              target=""_blank""
            >
              Deploy your own
            </a>
            .
          </>
        ),
      });
    }
  }, []);

  return null;
}",0,This snippet is a trivial UI boilerplate notification component (WelcomeToast) utilizing default UI toast logic with zero complex business logic or advanced React state management.,,
ITEM_233,JD_JAVA_09,Java Backend Intern,Intern,Digital Library & Bookstore API,"Java Core, Spring Boot, Spring Data JPA, MySQL/PostgreSQL",devdcores/BookStoreApp-Distributed-Application,bookstore-account-service/src/main/java/com/devd/spring/bookstoreaccountservice/config/AuthorizationServerConfig.java,146,152,File: bookstore-account-service/src/main/java/com/devd/spring/bookstoreaccountservice/config/AuthorizationServerConfig.java | Lines 146..152,"private String getPublicKeyAsString() {
    try {
      return IOUtils.toString(publicKey.getInputStream(), UTF_8);
    } catch (IOException e) {
      throw new RuntimeException(e);
    }
  }",0,"This is an isolated 7-line helper method snippet for reading an input stream that cuts across utility boilerplate, offering insufficient evidence of core Spring competencies.",,
ITEM_234,JD_REACT_07,Frontend Developer Intern/Fresher,Intern/Fresher,Real-Time Collaboration & Messaging,"ReactJS, TypeScript, WebSocket / Socket.io-client, Zustand / Redux Toolkit / React Context API, Tailwind CSS / SCSS",JordanKnott/taskcafe,frontend/src/shared/components/Admin/index.tsx,521,570,File: frontend/src/shared/components/Admin/index.tsx | Lines 521..570,"        }
      }}
    >
      <TabNavItemButton active={active}>
        <TabItemUser width={14} height={14} active={active} />
        <TabNavItemSpan>{name}</TabNavItemSpan>
      </TabNavItemButton>
    </TabNavItem>
  );
};

type AdminProps = {
  initialTab: number;
  onAddUser: ($target: React.RefObject<HTMLElement>) => void;
  onDeleteUser: (userID: string, newOwnerID: string | null) => void;
  onInviteUser: ($target: React.RefObject<HTMLElement>) => void;
  users: Array<User>;
  invitedUsers: Array<InvitedUserAccount>;
  canInviteUser: boolean;
  onUpdateUserPassword: (user: TaskUser, password: string) => void;
  onDeleteInvitedUser: (invitedUserID: string) => void;
};

const Admin: React.FC<AdminProps> = ({
  initialTab,
  onAddUser,
  onUpdateUserPassword,
  canInviteUser,
  onDeleteUser,
  onDeleteInvitedUser,
  onInviteUser,
  invitedUsers,
  users,
}) => {
  const warning =
    'You can’t leave because you are the only admin. To make another user an admin, click their avatar, select “Change permissions…”, and select “Admin”.';
  const [currentTop, setTop] = useState(initialTab * 48);
  const [currentTab, setTab] = useState(initialTab);
  const { showPopup } = usePopup();
  const $tabNav = useRef<HTMLDivElement>(null);

  const [updateUserRole] = useUpdateUserRoleMutation();
  return (
    <Container>
      <TabNav ref={$tabNav}>
        <TabNavContent>
          {items.map((item, idx) => (
            <NavItem
              key={item.name}
              onClick={(tab, top) => {",2,"The code demonstrates strong React and TypeScript skills, featuring custom components with precise typing, popup hooks, state management, and mutation hooks.",,
ITEM_235,JD_JAVA_09,Java Backend Intern,Intern,Digital Library & Bookstore API,"Java Core, Spring Boot, Spring Data JPA, MySQL/PostgreSQL",f-lab-edu/fast-shoppers,src/main/java/com/fastshoppers/entity/Product.java,1,50,File: src/main/java/com/fastshoppers/entity/Product.java | Lines 1..50,"package com.fastshoppers.entity;

import java.math.BigDecimal;

import org.springframework.data.jpa.domain.support.AuditingEntityListener;

import jakarta.persistence.AttributeOverride;
import jakarta.persistence.Column;
import jakarta.persistence.Entity;
import jakarta.persistence.EntityListeners;
import jakarta.persistence.FetchType;
import jakarta.persistence.JoinColumn;
import jakarta.persistence.ManyToOne;
import jakarta.persistence.Table;
import lombok.AllArgsConstructor;
import lombok.Getter;
import lombok.NoArgsConstructor;
import lombok.Setter;
import lombok.ToString;

@Entity
@AttributeOverride(name = ""id"", column = @Column(name = ""product_id"", nullable = false))
@Table(name = ""product"")
@Getter
@Setter
@NoArgsConstructor
@AllArgsConstructor
@EntityListeners(AuditingEntityListener.class)
@ToString
public class Product extends BaseEntity {

	@Column(name = ""product_uuid"", nullable = false, unique = true)
	private String productUuid;

	@ManyToOne(fetch = FetchType.LAZY)
	@JoinColumn(name = ""category_id"", nullable = false)
	private Category category;

	@Column(name = ""product_name"", length = 255, nullable = false)
	private String productName;

	@Column(name = ""product_subtitle"", length = 255)
	private String productSubtitle;

	@Column(name = ""list_price"", nullable = false)
	private BigDecimal listPrice;

	@Column(name = ""selling_price"", nullable = false)
	private BigDecimal sellingPrice;
",1,"The snippet defines a JPA Entity class with standard annotations and Lombok getters/setters, representing peripheral Spring Data JPA entity mapping without core business logic.",,
ITEM_236,JD_JAVA_11,Java Backend Developer,Fresher / Junior,Social Network & Technical Blogging Platform,"Java 17, Spring Boot 3, Spring Security 6, Spring Data JPA / Hibernate, PostgreSQL, Git",Angel-Raa/spring-security-jwt-authentication-and-authorization,src/main/java/com/github/angel/raa/modules/persistence/repository/CategoryRepository.java,1,6,File: src/main/java/com/github/angel/raa/modules/persistence/repository/CategoryRepository.java | Lines 1..6,"package com.github.angel.raa.modules.persistence.repository;

import com.github.angel.raa.modules.persistence.models.Category;
import org.springframework.data.jpa.repository.JpaRepository;

public interface CategoryRepository extends JpaRepository<Category, Long> { }",1,"Simple Spring Data JPA repository extension interface without custom business logic or query methods, representing basic CRUD delegation.",,
ITEM_237,JD_REACT_10,Fullstack React & TypeScript Developer,Fresher / Junior,EdTech Fullstack Application,"TypeScript, ReactJS, Node.js / Express / NestJS, Redux Toolkit / Zustand, Prisma / TypeORM / Mongoose, Git",ZahraMirzaei/online-shop,components/carousel/Slide.tsx,1,40,File: components/carousel/Slide.tsx | Lines 1..40,"import React from ""react"";
import Link from ""next/link"";
import { useLanguage } from ""../../hooks/useLanguage"";

interface Props {
  ID?: number;
  title: string;
  description: string;
  bgImg: string;
  url: string;
}
const Slide: React.FC<Props> = ({ title, description, bgImg, url }) => {
  const { t } = useLanguage();

  return (
    <>
      <div
        className={`relative w-[100%] h-[50vh] md:h-[70vh] bg-cover bg-center bg-no-repeat`}
        style={{ backgroundImage: `${bgImg}` }}
      >
        <Link href={url}>
          <a className=""block"">
            <div
              className={`backdrop-filter backdrop-blur-[12px] bg-palette-card/60 p-3 md:p-8 lg:p-10 shadow-lg md:overflow-hidden ltr:text-left rtl:text-right rounded-md md:w-[60%] lg:w-[50%] md:mt-auto absolute bottom-0 md:top-[45%] md:right-[25%] md:bottom-auto`}
            >
              <h3 className=""text-lg md:text-2xl lg:text-3xl font-medium"">
                {t[`${title}`]}
              </h3>
              <p className=""text-[13px] md:text-lg mt-2 md:mt-4 lg:mt-8"">
                {t[`${description}`]}
              </p>
            </div>
          </a>
        </Link>
      </div>
    </>
  );
};

export default Slide;",0,Trivial UI component snippet rendering static content and links via props and a language translation hook with standard Tailwind classes.,,
ITEM_238,JD_JAVA_02,Junior Java Developer,Intern/Fresher,Enterprise Web & HRM Systems,"Java, Spring Boot, Spring Data JPA, PostgreSQL, JUnit",mdtalalwasim/blog-application-spring-boot-rest-api,blog-application-springboot-rest-apis/src/main/java/com/mdtalalwasim/blog/app/controller/UserRestController.java,1,50,File: blog-application-springboot-rest-apis/src/main/java/com/mdtalalwasim/blog/app/controller/UserRestController.java | Lines 1..50,"package com.mdtalalwasim.blog.app.controller;

import java.util.List;
import java.util.Map;

import org.springframework.beans.factory.annotation.Autowired;
import org.springframework.http.HttpStatus;
import org.springframework.http.ResponseEntity;
import org.springframework.security.access.prepost.PreAuthorize;
import org.springframework.web.bind.annotation.DeleteMapping;
import org.springframework.web.bind.annotation.GetMapping;
import org.springframework.web.bind.annotation.PathVariable;
import org.springframework.web.bind.annotation.PostMapping;
import org.springframework.web.bind.annotation.PutMapping;
import org.springframework.web.bind.annotation.RequestBody;
import org.springframework.web.bind.annotation.RequestMapping;
import org.springframework.web.bind.annotation.RestController;

import com.mdtalalwasim.blog.app.payloads.ApiResponse;
import com.mdtalalwasim.blog.app.payloads.UserDto;
import com.mdtalalwasim.blog.app.services.UserService;

import jakarta.validation.Valid;

@RestController
@RequestMapping(""/api/users"")
public class UserRestController {
	
	@Autowired
	private UserService userService;
	
	
	//create user
	@PostMapping(""/"")
	public ResponseEntity<UserDto> createUser(@Valid @RequestBody UserDto userDto){
		UserDto createdUserDto = this.userService.createUser(userDto);
		return new ResponseEntity<>(createdUserDto,HttpStatus.CREATED);
		
	}
	
	//update user
	@PutMapping(""/{userId}"")
	public ResponseEntity<UserDto> updateUser(@Valid @RequestBody UserDto userDto, @PathVariable Integer userId){
		UserDto updatedUser = this.userService.updateUser(userDto, userId);
		//return new ResponseEntity<UserDto>(updatedUser,HttpStatus.OK);//or
		return  ResponseEntity.ok(updatedUser);
	}
	
	//to make access for only ADMIN ROLE.  
	//Admin can delete only",2,"Direct evidence of Spring Boot REST controller implementation using @RestController, request mapping, validation annotations (@Valid), and DTO payloads.",,
ITEM_239,JD_REACT_01,Frontend Developer Fresher (ReactJS / TypeScript),Fresher,E-Commerce Storefront & Order Management,"ReactJS, TypeScript, Redux Toolkit, Tailwind CSS, Git",ZahraMirzaei/online-shop,components/carousel/Slide.tsx,12,38,File: components/carousel/Slide.tsx | Lines 12..38,"const Slide: React.FC<Props> = ({ title, description, bgImg, url }) => {
  const { t } = useLanguage();

  return (
    <>
      <div
        className={`relative w-[100%] h-[50vh] md:h-[70vh] bg-cover bg-center bg-no-repeat`}
        style={{ backgroundImage: `${bgImg}` }}
      >
        <Link href={url}>
          <a className=""block"">
            <div
              className={`backdrop-filter backdrop-blur-[12px] bg-palette-card/60 p-3 md:p-8 lg:p-10 shadow-lg md:overflow-hidden ltr:text-left rtl:text-right rounded-md md:w-[60%] lg:w-[50%] md:mt-auto absolute bottom-0 md:top-[45%] md:right-[25%] md:bottom-auto`}
            >
              <h3 className=""text-lg md:text-2xl lg:text-3xl font-medium"">
                {t[`${title}`]}
              </h3>
              <p className=""text-[13px] md:text-lg mt-2 md:mt-4 lg:mt-8"">
                {t[`${description}`]}
              </p>
            </div>
          </a>
        </Link>
      </div>
    </>
  );
};",0,"Basic React presentational component rendering JSX without complex state, custom hooks, or strict TypeScript logic beyond a standard props interface.",,
ITEM_240,JD_JAVA_10,Fresher Backend Developer,Fresher,Hospitality & Online Travel Agency (OTA),"Java 17, Spring Boot, Spring Security, Spring Data JPA, MySQL / PostgreSQL, Redis",RishiBakshii/mern-chat-app,backend/src/controllers/auth.controller.ts,1,50,File: backend/src/controllers/auth.controller.ts | Lines 1..50,"import { NextFunction, Request, Response } from ""express"";
import jwt from 'jsonwebtoken';
import { config } from ""../config/env.config.js"";
import type { AuthenticatedRequest, OAuthAuthenticatedRequest } from ""../interfaces/auth/auth.interface.js"";
import { prisma } from '../lib/prisma.lib.js';
import type { fcmTokenSchemaType } from ""../schemas/auth.schema.js"";
import { env } from ""../schemas/env.schema.js"";
import { CustomError, asyncErrorHandler } from ""../utils/error.utils.js"";


const getUserInfo = asyncErrorHandler(async(req:AuthenticatedRequest,res:Response,next:NextFunction)=>{
    const user = req.user
    const secureUserInfo = {
        id:user.id,
        name:user.name,
        username:user.username,
        avatar:user.avatar,
        email:user.email,
        createdAt:user.createdAt,
        updatedAt:user.updatedAt,
        emailVerified:user.emailVerified,
        publicKey:user.publicKey,
        notificationsEnabled:user.notificationsEnabled,
        verificationBadge:user.verificationBadge,
        fcmToken:user.fcmToken,
        oAuthSignup:user.oAuthSignup
    }
    return res.status(200).json(secureUserInfo)
})

const updateFcmToken = asyncErrorHandler(async(req:AuthenticatedRequest,res:Response,next:NextFunction)=>{

    const {fcmToken}:fcmTokenSchemaType = req.body

    const user =  await prisma.user.update({
        where:{
            id:req.user.id
        },
        data:{
            fcmToken
        }
    })
    return res.status(200).json({fcmToken:user.fcmToken})
})

const checkAuth = asyncErrorHandler(async(req:AuthenticatedRequest,res:Response,next:NextFunction)=>{
    if(req.user){
        const secureUserInfo = {
            id:req.user.id,
            name:req.user.name,",1,"Express/TypeScript controller snippet showing standard database interaction via Prisma and error handling wrappers, but peripheral to Java/Spring Boot requirements.",,
ITEM_241,JD_REACT_07,Frontend Developer Intern/Fresher,Intern/Fresher,Real-Time Collaboration & Messaging,"ReactJS, TypeScript, WebSocket / Socket.io-client, Zustand / Redux Toolkit / React Context API, Tailwind CSS / SCSS",mdtalalwasim/blog-application-spring-boot-rest-api,blog-application-springboot-rest-apis/src/main/java/com/mdtalalwasim/blog/app/config/SwaggerConfig.java,14,25,File: blog-application-springboot-rest-apis/src/main/java/com/mdtalalwasim/blog/app/config/SwaggerConfig.java | Lines 14..25,"@Bean
	public OpenAPI openAPI() {
		  
		 
		return new OpenAPI()
				.info(new Info().title(""Blog Application Beckend API"")
						.description(""This is blog application project api and Developed by Md. Talal Wasim"")
						.version(""1.0"")
						.contact(new Contact().name(""Md. Talal Wasim"").email(""md.talalwasim@gmail.com"").url(""https://mdtalalwasim.github.io/""))
						.license(new License().name(""Licence""))
						).externalDocs(new ExternalDocumentation().url(""https://mdtalalwasim.github.io/"").description(""This is external url""));
	}",1,"Basic configuration bean setup for Swagger/OpenAPI documentation, which is a peripheral component rather than core business logic.",,
ITEM_242,JD_REACT_06,Junior ReactJS Developer,Junior,Productivity & Collaborative Kanban System,"ReactJS, TypeScript, Redux Toolkit / Zustand, React Hook Form & Zod/Yup, Tailwind CSS / CSS-in-JS",devias-io/material-kit-react,src/components/auth/layout.tsx,14,68,File: src/components/auth/layout.tsx | Lines 14..68,"export function Layout({ children }: LayoutProps): React.JSX.Element {
  return (
    <Box
      sx={{
        display: { xs: 'flex', lg: 'grid' },
        flexDirection: 'column',
        gridTemplateColumns: '1fr 1fr',
        minHeight: '100%',
      }}
    >
      <Box sx={{ display: 'flex', flex: '1 1 auto', flexDirection: 'column' }}>
        <Box sx={{ p: 3 }}>
          <Box component={RouterLink} href={paths.home} sx={{ display: 'inline-block', fontSize: 0 }}>
            <DynamicLogo colorDark=""light"" colorLight=""dark"" height={32} width={122} />
          </Box>
        </Box>
        <Box sx={{ alignItems: 'center', display: 'flex', flex: '1 1 auto', justifyContent: 'center', p: 3 }}>
          <Box sx={{ maxWidth: '450px', width: '100%' }}>{children}</Box>
        </Box>
      </Box>
      <Box
        sx={{
          alignItems: 'center',
          background: 'radial-gradient(50% 50% at 50% 50%, #122647 0%, #090E23 100%)',
          color: 'var(--mui-palette-common-white)',
          display: { xs: 'none', lg: 'flex' },
          justifyContent: 'center',
          p: 3,
        }}
      >
        <Stack spacing={3}>
          <Stack spacing={1}>
            <Typography color=""inherit"" sx={{ fontSize: '24px', lineHeight: '32px', textAlign: 'center' }} variant=""h1"">
              Welcome to{' '}
              <Box component=""span"" sx={{ color: '#15b79e' }}>
                Devias Kit
              </Box>
            </Typography>
            <Typography align=""center"" variant=""subtitle1"">
              A professional template that comes with ready-to-use MUI components.
            </Typography>
          </Stack>
          <Box sx={{ display: 'flex', justifyContent: 'center' }}>
            <Box
              component=""img""
              alt=""Widgets""
              src=""/assets/auth-widgets.png""
              sx={{ height: 'auto', width: '100%', maxWidth: '600px' }}
            />
          </Box>
        </Stack>
      </Box>
    </Box>
  );
}",0,Boilerplate MUI layout template rendering welcome text and static images with zero complex state management or form validation.,,
ITEM_243,JD_JAVA_08,Junior Java Software Engineer,Junior,Logistics & Fleet Management,"Java 17, Spring Boot, Spring Data JPA, MySQL/PostgreSQL, MapStruct, Bean Validation",f-lab-edu/fast-shoppers,src/main/java/com/fastshoppers/entity/Product.java,1,50,File: src/main/java/com/fastshoppers/entity/Product.java | Lines 1..50,"package com.fastshoppers.entity;

import java.math.BigDecimal;

import org.springframework.data.jpa.domain.support.AuditingEntityListener;

import jakarta.persistence.AttributeOverride;
import jakarta.persistence.Column;
import jakarta.persistence.Entity;
import jakarta.persistence.EntityListeners;
import jakarta.persistence.FetchType;
import jakarta.persistence.JoinColumn;
import jakarta.persistence.ManyToOne;
import jakarta.persistence.Table;
import lombok.AllArgsConstructor;
import lombok.Getter;
import lombok.NoArgsConstructor;
import lombok.Setter;
import lombok.ToString;

@Entity
@AttributeOverride(name = ""id"", column = @Column(name = ""product_id"", nullable = false))
@Table(name = ""product"")
@Getter
@Setter
@NoArgsConstructor
@AllArgsConstructor
@EntityListeners(AuditingEntityListener.class)
@ToString
public class Product extends BaseEntity {

	@Column(name = ""product_uuid"", nullable = false, unique = true)
	private String productUuid;

	@ManyToOne(fetch = FetchType.LAZY)
	@JoinColumn(name = ""category_id"", nullable = false)
	private Category category;

	@Column(name = ""product_name"", length = 255, nullable = false)
	private String productName;

	@Column(name = ""product_subtitle"", length = 255)
	private String productSubtitle;

	@Column(name = ""list_price"", nullable = false)
	private BigDecimal listPrice;

	@Column(name = ""selling_price"", nullable = false)
	private BigDecimal sellingPrice;
",1,"Standard Spring Data JPA entity definition with Lombok annotations and auditing listeners, providing basic database mapping boilerplate.",,
ITEM_244,JD_REACT_04,Frontend Engineer,Fresher,B2B SaaS Analytics & Reporting Dashboard,"ReactJS, TypeScript, TanStack React Query, Tailwind CSS, Recharts / Chart.js",jhcode33/react-spring-blog-backend,src/main/java/jhcode/blog/controller/BoardController.java,39,48,File: src/main/java/jhcode/blog/controller/BoardController.java | Lines 39..48,"@GetMapping(""/search"")
    public ResponseEntity<Page<ResBoardListDto>> search(
            @PageableDefault(size = 5, sort = ""id"", direction = Sort.Direction.DESC) Pageable pageable,
            @RequestParam String title,
            @RequestParam String content,
            @RequestParam String writerName) {
        SearchData searchData = SearchData.createdSearchData(title, content, writerName);
        Page<ResBoardListDto> searchBoard = boardService.search(searchData, pageable);
        return  ResponseEntity.status(HttpStatus.OK).body(searchBoard);
    }",0,"Java Spring Boot controller snippet evaluated against a Frontend React/TypeScript job description, making it completely tech-stack irrelevant.",,
ITEM_245,JD_REACT_08,React TypeScript Fresher,Fresher,Personal Finance & Digital Banking Portal,"ReactJS, TypeScript, React Hook Form, Zod / Yup, Authentication & Axios Interceptors, Material UI / Ant Design / Shadcn UI / Tailwind CSS",ZahraMirzaei/online-shop,components/carousel/Slide.tsx,12,38,File: components/carousel/Slide.tsx | Lines 12..38,"const Slide: React.FC<Props> = ({ title, description, bgImg, url }) => {
  const { t } = useLanguage();

  return (
    <>
      <div
        className={`relative w-[100%] h-[50vh] md:h-[70vh] bg-cover bg-center bg-no-repeat`}
        style={{ backgroundImage: `${bgImg}` }}
      >
        <Link href={url}>
          <a className=""block"">
            <div
              className={`backdrop-filter backdrop-blur-[12px] bg-palette-card/60 p-3 md:p-8 lg:p-10 shadow-lg md:overflow-hidden ltr:text-left rtl:text-right rounded-md md:w-[60%] lg:w-[50%] md:mt-auto absolute bottom-0 md:top-[45%] md:right-[25%] md:bottom-auto`}
            >
              <h3 className=""text-lg md:text-2xl lg:text-3xl font-medium"">
                {t[`${title}`]}
              </h3>
              <p className=""text-[13px] md:text-lg mt-2 md:mt-4 lg:mt-8"">
                {t[`${description}`]}
              </p>
            </div>
          </a>
        </Link>
      </div>
    </>
  );
};",0,"Simple React JSX rendering code snippet without advanced hooks, state management, or form validation, failing to show advanced React/TypeScript competencies.",,
ITEM_246,JD_JAVA_14,Backend Engineer (Java / Spring Boot),Intern/Fresher,HRTech & Recruitment Job Portal,"Java Core, Spring Boot, Spring Data JPA, Spring Security & JWT, PostgreSQL / MySQL",mewebstudio/java-spring-boot-boilerplate,src/main/java/com/mewebstudio/javaspringbootboilerplate/controller/AccountController.java,66,106,File: src/main/java/com/mewebstudio/javaspringbootboilerplate/controller/AccountController.java | Lines 66..106,"@PostMapping(""/password"")
    @Operation(
        summary = ""Password update endpoint"",
        security = @SecurityRequirement(name = SECURITY_SCHEME_NAME),
        responses = {
            @ApiResponse(
                responseCode = ""200"",
                description = ""Successful operation"",
                content = @Content(
                    mediaType = ""application/json"",
                    schema = @Schema(implementation = SuccessResponse.class)
                )
            ),
            @ApiResponse(
                responseCode = ""401"",
                description = ""Bad credentials"",
                content = @Content(
                    mediaType = MediaType.APPLICATION_JSON_VALUE,
                    schema = @Schema(implementation = ErrorResponse.class)
                )
            ),
            @ApiResponse(
                responseCode = ""422"",
                description = ""Validation failed"",
                content = @Content(
                    mediaType = MediaType.APPLICATION_JSON_VALUE,
                    schema = @Schema(implementation = DetailedErrorResponse.class)
                )
            )
        }
    )
    public ResponseEntity<SuccessResponse> password(
        @Parameter(description = ""Request body to update password"", required = true)
        @RequestBody @Valid UpdatePasswordRequest request
    ) throws BindException {
        userService.updatePassword(request);

        return ResponseEntity.ok(SuccessResponse.builder()
            .message(messageSourceService.get(""your_password_updated""))
            .build());
    }",2,"The code snippet provides strong, direct evidence of Spring Boot controller implementation using @RestController, OpenAPI documentation annotations (@Operation, @ApiResponse), and request validation (@Valid, @RequestBody).",,
ITEM_247,JD_REACT_01,Frontend Developer Fresher (ReactJS / TypeScript),Fresher,E-Commerce Storefront & Order Management,"ReactJS, TypeScript, Redux Toolkit, Tailwind CSS, Git",devdcores/BookStoreApp-Distributed-Application,bookstore-account-service/src/main/java/com/devd/spring/bookstoreaccountservice/config/AuthForwardInterceptor.java,1,29,File: bookstore-account-service/src/main/java/com/devd/spring/bookstoreaccountservice/config/AuthForwardInterceptor.java | Lines 1..29,"package com.devd.spring.bookstoreaccountservice.config;

import feign.RequestInterceptor;
import feign.RequestTemplate;
import java.util.Objects;
import javax.servlet.http.HttpServletRequest;
import org.springframework.http.HttpHeaders;
import org.springframework.stereotype.Component;
import org.springframework.web.context.request.RequestContextHolder;
import org.springframework.web.context.request.ServletRequestAttributes;

/**
 * @author: Devaraj Reddy, Date : 2019-07-02
 */

/*
This is required for Feign clients to make request to services.
It takes the token from header and set the header in the feign request header.
 */
@Component
public class AuthForwardInterceptor implements RequestInterceptor {

  @Override
  public void apply(RequestTemplate template) {
    HttpServletRequest request = ((ServletRequestAttributes) Objects
        .requireNonNull(RequestContextHolder.getRequestAttributes())).getRequest();
    template.header(HttpHeaders.AUTHORIZATION, request.getHeader(HttpHeaders.AUTHORIZATION));
  }
}",1,"The snippet implements a Spring Feign RequestInterceptor for auth token forwarding, which is peripheral/configuration logic and does not evaluate the requested Frontend ReactJS/TypeScript skills.",,
ITEM_248,JD_REACT_03,Fullstack TypeScript Fresher,Fresher,Fullstack Web Application Development,"TypeScript, JavaScript (ES6+), ReactJS, Node.js / Express.js, JWT Authentication, MongoDB / PostgreSQL / MySQL",JordanKnott/taskcafe,frontend/src/shared/components/Checklist/index.tsx,521,570,File: frontend/src/shared/components/Checklist/index.tsx | Lines 521..570,"        </EditControls>
      </>
    );
  },
);
type ChecklistProps = {
  checklistID: string;
  onDeleteChecklist: ($target: React.RefObject<HTMLElement>, checklistID: string) => void;
  name: string;
  children: React.ReactNode;
  onChangeName: (item: string) => void;
  onToggleItem: (taskID: string, complete: boolean) => void;
  onChangeItemName: (itemID: string, currentName: string) => void;
  wrapperProps: any;
  handleProps: any;
  onDeleteItem: (checklistID: string, itemID: string) => void;
  onAddItem: (itemName: string) => void;
  items: Array<TaskChecklistItem>;
};

const Checklist = React.forwardRef(
  (
    {
      checklistID,
      children,
      onDeleteChecklist,
      name,
      items,
      wrapperProps,
      handleProps,
      onToggleItem,
      onAddItem,
      onChangeItemName,
      onChangeName,
      onDeleteItem,
    }: ChecklistProps,
    $container,
  ) => {
    const $name = useRef<HTMLTextAreaElement>(null);
    const complete = items.reduce((prev, item) => prev + (item.complete ? 1 : 0), 0);
    const percent = items.length === 0 ? 0 : Math.floor((complete / items.length) * 100);
    const [editting, setEditting] = useState(false);
    // useOnOutsideClick($name, true, () => setEditting(false), null);
    useEffect(() => {
      if (editting && $name && $name.current) {
        $name.current.focus();
        $name.current.select();
      }
    }, [editting]);
    return (",2,"The code provides strong evidence of ReactJS and TypeScript usage, featuring typed props, custom hooks (useRef, useEffect, useState), and array reduction logic within a component.",,
ITEM_249,JD_JAVA_03,Java Backend Fresher,Fresher,Fintech & Payment Gateway,"Java, Spring Boot, Spring Data JPA, PostgreSQL, Redis",mewebstudio/java-spring-boot-boilerplate,src/main/java/com/mewebstudio/javaspringbootboilerplate/controller/AccountController.java,41,90,File: src/main/java/com/mewebstudio/javaspringbootboilerplate/controller/AccountController.java | Lines 41..90,"        summary = ""Me endpoint"",
        security = @SecurityRequirement(name = SECURITY_SCHEME_NAME),
        responses = {
            @ApiResponse(
                responseCode = ""200"",
                description = ""Successful operation"",
                content = @Content(
                    mediaType = ""application/json"",
                    schema = @Schema(implementation = UserResponse.class)
                )
            ),
            @ApiResponse(
                responseCode = ""401"",
                description = ""Bad credentials"",
                content = @Content(
                    mediaType = MediaType.APPLICATION_JSON_VALUE,
                    schema = @Schema(implementation = ErrorResponse.class)
                )
            )
        }
    )
    public ResponseEntity<UserResponse> me() {
        return ResponseEntity.ok(UserResponse.convert(userService.getUser()));
    }

    @PostMapping(""/password"")
    @Operation(
        summary = ""Password update endpoint"",
        security = @SecurityRequirement(name = SECURITY_SCHEME_NAME),
        responses = {
            @ApiResponse(
                responseCode = ""200"",
                description = ""Successful operation"",
                content = @Content(
                    mediaType = ""application/json"",
                    schema = @Schema(implementation = SuccessResponse.class)
                )
            ),
            @ApiResponse(
                responseCode = ""401"",
                description = ""Bad credentials"",
                content = @Content(
                    mediaType = MediaType.APPLICATION_JSON_VALUE,
                    schema = @Schema(implementation = ErrorResponse.class)
                )
            ),
            @ApiResponse(
                responseCode = ""422"",
                description = ""Validation failed"",
                content = @Content(",2,"The snippet shows Spring Boot controller methods with OpenAPI documentation and service delegation, which provides valid evidence of Spring Boot competencies.",,
ITEM_250,JD_JAVA_07,Java API Developer,Fresher,Real-time Messaging & Notification Services,"Java, Spring Boot, Spring WebSocket / STOMP, JWT & Spring Security, PostgreSQL / MySQL / MongoDB",f-lab-edu/fast-shoppers,src/main/java/com/fastshoppers/entity/BaseEntity.java,1,48,File: src/main/java/com/fastshoppers/entity/BaseEntity.java | Lines 1..48,"package com.fastshoppers.entity;

import java.time.LocalDateTime;

import org.springframework.data.annotation.CreatedDate;
import org.springframework.data.annotation.LastModifiedDate;
import org.springframework.data.jpa.domain.support.AuditingEntityListener;

import com.fastshoppers.util.BooleanToCharConverter;

import jakarta.persistence.Column;
import jakarta.persistence.Convert;
import jakarta.persistence.EntityListeners;
import jakarta.persistence.GeneratedValue;
import jakarta.persistence.GenerationType;
import jakarta.persistence.Id;
import jakarta.persistence.MappedSuperclass;
import lombok.AllArgsConstructor;
import lombok.Getter;
import lombok.NoArgsConstructor;
import lombok.Setter;
import lombok.ToString;

@Getter
@Setter
@NoArgsConstructor
@AllArgsConstructor
@ToString
@EntityListeners(AuditingEntityListener.class)
@MappedSuperclass
public class BaseEntity {

	@Id
	@GeneratedValue(strategy = GenerationType.IDENTITY)
	private int id;

	@CreatedDate
	@Column(name = ""created_at"", nullable = false)
	private LocalDateTime createdAt;

	@LastModifiedDate
	@Column(name = ""updated_at"", nullable = false)
	private LocalDateTime updatedAt;

	@Column(name = ""delete_yn"", nullable = false, length = 1, columnDefinition = ""char(1)"")
	@Convert(converter = BooleanToCharConverter.class)
	private boolean deleteYn;
}",1,"The code contains an entity base class with Spring Data auditing annotations (@EntityListeners, @CreatedDate), which serves as peripheral/foundational evidence for Spring Data JPA.",,
ITEM_251,JD_JAVA_15,Java Backend Fresher,Fresher,Retail & Warehouse Inventory Management,"Java 17, Spring Boot, Spring Data JPA, MySQL/PostgreSQL, JWT",mewebstudio/java-spring-boot-boilerplate,src/main/java/com/mewebstudio/javaspringbootboilerplate/controller/AccountController.java,66,106,File: src/main/java/com/mewebstudio/javaspringbootboilerplate/controller/AccountController.java | Lines 66..106,"@PostMapping(""/password"")
    @Operation(
        summary = ""Password update endpoint"",
        security = @SecurityRequirement(name = SECURITY_SCHEME_NAME),
        responses = {
            @ApiResponse(
                responseCode = ""200"",
                description = ""Successful operation"",
                content = @Content(
                    mediaType = ""application/json"",
                    schema = @Schema(implementation = SuccessResponse.class)
                )
            ),
            @ApiResponse(
                responseCode = ""401"",
                description = ""Bad credentials"",
                content = @Content(
                    mediaType = MediaType.APPLICATION_JSON_VALUE,
                    schema = @Schema(implementation = ErrorResponse.class)
                )
            ),
            @ApiResponse(
                responseCode = ""422"",
                description = ""Validation failed"",
                content = @Content(
                    mediaType = MediaType.APPLICATION_JSON_VALUE,
                    schema = @Schema(implementation = DetailedErrorResponse.class)
                )
            )
        }
    )
    public ResponseEntity<SuccessResponse> password(
        @Parameter(description = ""Request body to update password"", required = true)
        @RequestBody @Valid UpdatePasswordRequest request
    ) throws BindException {
        userService.updatePassword(request);

        return ResponseEntity.ok(SuccessResponse.builder()
            .message(messageSourceService.get(""your_password_updated""))
            .build());
    }",2,"The code provides strong, direct evidence of Spring Boot controller implementation with request handling, validation, and documentation annotations.",,
ITEM_252,JD_JAVA_14,Backend Engineer (Java / Spring Boot),Intern/Fresher,HRTech & Recruitment Job Portal,"Java Core, Spring Boot, Spring Data JPA, Spring Security & JWT, PostgreSQL / MySQL",mewebstudio/java-spring-boot-boilerplate,src/main/java/com/mewebstudio/javaspringbootboilerplate/controller/AccountController.java,1,50,File: src/main/java/com/mewebstudio/javaspringbootboilerplate/controller/AccountController.java | Lines 1..50,"package com.mewebstudio.javaspringbootboilerplate.controller;

import com.mewebstudio.javaspringbootboilerplate.dto.request.user.UpdatePasswordRequest;
import com.mewebstudio.javaspringbootboilerplate.dto.response.DetailedErrorResponse;
import com.mewebstudio.javaspringbootboilerplate.dto.response.ErrorResponse;
import com.mewebstudio.javaspringbootboilerplate.dto.response.SuccessResponse;
import com.mewebstudio.javaspringbootboilerplate.dto.response.user.UserResponse;
import com.mewebstudio.javaspringbootboilerplate.service.MessageSourceService;
import com.mewebstudio.javaspringbootboilerplate.service.UserService;
import io.swagger.v3.oas.annotations.Operation;
import io.swagger.v3.oas.annotations.Parameter;
import io.swagger.v3.oas.annotations.media.Content;
import io.swagger.v3.oas.annotations.media.Schema;
import io.swagger.v3.oas.annotations.responses.ApiResponse;
import io.swagger.v3.oas.annotations.security.SecurityRequirement;
import io.swagger.v3.oas.annotations.tags.Tag;
import jakarta.validation.Valid;
import lombok.RequiredArgsConstructor;
import org.springframework.http.MediaType;
import org.springframework.http.ResponseEntity;
import org.springframework.validation.BindException;
import org.springframework.web.bind.annotation.GetMapping;
import org.springframework.web.bind.annotation.PostMapping;
import org.springframework.web.bind.annotation.RequestBody;
import org.springframework.web.bind.annotation.RequestMapping;
import org.springframework.web.bind.annotation.RestController;

import static com.mewebstudio.javaspringbootboilerplate.util.Constants.SECURITY_SCHEME_NAME;

@RestController
@RequiredArgsConstructor
@RequestMapping(""/account"")
@Tag(name = ""002. Account"", description = ""Account API"")
public class AccountController extends AbstractBaseController {
    private final UserService userService;

    private final MessageSourceService messageSourceService;

    @GetMapping(""/me"")
    @Operation(
        summary = ""Me endpoint"",
        security = @SecurityRequirement(name = SECURITY_SCHEME_NAME),
        responses = {
            @ApiResponse(
                responseCode = ""200"",
                description = ""Successful operation"",
                content = @Content(
                    mediaType = ""application/json"",
                    schema = @Schema(implementation = UserResponse.class)
                )",2,"Even though the snippet ends at line 50, it already contains complete core evidence of Spring Boot controller setup with @RestController, @RequestMapping, and @GetMapping annotations.",,
ITEM_253,JD_JAVA_11,Java Backend Developer,Fresher / Junior,Social Network & Technical Blogging Platform,"Java 17, Spring Boot 3, Spring Security 6, Spring Data JPA / Hibernate, PostgreSQL, Git",jhcode33/react-spring-blog-backend,src/main/java/jhcode/blog/repository/FileRepository.java,1,8,File: src/main/java/jhcode/blog/repository/FileRepository.java | Lines 1..8,"package jhcode.blog.repository;

import jhcode.blog.entity.FileEntity;
import org.springframework.data.jpa.repository.JpaRepository;

public interface FileRepository extends JpaRepository<FileEntity, Long> {

}",1,"The snippet is a trivial Spring Data JPA interface extending JpaRepository with zero custom methods or business logic, representing Level 1 peripheral/boilerplate evidence.",,
ITEM_254,JD_JAVA_02,Junior Java Developer,Intern/Fresher,Enterprise Web & HRM Systems,"Java, Spring Boot, Spring Data JPA, PostgreSQL, JUnit",Snailclimb/spring-security-jwt-guide,src/main/java/github/javaguide/springsecurityjwtguide/security/service/AuthService.java,1,50,File: src/main/java/github/javaguide/springsecurityjwtguide/security/service/AuthService.java | Lines 1..50,"package github.javaguide.springsecurityjwtguide.security.service;

import github.javaguide.springsecurityjwtguide.security.common.utils.CurrentUserUtil;
import github.javaguide.springsecurityjwtguide.security.common.utils.JwtTokenUtil;
import github.javaguide.springsecurityjwtguide.security.dto.LoginRequest;
import github.javaguide.springsecurityjwtguide.security.entity.JwtUser;
import github.javaguide.springsecurityjwtguide.system.entity.User;
import github.javaguide.springsecurityjwtguide.system.exception.UserNameNotFoundException;
import github.javaguide.springsecurityjwtguide.system.service.UserService;
import lombok.RequiredArgsConstructor;
import lombok.extern.slf4j.Slf4j;
import org.springframework.beans.factory.annotation.Autowired;
import org.springframework.data.redis.core.StringRedisTemplate;
import org.springframework.security.authentication.BadCredentialsException;
import org.springframework.security.core.Authentication;
import org.springframework.security.core.GrantedAuthority;
import org.springframework.security.core.context.SecurityContextHolder;
import org.springframework.stereotype.Service;

import java.util.List;
import java.util.stream.Collectors;

/**
 * @author shuang.kou
 **/
@Service
@RequiredArgsConstructor(onConstructor = @__(@Autowired))
@Slf4j
public class AuthService {
    private final UserService userService;
    private final StringRedisTemplate stringRedisTemplate;
    private final CurrentUserUtil currentUserUtil;

    public String createToken(LoginRequest loginRequest) {
        User user = userService.find(loginRequest.getUsername());
        if (!userService.check(loginRequest.getPassword(), user.getPassword())) {
            throw new BadCredentialsException(""The user name or password is not correct."");
        }
        JwtUser jwtUser = new JwtUser(user);
        if (!jwtUser.isEnabled()) {
            throw new BadCredentialsException(""User is forbidden to login"");
        }
        List<String> authorities = jwtUser.getAuthorities()
                .stream()
                .map(GrantedAuthority::getAuthority)
                .collect(Collectors.toList());
        String token = JwtTokenUtil.createToken(user.getUserName(), user.getId().toString(), authorities, loginRequest.getRememberMe());
        stringRedisTemplate.opsForValue().set(user.getId().toString(), token);
        return token;
    }",2,"The code demonstrates strong backend competencies in Spring Boot and Spring Security concepts, including authentication checks, token creation, and Redis integration.",,
ITEM_255,JD_JAVA_14,Backend Engineer (Java / Spring Boot),Intern/Fresher,HRTech & Recruitment Job Portal,"Java Core, Spring Boot, Spring Data JPA, Spring Security & JWT, PostgreSQL / MySQL",jhcode33/react-spring-blog-backend,src/main/java/jhcode/blog/repository/FileRepository.java,1,8,File: src/main/java/jhcode/blog/repository/FileRepository.java | Lines 1..8,"package jhcode.blog.repository;

import jhcode.blog.entity.FileEntity;
import org.springframework.data.jpa.repository.JpaRepository;

public interface FileRepository extends JpaRepository<FileEntity, Long> {

}",1,"The file is a simple Spring Data JPA repository interface with no custom logic, serving as basic boilerplate/peripheral evidence.",,
ITEM_256,JD_JAVA_04,Java Microservices Fresher,Fresher,Distributed Systems & Supply Chain,"Java 17+, Spring Boot, Apache Kafka, Spring Data JPA, MySQL/PostgreSQL, Docker / Docker Compose",Snailclimb/spring-security-jwt-guide,src/main/java/github/javaguide/springsecurityjwtguide/security/service/AuthService.java,1,50,File: src/main/java/github/javaguide/springsecurityjwtguide/security/service/AuthService.java | Lines 1..50,"package github.javaguide.springsecurityjwtguide.security.service;

import github.javaguide.springsecurityjwtguide.security.common.utils.CurrentUserUtil;
import github.javaguide.springsecurityjwtguide.security.common.utils.JwtTokenUtil;
import github.javaguide.springsecurityjwtguide.security.dto.LoginRequest;
import github.javaguide.springsecurityjwtguide.security.entity.JwtUser;
import github.javaguide.springsecurityjwtguide.system.entity.User;
import github.javaguide.springsecurityjwtguide.system.exception.UserNameNotFoundException;
import github.javaguide.springsecurityjwtguide.system.service.UserService;
import lombok.RequiredArgsConstructor;
import lombok.extern.slf4j.Slf4j;
import org.springframework.beans.factory.annotation.Autowired;
import org.springframework.data.redis.core.StringRedisTemplate;
import org.springframework.security.authentication.BadCredentialsException;
import org.springframework.security.core.Authentication;
import org.springframework.security.core.GrantedAuthority;
import org.springframework.security.core.context.SecurityContextHolder;
import org.springframework.stereotype.Service;

import java.util.List;
import java.util.stream.Collectors;

/**
 * @author shuang.kou
 **/
@Service
@RequiredArgsConstructor(onConstructor = @__(@Autowired))
@Slf4j
public class AuthService {
    private final UserService userService;
    private final StringRedisTemplate stringRedisTemplate;
    private final CurrentUserUtil currentUserUtil;

    public String createToken(LoginRequest loginRequest) {
        User user = userService.find(loginRequest.getUsername());
        if (!userService.check(loginRequest.getPassword(), user.getPassword())) {
            throw new BadCredentialsException(""The user name or password is not correct."");
        }
        JwtUser jwtUser = new JwtUser(user);
        if (!jwtUser.isEnabled()) {
            throw new BadCredentialsException(""User is forbidden to login"");
        }
        List<String> authorities = jwtUser.getAuthorities()
                .stream()
                .map(GrantedAuthority::getAuthority)
                .collect(Collectors.toList());
        String token = JwtTokenUtil.createToken(user.getUserName(), user.getId().toString(), authorities, loginRequest.getRememberMe());
        stringRedisTemplate.opsForValue().set(user.getId().toString(), token);
        return token;
    }",2,"The code shows a fully realized Spring Boot service class (AuthService) implementing core authentication logic, credential validation, token generation, and Redis operations, fulfilling mandatory Java/Spring Boot requirements.",,
ITEM_257,JD_REACT_05,Next.js & TypeScript Frontend Developer,Fresher / Junior,High-Performance Web & Digital Commerce,"ReactJS, TypeScript, Next.js, Tailwind CSS, RESTful API / GraphQL",RishiBakshii/mern-chat-app,next-js-frontend/src/app/auth/login/page.tsx,41,51,File: next-js-frontend/src/app/auth/login/page.tsx | Lines 41..51,"
  return (
    <>
    <div className=""flex flex-col gap-y-8"">
      <h3 className=""text-4xl font-bold text-fluid-h3"">Login</h3>
      <SocialLogin googleLink={`${process.env.NEXT_PUBLIC_BASE_URL}/auth/google`} />
    </div>
    <LoginForm/>
    </>
  );
}",1,"The snippet renders basic Next.js/React JSX markup and a LoginForm component without complex custom state, hooks, or advanced TypeScript logic.",,
ITEM_258,JD_REACT_01,Frontend Developer Fresher (ReactJS / TypeScript),Fresher,E-Commerce Storefront & Order Management,"ReactJS, TypeScript, Redux Toolkit, Tailwind CSS, Git",JordanKnott/taskcafe,frontend/src/shared/components/Checklist/index.tsx,521,570,File: frontend/src/shared/components/Checklist/index.tsx | Lines 521..570,"        </EditControls>
      </>
    );
  },
);
type ChecklistProps = {
  checklistID: string;
  onDeleteChecklist: ($target: React.RefObject<HTMLElement>, checklistID: string) => void;
  name: string;
  children: React.ReactNode;
  onChangeName: (item: string) => void;
  onToggleItem: (taskID: string, complete: boolean) => void;
  onChangeItemName: (itemID: string, currentName: string) => void;
  wrapperProps: any;
  handleProps: any;
  onDeleteItem: (checklistID: string, itemID: string) => void;
  onAddItem: (itemName: string) => void;
  items: Array<TaskChecklistItem>;
};

const Checklist = React.forwardRef(
  (
    {
      checklistID,
      children,
      onDeleteChecklist,
      name,
      items,
      wrapperProps,
      handleProps,
      onToggleItem,
      onAddItem,
      onChangeItemName,
      onChangeName,
      onDeleteItem,
    }: ChecklistProps,
    $container,
  ) => {
    const $name = useRef<HTMLTextAreaElement>(null);
    const complete = items.reduce((prev, item) => prev + (item.complete ? 1 : 0), 0);
    const percent = items.length === 0 ? 0 : Math.floor((complete / items.length) * 100);
    const [editting, setEditting] = useState(false);
    // useOnOutsideClick($name, true, () => setEditting(false), null);
    useEffect(() => {
      if (editting && $name && $name.current) {
        $name.current.focus();
        $name.current.select();
      }
    }, [editting]);
    return (",2,"The component demonstrates advanced React and TypeScript proficiency, including React.forwardRef, custom props typing, state management hooks (useState, useEffect), and array reduction logic.",,
ITEM_259,JD_JAVA_01,Backend Developer (Java / Spring Boot),Fresher,E-Commerce Platform,"Java, Spring Boot, Spring Security & JWT, Spring Data JPA / Hibernate, MySQL, Git",hoangtien2k3/ecommerce-microservices,auth-service/src/main/java/com/ecommerce/authservice/controller/AuthController.java,77,93,File: auth-service/src/main/java/com/ecommerce/authservice/controller/AuthController.java | Lines 77..93,"@GetMapping(""/callback"")
    public ResponseEntity<Void> ssoCallback(
            @RequestParam(value = ""code"", required = false) String code,
            @RequestParam(value = ""state"", required = false) String state,
            @RequestParam(value = ""error"", required = false) String error) {

        // User denied consent or Keycloak returned an error → bounce back with the reason.
        if (StringUtils.hasText(error)) {
            return redirectTo(appendQuery(ssoProperties.getDefaultFrontendRedirect(), ""error"", error));
        }

        String frontendRedirect = ssoSessionStore.consumeLoginState(state);
        KeycloakTokenResponse tokens = keycloakAuthClient.exchangeAuthorizationCode(code, ssoProperties.getBackendCallbackUrl());
        String ticket = ssoSessionStore.storeTokens(tokens);

        return redirectTo(appendQuery(frontendRedirect, ""ticket"", ticket));
    }",2,"The controller method implements non-trivial OAuth2/SSO token exchange, error handling, session management, and redirection logic within a Spring Boot application.",,
ITEM_260,JD_JAVA_07,Java API Developer,Fresher,Real-time Messaging & Notification Services,"Java, Spring Boot, Spring WebSocket / STOMP, JWT & Spring Security, PostgreSQL / MySQL / MongoDB",Angel-Raa/spring-security-jwt-authentication-and-authorization,src/main/java/com/github/angel/raa/modules/controller/AuthenticationController.java,1,50,File: src/main/java/com/github/angel/raa/modules/controller/AuthenticationController.java | Lines 1..50,"package com.github.angel.raa.modules.controller;


import com.github.angel.raa.modules.persistence.dto.user.UserDto;
import com.github.angel.raa.modules.persistence.dto.user.request.AuthenticateRequest;
import com.github.angel.raa.modules.persistence.dto.user.response.AuthenticateResponse;
import com.github.angel.raa.modules.persistence.dto.user.response.LogoutResponse;
import com.github.angel.raa.modules.service.interfaces.auth.AuthenticationService;
import com.github.angel.raa.modules.utils.constants.Message;
import io.swagger.v3.oas.annotations.Operation;
import io.swagger.v3.oas.annotations.media.Content;
import io.swagger.v3.oas.annotations.responses.ApiResponse;
import io.swagger.v3.oas.annotations.tags.Tag;
import jakarta.servlet.http.HttpServletRequest;
import jakarta.validation.Valid;
import lombok.RequiredArgsConstructor;
import org.springframework.http.HttpStatus;
import org.springframework.http.ResponseEntity;
import org.springframework.security.access.prepost.PreAuthorize;
import org.springframework.web.bind.annotation.*;

import java.time.LocalDateTime;
//@CrossOrigin
@RestController
@RequestMapping(""/auth"")
@RequiredArgsConstructor
@Tag(name = ""Authentication"", description = ""Authentication"")
public class AuthenticationController {
    private final AuthenticationService authenticateService;
    @Operation(summary = ""Validate token"")
    @PreAuthorize(""permitAll"")
    @GetMapping(""/validate-token"")
    public ResponseEntity<Boolean> validateToken(@RequestParam String token) {
        boolean isValid = authenticateService.validateToken(token);
        return ResponseEntity.ok(isValid);
    }
    @Operation(summary = ""Login"")
    @ApiResponse(responseCode = ""200"", description = ""Login successfully"",  content = {@Content(mediaType = ""application/json"")})
    @PreAuthorize(""permitAll"")
    @PostMapping(""/login"")
    public ResponseEntity<AuthenticateResponse> login(@Valid @RequestBody AuthenticateRequest request) {
        AuthenticateResponse response = authenticateService.login(request);
        return ResponseEntity.ok(response);

    }


    @GetMapping(""/profile"")
    @PreAuthorize(""hasAuthority('READ_MY_PROFILE')"")
    public ResponseEntity<UserDto> profile() {",2,"The REST controller provides strong evidence of Spring Boot and Spring Security proficiency, featuring @RestController, @PreAuthorize annotations, @Valid payload validation, and OpenAPI documentation.",,
ITEM_261,JD_REACT_10,Fullstack React & TypeScript Developer,Fresher / Junior,EdTech Fullstack Application,"TypeScript, ReactJS, Node.js / Express / NestJS, Redux Toolkit / Zustand, Prisma / TypeORM / Mongoose, Git",robbins23/admin-dashboard-nextjs-typescript-daisyui-template,src/components/typography/error-text.tsx,1,14,File: src/components/typography/error-text.tsx | Lines 1..14,"import React, { ReactNode } from 'react';

interface ErrorTextProps {
  styleClass?: string;
  children: ReactNode;
}

function ErrorText({ styleClass, children }: ErrorTextProps): JSX.Element {
  return (
    <p className={`text-center text-error ${styleClass || ''}`}>{children}</p>
  );
}

export default ErrorText;",0,Trivial boilerplate React component returning a styled paragraph with zero business logic or complex state management.,,
ITEM_262,JD_JAVA_06,Fresher Java Backend Engineer,Fresher,Digital Healthcare & Telemedicine,"Java 11/17, Spring Boot, Spring Data JPA, PostgreSQL/MySQL",SaiUpadhyayula/spring-reddit-clone,src/main/java/com/programming/techie/springredditclone/controller/AuthController.java,1,50,File: src/main/java/com/programming/techie/springredditclone/controller/AuthController.java | Lines 1..50,"package com.programming.techie.springredditclone.controller;

import com.programming.techie.springredditclone.dto.AuthenticationResponse;
import com.programming.techie.springredditclone.dto.LoginRequest;
import com.programming.techie.springredditclone.dto.RefreshTokenRequest;
import com.programming.techie.springredditclone.dto.RegisterRequest;
import com.programming.techie.springredditclone.service.AuthService;
import com.programming.techie.springredditclone.service.RefreshTokenService;
import jakarta.validation.Valid;
import lombok.AllArgsConstructor;
import org.springframework.http.ResponseEntity;
import org.springframework.web.bind.annotation.*;

import static org.springframework.http.HttpStatus.OK;

@RestController
@RequestMapping(""/api/auth"")
@AllArgsConstructor
public class AuthController {

    private final AuthService authService;
    private final RefreshTokenService refreshTokenService;

    @PostMapping(""/signup"")
    public ResponseEntity<String> signup(@RequestBody RegisterRequest registerRequest) {
        authService.signup(registerRequest);
        return new ResponseEntity<>(""User Registration Successful"",
                OK);
    }

    @GetMapping(""accountVerification/{token}"")
    public ResponseEntity<String> verifyAccount(@PathVariable String token) {
        authService.verifyAccount(token);
        return new ResponseEntity<>(""Account Activated Successfully"", OK);
    }

    @PostMapping(""/login"")
    public AuthenticationResponse login(@RequestBody LoginRequest loginRequest) {
        return authService.login(loginRequest);
    }

    @PostMapping(""/refresh/token"")
    public AuthenticationResponse refreshTokens(@Valid @RequestBody RefreshTokenRequest refreshTokenRequest) {
        return authService.refreshToken(refreshTokenRequest);
    }

    @PostMapping(""/logout"")
    public ResponseEntity<String> logout(@Valid @RequestBody RefreshTokenRequest refreshTokenRequest) {
        refreshTokenService.deleteRefreshToken(refreshTokenRequest.getRefreshToken());
        return ResponseEntity.status(OK).body(""Refresh Token Deleted Successfully!!"");",2,"The controller demonstrates direct evidence of Spring Boot REST API development with request mappings, DTO validation, and service delegations for user authentication and token management.",,
ITEM_263,JD_JAVA_09,Java Backend Intern,Intern,Digital Library & Bookstore API,"Java Core, Spring Boot, Spring Data JPA, MySQL/PostgreSQL",devdcores/BookStoreApp-Distributed-Application,bookstore-account-service/src/main/java/com/devd/spring/bookstoreaccountservice/config/AuthorizationServerConfig.java,103,129,File: bookstore-account-service/src/main/java/com/devd/spring/bookstoreaccountservice/config/AuthorizationServerConfig.java | Lines 103..129,"@Bean
  @Primary
  public JwtAccessTokenConverter jwtAccessTokenConverter() {
    JwtAccessTokenConverter jwtAccessTokenConverter = new JwtAccessTokenConverter() {
      @Override
      public OAuth2AccessToken enhance(OAuth2AccessToken accessToken, OAuth2Authentication authentication) {

        User principal = (User) authentication.getUserAuthentication().getPrincipal();
          Optional<com.devd.spring.bookstoreaccountservice.repository.dao.User> userDetail
                  = userRepository.findByUserName(principal.getUsername());
          final Map<String, Object> additionalInfo = new HashMap<>();
        userDetail.ifPresent(user -> additionalInfo.put(""user_id"", user.getUserId()));
          ((DefaultOAuth2AccessToken) accessToken)
                  .setAdditionalInformation(additionalInfo);

        accessToken = super.enhance(accessToken, authentication);
        ((DefaultOAuth2AccessToken) accessToken).setAdditionalInformation(new HashMap<>());
        return accessToken;
      }
    };

    KeyStoreKeyFactory keyStoreKeyFactory = keyStoreKeyFactory();
    KeyPair keyPair = keyPair(keyStoreKeyFactory);
    jwtAccessTokenConverter.setKeyPair(keyPair);
    jwtAccessTokenConverter.setVerifierKey(getPublicKeyAsString());
    return jwtAccessTokenConverter;
  }",2,"The configuration class provides complex Spring Security / OAuth2 custom token enhancer logic with JWT mapping, showing deep understanding of Java and security infrastructure.",,
ITEM_264,JD_JAVA_13,Java Backend Fresher,Fresher,FoodTech & Delivery Platform,"Java, Spring Boot, Spring Security & JWT, MySQL & Spring Data JPA, RabbitMQ / Kafka",mewebstudio/java-spring-boot-boilerplate,src/main/java/com/mewebstudio/javaspringbootboilerplate/controller/AccountController.java,39,64,File: src/main/java/com/mewebstudio/javaspringbootboilerplate/controller/AccountController.java | Lines 39..64,"@GetMapping(""/me"")
    @Operation(
        summary = ""Me endpoint"",
        security = @SecurityRequirement(name = SECURITY_SCHEME_NAME),
        responses = {
            @ApiResponse(
                responseCode = ""200"",
                description = ""Successful operation"",
                content = @Content(
                    mediaType = ""application/json"",
                    schema = @Schema(implementation = UserResponse.class)
                )
            ),
            @ApiResponse(
                responseCode = ""401"",
                description = ""Bad credentials"",
                content = @Content(
                    mediaType = MediaType.APPLICATION_JSON_VALUE,
                    schema = @Schema(implementation = ErrorResponse.class)
                )
            )
        }
    )
    public ResponseEntity<UserResponse> me() {
        return ResponseEntity.ok(UserResponse.convert(userService.getUser()));
    }",2,"The Spring Boot controller method includes detailed Swagger/OpenAPI documentation annotations and secure endpoint responses, aligning with mandatory Spring Boot skills.",,
ITEM_265,JD_JAVA_10,Fresher Backend Developer,Fresher,Hospitality & Online Travel Agency (OTA),"Java 17, Spring Boot, Spring Security, Spring Data JPA, MySQL / PostgreSQL, Redis",f-lab-edu/fast-shoppers,src/main/java/com/fastshoppers/entity/Product.java,1,50,File: src/main/java/com/fastshoppers/entity/Product.java | Lines 1..50,"package com.fastshoppers.entity;

import java.math.BigDecimal;

import org.springframework.data.jpa.domain.support.AuditingEntityListener;

import jakarta.persistence.AttributeOverride;
import jakarta.persistence.Column;
import jakarta.persistence.Entity;
import jakarta.persistence.EntityListeners;
import jakarta.persistence.FetchType;
import jakarta.persistence.JoinColumn;
import jakarta.persistence.ManyToOne;
import jakarta.persistence.Table;
import lombok.AllArgsConstructor;
import lombok.Getter;
import lombok.NoArgsConstructor;
import lombok.Setter;
import lombok.ToString;

@Entity
@AttributeOverride(name = ""id"", column = @Column(name = ""product_id"", nullable = false))
@Table(name = ""product"")
@Getter
@Setter
@NoArgsConstructor
@AllArgsConstructor
@EntityListeners(AuditingEntityListener.class)
@ToString
public class Product extends BaseEntity {

	@Column(name = ""product_uuid"", nullable = false, unique = true)
	private String productUuid;

	@ManyToOne(fetch = FetchType.LAZY)
	@JoinColumn(name = ""category_id"", nullable = false)
	private Category category;

	@Column(name = ""product_name"", length = 255, nullable = false)
	private String productName;

	@Column(name = ""product_subtitle"", length = 255)
	private String productSubtitle;

	@Column(name = ""list_price"", nullable = false)
	private BigDecimal listPrice;

	@Column(name = ""selling_price"", nullable = false)
	private BigDecimal sellingPrice;
",1,"This entity class is a standard JPA domain model with auditing listeners and annotations, serving as peripheral/boilerplate persistence evidence.",,
ITEM_266,JD_JAVA_08,Junior Java Software Engineer,Junior,Logistics & Fleet Management,"Java 17, Spring Boot, Spring Data JPA, MySQL/PostgreSQL, MapStruct, Bean Validation",mewebstudio/java-spring-boot-boilerplate,src/main/java/com/mewebstudio/javaspringbootboilerplate/controller/AccountController.java,1,50,File: src/main/java/com/mewebstudio/javaspringbootboilerplate/controller/AccountController.java | Lines 1..50,"package com.mewebstudio.javaspringbootboilerplate.controller;

import com.mewebstudio.javaspringbootboilerplate.dto.request.user.UpdatePasswordRequest;
import com.mewebstudio.javaspringbootboilerplate.dto.response.DetailedErrorResponse;
import com.mewebstudio.javaspringbootboilerplate.dto.response.ErrorResponse;
import com.mewebstudio.javaspringbootboilerplate.dto.response.SuccessResponse;
import com.mewebstudio.javaspringbootboilerplate.dto.response.user.UserResponse;
import com.mewebstudio.javaspringbootboilerplate.service.MessageSourceService;
import com.mewebstudio.javaspringbootboilerplate.service.UserService;
import io.swagger.v3.oas.annotations.Operation;
import io.swagger.v3.oas.annotations.Parameter;
import io.swagger.v3.oas.annotations.media.Content;
import io.swagger.v3.oas.annotations.media.Schema;
import io.swagger.v3.oas.annotations.responses.ApiResponse;
import io.swagger.v3.oas.annotations.security.SecurityRequirement;
import io.swagger.v3.oas.annotations.tags.Tag;
import jakarta.validation.Valid;
import lombok.RequiredArgsConstructor;
import org.springframework.http.MediaType;
import org.springframework.http.ResponseEntity;
import org.springframework.validation.BindException;
import org.springframework.web.bind.annotation.GetMapping;
import org.springframework.web.bind.annotation.PostMapping;
import org.springframework.web.bind.annotation.RequestBody;
import org.springframework.web.bind.annotation.RequestMapping;
import org.springframework.web.bind.annotation.RestController;

import static com.mewebstudio.javaspringbootboilerplate.util.Constants.SECURITY_SCHEME_NAME;

@RestController
@RequiredArgsConstructor
@RequestMapping(""/account"")
@Tag(name = ""002. Account"", description = ""Account API"")
public class AccountController extends AbstractBaseController {
    private final UserService userService;

    private final MessageSourceService messageSourceService;

    @GetMapping(""/me"")
    @Operation(
        summary = ""Me endpoint"",
        security = @SecurityRequirement(name = SECURITY_SCHEME_NAME),
        responses = {
            @ApiResponse(
                responseCode = ""200"",
                description = ""Successful operation"",
                content = @Content(
                    mediaType = ""application/json"",
                    schema = @Schema(implementation = UserResponse.class)
                )",1,"The snippet shows a Spring Boot controller with OpenAPI annotations, but it is cut off at line 50 before completing the method logic, serving as only partial evidence.",,
ITEM_267,JD_JAVA_08,Junior Java Software Engineer,Junior,Logistics & Fleet Management,"Java 17, Spring Boot, Spring Data JPA, MySQL/PostgreSQL, MapStruct, Bean Validation",Snailclimb/spring-security-jwt-guide,src/main/java/github/javaguide/springsecurityjwtguide/security/service/AuthService.java,1,50,File: src/main/java/github/javaguide/springsecurityjwtguide/security/service/AuthService.java | Lines 1..50,"package github.javaguide.springsecurityjwtguide.security.service;

import github.javaguide.springsecurityjwtguide.security.common.utils.CurrentUserUtil;
import github.javaguide.springsecurityjwtguide.security.common.utils.JwtTokenUtil;
import github.javaguide.springsecurityjwtguide.security.dto.LoginRequest;
import github.javaguide.springsecurityjwtguide.security.entity.JwtUser;
import github.javaguide.springsecurityjwtguide.system.entity.User;
import github.javaguide.springsecurityjwtguide.system.exception.UserNameNotFoundException;
import github.javaguide.springsecurityjwtguide.system.service.UserService;
import lombok.RequiredArgsConstructor;
import lombok.extern.slf4j.Slf4j;
import org.springframework.beans.factory.annotation.Autowired;
import org.springframework.data.redis.core.StringRedisTemplate;
import org.springframework.security.authentication.BadCredentialsException;
import org.springframework.security.core.Authentication;
import org.springframework.security.core.GrantedAuthority;
import org.springframework.security.core.context.SecurityContextHolder;
import org.springframework.stereotype.Service;

import java.util.List;
import java.util.stream.Collectors;

/**
 * @author shuang.kou
 **/
@Service
@RequiredArgsConstructor(onConstructor = @__(@Autowired))
@Slf4j
public class AuthService {
    private final UserService userService;
    private final StringRedisTemplate stringRedisTemplate;
    private final CurrentUserUtil currentUserUtil;

    public String createToken(LoginRequest loginRequest) {
        User user = userService.find(loginRequest.getUsername());
        if (!userService.check(loginRequest.getPassword(), user.getPassword())) {
            throw new BadCredentialsException(""The user name or password is not correct."");
        }
        JwtUser jwtUser = new JwtUser(user);
        if (!jwtUser.isEnabled()) {
            throw new BadCredentialsException(""User is forbidden to login"");
        }
        List<String> authorities = jwtUser.getAuthorities()
                .stream()
                .map(GrantedAuthority::getAuthority)
                .collect(Collectors.toList());
        String token = JwtTokenUtil.createToken(user.getUserName(), user.getId().toString(), authorities, loginRequest.getRememberMe());
        stringRedisTemplate.opsForValue().set(user.getId().toString(), token);
        return token;
    }",2,"Provides direct and strong evidence of Spring Boot service implementation with authentication handling, user management, and token generation logic.",,
ITEM_268,JD_JAVA_15,Java Backend Fresher,Fresher,Retail & Warehouse Inventory Management,"Java 17, Spring Boot, Spring Data JPA, MySQL/PostgreSQL, JWT",mewebstudio/java-spring-boot-boilerplate,src/main/java/com/mewebstudio/javaspringbootboilerplate/controller/AccountController.java,39,64,File: src/main/java/com/mewebstudio/javaspringbootboilerplate/controller/AccountController.java | Lines 39..64,"@GetMapping(""/me"")
    @Operation(
        summary = ""Me endpoint"",
        security = @SecurityRequirement(name = SECURITY_SCHEME_NAME),
        responses = {
            @ApiResponse(
                responseCode = ""200"",
                description = ""Successful operation"",
                content = @Content(
                    mediaType = ""application/json"",
                    schema = @Schema(implementation = UserResponse.class)
                )
            ),
            @ApiResponse(
                responseCode = ""401"",
                description = ""Bad credentials"",
                content = @Content(
                    mediaType = MediaType.APPLICATION_JSON_VALUE,
                    schema = @Schema(implementation = ErrorResponse.class)
                )
            )
        }
    )
    public ResponseEntity<UserResponse> me() {
        return ResponseEntity.ok(UserResponse.convert(userService.getUser()));
    }",2,"Shows a complete Spring Boot REST endpoint method utilizing ResponseEntity and DTO conversion, satisfying the requirement for Spring Boot development.",,
ITEM_269,JD_REACT_07,Frontend Developer Intern/Fresher,Intern/Fresher,Real-Time Collaboration & Messaging,"ReactJS, TypeScript, WebSocket / Socket.io-client, Zustand / Redux Toolkit / React Context API, Tailwind CSS / SCSS",RishiBakshii/mern-chat-app,next-js-frontend/src/app/auth/login/page.tsx,41,51,File: next-js-frontend/src/app/auth/login/page.tsx | Lines 41..51,"
  return (
    <>
    <div className=""flex flex-col gap-y-8"">
      <h3 className=""text-4xl font-bold text-fluid-h3"">Login</h3>
      <SocialLogin googleLink={`${process.env.NEXT_PUBLIC_BASE_URL}/auth/google`} />
    </div>
    <LoginForm/>
    </>
  );
}",1,"Contains basic React JSX rendering for a login page with Tailwind classes, but lacks advanced hooks, complex state, or robust TypeScript typing within this window.",,
ITEM_270,JD_REACT_01,Frontend Developer Fresher (ReactJS / TypeScript),Fresher,E-Commerce Storefront & Order Management,"ReactJS, TypeScript, Redux Toolkit, Tailwind CSS, Git",robbins23/admin-dashboard-nextjs-typescript-daisyui-template,src/components/typography/error-text.tsx,1,14,File: src/components/typography/error-text.tsx | Lines 1..14,"import React, { ReactNode } from 'react';

interface ErrorTextProps {
  styleClass?: string;
  children: ReactNode;
}

function ErrorText({ styleClass, children }: ErrorTextProps): JSX.Element {
  return (
    <p className={`text-center text-error ${styleClass || ''}`}>{children}</p>
  );
}

export default ErrorText;",1,A simple React functional component with TypeScript props for error text formatting; provides peripheral UI evidence but no complex state or Redux logic.,,
ITEM_271,JD_JAVA_07,Java API Developer,Fresher,Real-time Messaging & Notification Services,"Java, Spring Boot, Spring WebSocket / STOMP, JWT & Spring Security, PostgreSQL / MySQL / MongoDB",huseynovvusal/spring-blog-api,src/main/java/com/huseynovvusal/springblogapi/config/OpenAPIConfiguration.java,1,41,File: src/main/java/com/huseynovvusal/springblogapi/config/OpenAPIConfiguration.java | Lines 1..41,"package com.huseynovvusal.springblogapi.config;

import io.swagger.v3.oas.models.Components;
import io.swagger.v3.oas.models.OpenAPI;
import io.swagger.v3.oas.models.info.Info;
import io.swagger.v3.oas.models.security.SecurityScheme;
import io.swagger.v3.oas.models.servers.Server;
import java.util.List;
import org.springframework.beans.factory.annotation.Value;
import org.springframework.context.annotation.Bean;
import org.springframework.context.annotation.Configuration;

@Configuration
public class OpenAPIConfiguration {

  @Value(""${openapi.server.url}"")
  private String serverUrl;

  @Value(""${openapi.server.description}"")
  private String serverDescription;

  @Bean
  public OpenAPI defineOpenApi() {
    Server server = new Server();
    server.setUrl(serverUrl);
    server.setDescription(serverDescription);

    SecurityScheme securityScheme =
        new SecurityScheme().type(SecurityScheme.Type.HTTP).scheme(""bearer"").bearerFormat(""JWT"");

    Info information =
        new Info()
            .title(""Spring Blog API"")
            .version(""1.0"")
            .description(""Find all API endpoints and related info here..."");
    return new OpenAPI()
        .info(information)
        .servers(List.of(server))
        .components(new Components().addSecuritySchemes(""bearerAuth"", securityScheme));
  }
}",1,"Configures OpenAPI and JWT security schemes for a Spring Boot application, representing peripheral configuration rather than core business logic.",,
ITEM_272,JD_REACT_01,Frontend Developer Fresher (ReactJS / TypeScript),Fresher,E-Commerce Storefront & Order Management,"ReactJS, TypeScript, Redux Toolkit, Tailwind CSS, Git",f-lab-edu/fast-shoppers,src/main/java/com/fastshoppers/exception/handler/GlobalExceptionHandler.java,1,50,File: src/main/java/com/fastshoppers/exception/handler/GlobalExceptionHandler.java | Lines 1..50,"package com.fastshoppers.exception.handler;

import com.fastshoppers.common.LogLevel;
import com.fastshoppers.common.ResponseMessage;
import com.fastshoppers.exception.BaseException;
import com.fastshoppers.exception.logger.ExceptionLogger;
import jakarta.servlet.http.HttpServletRequest;
import org.springframework.beans.factory.annotation.Autowired;
import org.springframework.http.HttpStatus;
import org.springframework.web.bind.annotation.ControllerAdvice;
import org.springframework.web.bind.annotation.ExceptionHandler;
import org.springframework.web.bind.annotation.ResponseBody;
import org.springframework.web.bind.annotation.ResponseStatus;

@ControllerAdvice
public class GlobalExceptionHandler {

    private final ExceptionLogger exceptionLogger;

    @Autowired
    public GlobalExceptionHandler(ExceptionLogger exceptionLogger) {
        this.exceptionLogger = exceptionLogger;
    }

    @ExceptionHandler(BaseException.class)
    @ResponseBody
    @ResponseStatus(HttpStatus.INTERNAL_SERVER_ERROR)
    public ResponseMessage handleBaseException(BaseException baseException, HttpServletRequest httpServletRequest) {

        exceptionLogger.log(baseException.getLogLevel(), baseException.getMessage(), baseException.getStackTrace(), httpServletRequest);

        return ResponseMessage.builder()
                .message(baseException.getMessage())
                .status(baseException.getHttpStatus().value())
                .statusCode(baseException.getExceptionCode())
                .build();
    }

    @ExceptionHandler(Exception.class)
    @ResponseBody
    @ResponseStatus(HttpStatus.INTERNAL_SERVER_ERROR)
    public ResponseMessage handleOtherExceptions(Exception exception, HttpServletRequest httpServletRequest) {

        exceptionLogger.log(LogLevel.ERROR, exception.getMessage(), exception.getStackTrace(), httpServletRequest);

        return ResponseMessage.builder()
                .message(exception.getMessage())
                .status(HttpStatus.INTERNAL_SERVER_ERROR.value())
                .statusCode(HttpStatus.INTERNAL_SERVER_ERROR.name())
                .build();",1,"Provides a standard Spring Boot @ControllerAdvice exception handler, which acts as peripheral/infrastructure code rather than core business service logic.",,
ITEM_273,JD_JAVA_11,Java Backend Developer,Fresher / Junior,Social Network & Technical Blogging Platform,"Java 17, Spring Boot 3, Spring Security 6, Spring Data JPA / Hibernate, PostgreSQL, Git",mdtalalwasim/blog-application-spring-boot-rest-api,blog-application-springboot-rest-apis/src/main/java/com/mdtalalwasim/blog/app/controller/UserRestController.java,1,50,File: blog-application-springboot-rest-apis/src/main/java/com/mdtalalwasim/blog/app/controller/UserRestController.java | Lines 1..50,"package com.mdtalalwasim.blog.app.controller;

import java.util.List;
import java.util.Map;

import org.springframework.beans.factory.annotation.Autowired;
import org.springframework.http.HttpStatus;
import org.springframework.http.ResponseEntity;
import org.springframework.security.access.prepost.PreAuthorize;
import org.springframework.web.bind.annotation.DeleteMapping;
import org.springframework.web.bind.annotation.GetMapping;
import org.springframework.web.bind.annotation.PathVariable;
import org.springframework.web.bind.annotation.PostMapping;
import org.springframework.web.bind.annotation.PutMapping;
import org.springframework.web.bind.annotation.RequestBody;
import org.springframework.web.bind.annotation.RequestMapping;
import org.springframework.web.bind.annotation.RestController;

import com.mdtalalwasim.blog.app.payloads.ApiResponse;
import com.mdtalalwasim.blog.app.payloads.UserDto;
import com.mdtalalwasim.blog.app.services.UserService;

import jakarta.validation.Valid;

@RestController
@RequestMapping(""/api/users"")
public class UserRestController {
	
	@Autowired
	private UserService userService;
	
	
	//create user
	@PostMapping(""/"")
	public ResponseEntity<UserDto> createUser(@Valid @RequestBody UserDto userDto){
		UserDto createdUserDto = this.userService.createUser(userDto);
		return new ResponseEntity<>(createdUserDto,HttpStatus.CREATED);
		
	}
	
	//update user
	@PutMapping(""/{userId}"")
	public ResponseEntity<UserDto> updateUser(@Valid @RequestBody UserDto userDto, @PathVariable Integer userId){
		UserDto updatedUser = this.userService.updateUser(userDto, userId);
		//return new ResponseEntity<UserDto>(updatedUser,HttpStatus.OK);//or
		return  ResponseEntity.ok(updatedUser);
	}
	
	//to make access for only ADMIN ROLE.  
	//Admin can delete only",2,"Demonstrates a Spring Boot REST controller with @Valid bean validation, DTO usage, and HTTP status handling, matching the mandatory Java skills.",,
ITEM_274,JD_JAVA_09,Java Backend Intern,Intern,Digital Library & Bookstore API,"Java Core, Spring Boot, Spring Data JPA, MySQL/PostgreSQL",devdcores/BookStoreApp-Distributed-Application,bookstore-account-service/src/main/java/com/devd/spring/bookstoreaccountservice/config/AuthorizationServerConfig.java,121,153,File: bookstore-account-service/src/main/java/com/devd/spring/bookstoreaccountservice/config/AuthorizationServerConfig.java | Lines 121..153,"      }
    };

    KeyStoreKeyFactory keyStoreKeyFactory = keyStoreKeyFactory();
    KeyPair keyPair = keyPair(keyStoreKeyFactory);
    jwtAccessTokenConverter.setKeyPair(keyPair);
    jwtAccessTokenConverter.setVerifierKey(getPublicKeyAsString());
    return jwtAccessTokenConverter;
  }

  @Override
  public void configure(final AuthorizationServerSecurityConfigurer oauthServer) {
    oauthServer.passwordEncoder(this.passwordEncoder).tokenKeyAccess(""permitAll()"")
        .checkTokenAccess(""isAuthenticated()"");
  }

  private KeyPair keyPair(KeyStoreKeyFactory keyStoreKeyFactory) {
    return keyStoreKeyFactory.getKeyPair(keyPairAlias, keyPairPassword
        .toCharArray());
  }

  private KeyStoreKeyFactory keyStoreKeyFactory() {
    return new KeyStoreKeyFactory(keyStore, keyStorePassword.toCharArray());
  }

  private String getPublicKeyAsString() {
    try {
      return IOUtils.toString(publicKey.getInputStream(), UTF_8);
    } catch (IOException e) {
      throw new RuntimeException(e);
    }
  }
}",1,"Shows configuration methods for an OAuth/JWT authorization server, but the snippet is cut mid-class and represents infrastructure setup.",,
ITEM_275,JD_REACT_08,React TypeScript Fresher,Fresher,Personal Finance & Digital Banking Portal,"ReactJS, TypeScript, React Hook Form, Zod / Yup, Authentication & Axios Interceptors, Material UI / Ant Design / Shadcn UI / Tailwind CSS",sylvaincodes/youtube_ecommerce,components/modules/custom/Container.tsx,1,11,File: components/modules/custom/Container.tsx | Lines 1..11,"import React from ""react"";

export default function Container({
  children,
  className,
}: {
  children: React.ReactNode;
  className?: string;
}) {
  return <div className={`container h-full w-full ${className}`}>{children}</div>;
}",0,"Trivial layout container component with zero business logic, standard wrapper boilerplate returning a Tailwind-styled div.",,
ITEM_276,JD_JAVA_14,Backend Engineer (Java / Spring Boot),Intern/Fresher,HRTech & Recruitment Job Portal,"Java Core, Spring Boot, Spring Data JPA, Spring Security & JWT, PostgreSQL / MySQL",mdtalalwasim/blog-application-spring-boot-rest-api,blog-application-springboot-rest-apis/src/main/java/com/mdtalalwasim/blog/app/config/SwaggerConfig.java,14,25,File: blog-application-springboot-rest-apis/src/main/java/com/mdtalalwasim/blog/app/config/SwaggerConfig.java | Lines 14..25,"@Bean
	public OpenAPI openAPI() {
		  
		 
		return new OpenAPI()
				.info(new Info().title(""Blog Application Beckend API"")
						.description(""This is blog application project api and Developed by Md. Talal Wasim"")
						.version(""1.0"")
						.contact(new Contact().name(""Md. Talal Wasim"").email(""md.talalwasim@gmail.com"").url(""https://mdtalalwasim.github.io/""))
						.license(new License().name(""Licence""))
						).externalDocs(new ExternalDocumentation().url(""https://mdtalalwasim.github.io/"").description(""This is external url""));
	}",1,"The code provides a basic OpenAPI configuration bean, which is peripheral boilerplate rather than core business logic or security implementation.",,
ITEM_277,JD_JAVA_05,Backend Developer (Java/Spring Boot),Fresher,EdTech & Learning Management Systems (LMS),"Java Core, Spring Boot, Spring Security, Spring Data JPA, MySQL",mewebstudio/java-spring-boot-boilerplate,src/main/java/com/mewebstudio/javaspringbootboilerplate/controller/AccountController.java,41,90,File: src/main/java/com/mewebstudio/javaspringbootboilerplate/controller/AccountController.java | Lines 41..90,"        summary = ""Me endpoint"",
        security = @SecurityRequirement(name = SECURITY_SCHEME_NAME),
        responses = {
            @ApiResponse(
                responseCode = ""200"",
                description = ""Successful operation"",
                content = @Content(
                    mediaType = ""application/json"",
                    schema = @Schema(implementation = UserResponse.class)
                )
            ),
            @ApiResponse(
                responseCode = ""401"",
                description = ""Bad credentials"",
                content = @Content(
                    mediaType = MediaType.APPLICATION_JSON_VALUE,
                    schema = @Schema(implementation = ErrorResponse.class)
                )
            )
        }
    )
    public ResponseEntity<UserResponse> me() {
        return ResponseEntity.ok(UserResponse.convert(userService.getUser()));
    }

    @PostMapping(""/password"")
    @Operation(
        summary = ""Password update endpoint"",
        security = @SecurityRequirement(name = SECURITY_SCHEME_NAME),
        responses = {
            @ApiResponse(
                responseCode = ""200"",
                description = ""Successful operation"",
                content = @Content(
                    mediaType = ""application/json"",
                    schema = @Schema(implementation = SuccessResponse.class)
                )
            ),
            @ApiResponse(
                responseCode = ""401"",
                description = ""Bad credentials"",
                content = @Content(
                    mediaType = MediaType.APPLICATION_JSON_VALUE,
                    schema = @Schema(implementation = ErrorResponse.class)
                )
            ),
            @ApiResponse(
                responseCode = ""422"",
                description = ""Validation failed"",
                content = @Content(",2,"The snippet demonstrates a Spring Boot REST controller endpoint with Swagger annotations and DTO response mapping, satisfying backend requirements.",,
ITEM_278,JD_REACT_09,Frontend Web Developer,Intern / Fresher,Service Discovery & Booking Platform,"ReactJS, TypeScript, React Router, Axios",jhcode33/react-spring-blog-backend,src/main/java/jhcode/blog/controller/BoardController.java,41,81,File: src/main/java/jhcode/blog/controller/BoardController.java | Lines 41..81,"            @PageableDefault(size = 5, sort = ""id"", direction = Sort.Direction.DESC) Pageable pageable,
            @RequestParam String title,
            @RequestParam String content,
            @RequestParam String writerName) {
        SearchData searchData = SearchData.createdSearchData(title, content, writerName);
        Page<ResBoardListDto> searchBoard = boardService.search(searchData, pageable);
        return  ResponseEntity.status(HttpStatus.OK).body(searchBoard);
    }

    @PostMapping(""/write"")
    public ResponseEntity<ResBoardWriteDto> write(
            @RequestBody BoardWriteDto boardDTO,
            @AuthenticationPrincipal Member member) {
        Thread currentThread = Thread.currentThread();
        log.info(""현재 실행 중인 스레드: "" + currentThread.getName());
        ResBoardWriteDto saveBoardDTO = boardService.write(boardDTO, member);
        return ResponseEntity.status(HttpStatus.CREATED).body(saveBoardDTO);
    }

    @GetMapping(""/{boardId}"")
    public ResponseEntity<ResBoardDetailsDto> detail(@PathVariable(""boardId"") Long boardId) {
        ResBoardDetailsDto findBoardDTO = boardService.detail(boardId);
        return ResponseEntity.status(HttpStatus.OK).body(findBoardDTO);
    }

    // 상세보기 -> 수정
    @PatchMapping(""/{boardId}/update"")
    public ResponseEntity<ResBoardDetailsDto> update(
            @PathVariable Long boardId,
            @RequestBody BoardUpdateDto boardDTO) {
        ResBoardDetailsDto updateBoardDTO = boardService.update(boardId, boardDTO);
        return ResponseEntity.status(HttpStatus.OK).body(updateBoardDTO);
    }

    // 상세보기 -> 삭제
    @DeleteMapping(""/{boardId}/delete"")
    public ResponseEntity<Long> delete(@PathVariable Long boardId) {
        boardService.delete(boardId);
        return ResponseEntity.status(HttpStatus.OK).build();
    }
}",0,The file path indicates a mismatch as a Java Spring Controller is evaluated against a Frontend React/TypeScript Job Description.,,
ITEM_279,JD_JAVA_08,Junior Java Software Engineer,Junior,Logistics & Fleet Management,"Java 17, Spring Boot, Spring Data JPA, MySQL/PostgreSQL, MapStruct, Bean Validation",mdtalalwasim/blog-application-spring-boot-rest-api,blog-application-springboot-rest-apis/src/main/java/com/mdtalalwasim/blog/app/BlogApplicationSpringbootRestApisApplication.java,1,50,File: blog-application-springboot-rest-apis/src/main/java/com/mdtalalwasim/blog/app/BlogApplicationSpringbootRestApisApplication.java | Lines 1..50,"package com.mdtalalwasim.blog.app;

import java.util.List;

import org.modelmapper.ModelMapper;
import org.springframework.beans.factory.annotation.Autowired;
import org.springframework.boot.CommandLineRunner;
import org.springframework.boot.SpringApplication;
import org.springframework.boot.autoconfigure.SpringBootApplication;
import org.springframework.context.annotation.Bean;
import org.springframework.security.crypto.password.PasswordEncoder;

import com.mdtalalwasim.blog.app.config.ApplicationConstants;
import com.mdtalalwasim.blog.app.entity.Role;
import com.mdtalalwasim.blog.app.repository.RoleRepository;

@SpringBootApplication
public class BlogApplicationSpringbootRestApisApplication implements CommandLineRunner {

	@Autowired
	private PasswordEncoder passwordEncoder;
	
	//in this project role will not create automatically till now, now we will create role table automatically when this project runs.
	
	@Autowired 
	private RoleRepository roleRepository;
	
	
	//this will add
	public BlogApplicationSpringbootRestApisApplication(PasswordEncoder passwordEncoder) {
        this.passwordEncoder = passwordEncoder;
    }
	
	public static void main(String[] args) {
		SpringApplication.run(BlogApplicationSpringbootRestApisApplication.class, args);
		System.out.println(""Hello"");
	}	
	
	@Bean
	public ModelMapper modelMapper() {
		return new ModelMapper();
	}

	
	//CommandLineRunner method
	@Override
	public void run(String... args) throws Exception {
		System.out.println(this.passwordEncoder.encode(""123456""));
		System.out.println(this.passwordEncoder.encode(""selim""));
		",1,"The snippet shows a main application class implementing CommandLineRunner with basic password encoder tests, which acts as peripheral setup rather than core service logic.",,
ITEM_280,JD_JAVA_06,Fresher Java Backend Engineer,Fresher,Digital Healthcare & Telemedicine,"Java 11/17, Spring Boot, Spring Data JPA, PostgreSQL/MySQL",SaiUpadhyayula/spring-reddit-clone,src/main/java/com/programming/techie/springredditclone/controller/PostController.java,1,47,File: src/main/java/com/programming/techie/springredditclone/controller/PostController.java | Lines 1..47,"package com.programming.techie.springredditclone.controller;

import com.programming.techie.springredditclone.dto.PostRequest;
import com.programming.techie.springredditclone.dto.PostResponse;
import com.programming.techie.springredditclone.service.PostService;
import lombok.AllArgsConstructor;
import org.springframework.http.HttpStatus;
import org.springframework.http.ResponseEntity;
import org.springframework.web.bind.annotation.*;

import java.util.List;

import static org.springframework.http.ResponseEntity.status;

@RestController
@RequestMapping(""/api/posts"")
@AllArgsConstructor
public class PostController {

    private final PostService postService;

    @PostMapping
    public ResponseEntity<Void> createPost(@RequestBody PostRequest postRequest) {
        postService.save(postRequest);
        return new ResponseEntity<>(HttpStatus.CREATED);
    }

    @GetMapping
    public ResponseEntity<List<PostResponse>> getAllPosts() {
        return status(HttpStatus.OK).body(postService.getAllPosts());
    }

    @GetMapping(""/{id}"")
    public ResponseEntity<PostResponse> getPost(@PathVariable Long id) {
        return status(HttpStatus.OK).body(postService.getPost(id));
    }

    @GetMapping(params = ""subredditId"")
    public ResponseEntity<List<PostResponse>> getPostsBySubreddit(@RequestParam Long subredditId) {
        return status(HttpStatus.OK).body(postService.getPostsBySubreddit(subredditId));
    }

    @GetMapping(params = ""username"")
    public ResponseEntity<List<PostResponse>> getPostsByUsername(@RequestParam String username) {
        return status(HttpStatus.OK).body(postService.getPostsByUsername(username));
    }
}",2,"The snippet provides a complete Spring Boot REST Controller handling multiple request mappings, query parameters, and service delegation.",,
ITEM_281,JD_REACT_09,Frontend Web Developer,Intern / Fresher,Service Discovery & Booking Platform,"ReactJS, TypeScript, React Router, Axios",hoangtien2k3/ecommerce-microservices,auth-service/src/main/java/com/ecommerce/authservice/controller/AuthController.java,41,90,File: auth-service/src/main/java/com/ecommerce/authservice/controller/AuthController.java | Lines 41..90,"
    @PostMapping(""/signup"")
    public ApiResponse<Void> register(@Valid @RequestBody RegisterRequest request) {
        userService.register(request);
        return ApiResponse.message(""User "" + request.getUsername() + "" registered successfully"");
    }

    // ------------------------------------------------------------------
    // SSO — Authorization Code flow, mediated by this backend
    // ------------------------------------------------------------------

    /**
     * Step 1. Browser hits this; we 302 to the Keycloak login page. The frontend
     * page to return to is remembered server-side against a random {@code state}.
     */
    @GetMapping(""/login"")
    public ResponseEntity<Void> ssoLogin(
            @RequestParam(value = ""redirect_uri"", required = false) String redirectUri) {
        String frontendRedirect = resolveFrontendRedirect(redirectUri);
        String state = ssoSessionStore.createLoginState(frontendRedirect);
        String authorizeUrl = UriComponentsBuilder.fromUriString(keycloakProperties.authorizationEndpoint())
                .queryParam(""client_id"", keycloakProperties.getClientId())
                .queryParam(""response_type"", ""code"")
                .queryParam(""scope"", ssoProperties.getScope())
                .queryParam(""redirect_uri"", ssoProperties.getBackendCallbackUrl())
                .queryParam(""state"", state)
                .build()
                .encode()
                .toUriString();
        return ResponseEntity.status(HttpStatus.FOUND).location(URI.create(authorizeUrl)).build();
    }

    /**
     * Step 2. Keycloak redirects here with {@code code}. We swap it for tokens, stash
     * them behind a single-use ticket and bounce the browser back to the frontend.
     */
    @GetMapping(""/callback"")
    public ResponseEntity<Void> ssoCallback(
            @RequestParam(value = ""code"", required = false) String code,
            @RequestParam(value = ""state"", required = false) String state,
            @RequestParam(value = ""error"", required = false) String error) {

        // User denied consent or Keycloak returned an error → bounce back with the reason.
        if (StringUtils.hasText(error)) {
            return redirectTo(appendQuery(ssoProperties.getDefaultFrontendRedirect(), ""error"", error));
        }

        String frontendRedirect = ssoSessionStore.consumeLoginState(state);
        KeycloakTokenResponse tokens = keycloakAuthClient.exchangeAuthorizationCode(code, ssoProperties.getBackendCallbackUrl());
        String ticket = ssoSessionStore.storeTokens(tokens);",0,The file path belongs to a Java Spring Boot backend auth service while being evaluated against a Frontend Web Developer (React/TS) job description.,,
ITEM_282,JD_JAVA_06,Fresher Java Backend Engineer,Fresher,Digital Healthcare & Telemedicine,"Java 11/17, Spring Boot, Spring Data JPA, PostgreSQL/MySQL",mewebstudio/java-spring-boot-boilerplate,src/main/java/com/mewebstudio/javaspringbootboilerplate/controller/AccountController.java,66,106,File: src/main/java/com/mewebstudio/javaspringbootboilerplate/controller/AccountController.java | Lines 66..106,"@PostMapping(""/password"")
    @Operation(
        summary = ""Password update endpoint"",
        security = @SecurityRequirement(name = SECURITY_SCHEME_NAME),
        responses = {
            @ApiResponse(
                responseCode = ""200"",
                description = ""Successful operation"",
                content = @Content(
                    mediaType = ""application/json"",
                    schema = @Schema(implementation = SuccessResponse.class)
                )
            ),
            @ApiResponse(
                responseCode = ""401"",
                description = ""Bad credentials"",
                content = @Content(
                    mediaType = MediaType.APPLICATION_JSON_VALUE,
                    schema = @Schema(implementation = ErrorResponse.class)
                )
            ),
            @ApiResponse(
                responseCode = ""422"",
                description = ""Validation failed"",
                content = @Content(
                    mediaType = MediaType.APPLICATION_JSON_VALUE,
                    schema = @Schema(implementation = DetailedErrorResponse.class)
                )
            )
        }
    )
    public ResponseEntity<SuccessResponse> password(
        @Parameter(description = ""Request body to update password"", required = true)
        @RequestBody @Valid UpdatePasswordRequest request
    ) throws BindException {
        userService.updatePassword(request);

        return ResponseEntity.ok(SuccessResponse.builder()
            .message(messageSourceService.get(""your_password_updated""))
            .build());
    }",2,"The code demonstrates a valid Spring Boot controller method utilizing @Valid request body validation, exception handling annotations, and service calls.",,
ITEM_283,JD_REACT_06,Junior ReactJS Developer,Junior,Productivity & Collaborative Kanban System,"ReactJS, TypeScript, Redux Toolkit / Zustand, React Hook Form & Zod/Yup, Tailwind CSS / CSS-in-JS",robbins23/admin-dashboard-nextjs-typescript-daisyui-template,src/components/input/text-area.tsx,1,44,File: src/components/input/text-area.tsx | Lines 1..44,"import React, { useState } from 'react';

interface TextAreaProps {
  labelTitle: string;
  labelStyle?: string;
  containerStyle?: string;
  defaultValue?: string;
  placeholder?: string;
  updateFormValue: (updateType: string, value: string) => void;
  updateType: string;
}

function TextArea({
  labelTitle,
  labelStyle,
  containerStyle,
  defaultValue,
  placeholder,
  updateFormValue,
  updateType,
}: TextAreaProps): JSX.Element {
  const [value, setValue] = useState<string>(defaultValue || '');

  const updateTextAreaValue = (val: string): void => {
    setValue(val);
    updateFormValue(updateType, val);
  };

  return (
    <div className={`form-control w-full ${containerStyle}`}>
      <label className=""label"">
        <span className={'label-text text-xs text-base-content ' + (labelStyle || '')}>{labelTitle}</span>
      </label>
      <textarea
        value={value}
        placeholder={placeholder || ''}
        onChange={(e) => updateTextAreaValue(e.target.value)}
        className=""textarea textarea-bordered w-full""
      />
    </div>
  );
}

export default TextArea;",2,"The snippet shows a well-typed React component using TypeScript interfaces, React hooks (useState), and custom event handlers, providing strong evidence of ReactJS and TypeScript skills.",,
ITEM_284,JD_JAVA_10,Fresher Backend Developer,Fresher,Hospitality & Online Travel Agency (OTA),"Java 17, Spring Boot, Spring Security, Spring Data JPA, MySQL / PostgreSQL, Redis",Rapter1990/parkinglot,src/main/java/com/project/parkinglot/logging/repository/LogRepository.java,1,10,File: src/main/java/com/project/parkinglot/logging/repository/LogRepository.java | Lines 1..10,"package com.project.parkinglot.logging.repository;

import com.project.parkinglot.logging.entity.LogEntity;
import org.springframework.data.jpa.repository.JpaRepository;

/**
 * Repository interface named {@link LogRepository} for managing log entity persistence.
 */
public interface LogRepository extends JpaRepository<LogEntity, Long> {
}",1,The snippet is a simple JpaRepository extension interface representing basic CRUD delegation without business logic.,,
ITEM_285,JD_JAVA_14,Backend Engineer (Java / Spring Boot),Intern/Fresher,HRTech & Recruitment Job Portal,"Java Core, Spring Boot, Spring Data JPA, Spring Security & JWT, PostgreSQL / MySQL",Rapter1990/parkinglot,src/main/java/com/project/parkinglot/logging/repository/LogRepository.java,1,10,File: src/main/java/com/project/parkinglot/logging/repository/LogRepository.java | Lines 1..10,"package com.project.parkinglot.logging.repository;

import com.project.parkinglot.logging.entity.LogEntity;
import org.springframework.data.jpa.repository.JpaRepository;

/**
 * Repository interface named {@link LogRepository} for managing log entity persistence.
 */
public interface LogRepository extends JpaRepository<LogEntity, Long> {
}",1,The code snippet is a simple Spring Data JPA repository interface providing basic persistence abstraction without core business logic.,,
ITEM_286,JD_REACT_02,ReactJS / TypeScript Intern,Intern/Fresher,Digital Media & Streaming SPA,"HTML5/CSS3, JavaScript (ES6+), TypeScript, ReactJS",robbins23/admin-dashboard-nextjs-typescript-daisyui-template,src/components/cards/title-card.tsx,1,36,File: src/components/cards/title-card.tsx | Lines 1..36,"import React, { ReactNode } from ""react"";
import Subtitle from ""../typography/subtitle"";

interface TitleCardProps {
    title: string;
    children: ReactNode;
    topMargin?: string;
    TopSideButtons?: ReactNode;
}

function TitleCard({ title, children, topMargin, TopSideButtons }: TitleCardProps) {
    return (
        <div className={""card w-full p-6 bg-base-100 shadow-xl "" + (topMargin || ""mt-6"")}>

            {/* Title for Card */}
            <Subtitle styleClass={TopSideButtons ? ""inline-block"" : """"}>
                {title}

                {/* Top side button, show only if present */}
                {
                    TopSideButtons && <div className=""inline-block float-right"">{TopSideButtons}</div>
                }
            </Subtitle>

            <div className=""divider mt-2""></div>

            {/** Card Body */}
            <div className='h-full w-full pb-6 bg-base-100'>
                {children}
            </div>
        </div>

    );
}

export default TitleCard;",2,"The code provides a clear, typed React functional component using TypeScript interfaces, satisfying the ReactJS and TypeScript requirements.",,
ITEM_287,JD_REACT_10,Fullstack React & TypeScript Developer,Fresher / Junior,EdTech Fullstack Application,"TypeScript, ReactJS, Node.js / Express / NestJS, Redux Toolkit / Zustand, Prisma / TypeORM / Mongoose, Git",sylvaincodes/youtube_ecommerce,components/modules/custom/Col.tsx,3,13,File: components/modules/custom/Col.tsx | Lines 3..13,"export default function Col({
  children,
  className,
}: {
  children: React.ReactNode;
  className?: string;
}) {
  return <div className={`flex flex-col h-full w-full   ${className}`}>{
    children
  }</div>;
}",2,"The code is a clean, typed functional component in React/TypeScript, which directly provides evidence of basic component authoring and TypeScript proficiency.",,
ITEM_288,JD_JAVA_09,Java Backend Intern,Intern,Digital Library & Bookstore API,"Java Core, Spring Boot, Spring Data JPA, MySQL/PostgreSQL",devdcores/BookStoreApp-Distributed-Application,bookstore-account-service/src/main/java/com/devd/spring/bookstoreaccountservice/config/AuthorizationServerConfig.java,41,90,File: bookstore-account-service/src/main/java/com/devd/spring/bookstoreaccountservice/config/AuthorizationServerConfig.java | Lines 41..90,"@Configuration
@EnableAuthorizationServer
public class AuthorizationServerConfig extends AuthorizationServerConfigurerAdapter {

  @Autowired
  DataSource dataSource;

  @Autowired
  AppUserDetailsService appUserDetailsService;

  @Autowired
  UserRepository userRepository;

  @Autowired
  private AuthenticationManager authenticationManager;

  @Autowired
  private PasswordEncoder passwordEncoder;

  @Value(""${security.jwt.key-store}"")
  private Resource keyStore;

  @Value(""${security.jwt.key-store-password}"")
  private String keyStorePassword;

  @Value(""${security.jwt.key-pair-alias}"")
  private String keyPairAlias;

  @Value(""${security.jwt.key-pair-password}"")
  private String keyPairPassword;

  @Value(""${security.jwt.public-key}"")
  private Resource publicKey;

  @Override
  public void configure(ClientDetailsServiceConfigurer clients) throws Exception {
    clients.jdbc(dataSource);
  }

  @Override
  public void configure(AuthorizationServerEndpointsConfigurer endpoints) throws Exception {
    endpoints.authenticationManager(this.authenticationManager)
        .userDetailsService(appUserDetailsService)
        .accessTokenConverter(jwtAccessTokenConverter())
        .tokenStore(tokenStore());
  }

  @Bean
  @Primary
  public TokenStore tokenStore() {",2,"The code demonstrates configuration of an OAuth2 Authorization Server using Spring Boot and Spring Security, showing advanced Java backend competencies.",,
ITEM_289,JD_JAVA_06,Fresher Java Backend Engineer,Fresher,Digital Healthcare & Telemedicine,"Java 11/17, Spring Boot, Spring Data JPA, PostgreSQL/MySQL",mewebstudio/java-spring-boot-boilerplate,src/main/java/com/mewebstudio/javaspringbootboilerplate/controller/AccountController.java,41,90,File: src/main/java/com/mewebstudio/javaspringbootboilerplate/controller/AccountController.java | Lines 41..90,"        summary = ""Me endpoint"",
        security = @SecurityRequirement(name = SECURITY_SCHEME_NAME),
        responses = {
            @ApiResponse(
                responseCode = ""200"",
                description = ""Successful operation"",
                content = @Content(
                    mediaType = ""application/json"",
                    schema = @Schema(implementation = UserResponse.class)
                )
            ),
            @ApiResponse(
                responseCode = ""401"",
                description = ""Bad credentials"",
                content = @Content(
                    mediaType = MediaType.APPLICATION_JSON_VALUE,
                    schema = @Schema(implementation = ErrorResponse.class)
                )
            )
        }
    )
    public ResponseEntity<UserResponse> me() {
        return ResponseEntity.ok(UserResponse.convert(userService.getUser()));
    }

    @PostMapping(""/password"")
    @Operation(
        summary = ""Password update endpoint"",
        security = @SecurityRequirement(name = SECURITY_SCHEME_NAME),
        responses = {
            @ApiResponse(
                responseCode = ""200"",
                description = ""Successful operation"",
                content = @Content(
                    mediaType = ""application/json"",
                    schema = @Schema(implementation = SuccessResponse.class)
                )
            ),
            @ApiResponse(
                responseCode = ""401"",
                description = ""Bad credentials"",
                content = @Content(
                    mediaType = MediaType.APPLICATION_JSON_VALUE,
                    schema = @Schema(implementation = ErrorResponse.class)
                )
            ),
            @ApiResponse(
                responseCode = ""422"",
                description = ""Validation failed"",
                content = @Content(",2,"Although cut off at the bottom, the visible portion already contains a complete Spring Boot REST controller endpoint annotated with OpenAPI/Swagger definitions and DTO mapping.",,
ITEM_290,JD_JAVA_01,Backend Developer (Java / Spring Boot),Fresher,E-Commerce Platform,"Java, Spring Boot, Spring Security & JWT, Spring Data JPA / Hibernate, MySQL, Git",mewebstudio/java-spring-boot-boilerplate,src/main/java/com/mewebstudio/javaspringbootboilerplate/controller/AccountController.java,1,50,File: src/main/java/com/mewebstudio/javaspringbootboilerplate/controller/AccountController.java | Lines 1..50,"package com.mewebstudio.javaspringbootboilerplate.controller;

import com.mewebstudio.javaspringbootboilerplate.dto.request.user.UpdatePasswordRequest;
import com.mewebstudio.javaspringbootboilerplate.dto.response.DetailedErrorResponse;
import com.mewebstudio.javaspringbootboilerplate.dto.response.ErrorResponse;
import com.mewebstudio.javaspringbootboilerplate.dto.response.SuccessResponse;
import com.mewebstudio.javaspringbootboilerplate.dto.response.user.UserResponse;
import com.mewebstudio.javaspringbootboilerplate.service.MessageSourceService;
import com.mewebstudio.javaspringbootboilerplate.service.UserService;
import io.swagger.v3.oas.annotations.Operation;
import io.swagger.v3.oas.annotations.Parameter;
import io.swagger.v3.oas.annotations.media.Content;
import io.swagger.v3.oas.annotations.media.Schema;
import io.swagger.v3.oas.annotations.responses.ApiResponse;
import io.swagger.v3.oas.annotations.security.SecurityRequirement;
import io.swagger.v3.oas.annotations.tags.Tag;
import jakarta.validation.Valid;
import lombok.RequiredArgsConstructor;
import org.springframework.http.MediaType;
import org.springframework.http.ResponseEntity;
import org.springframework.validation.BindException;
import org.springframework.web.bind.annotation.GetMapping;
import org.springframework.web.bind.annotation.PostMapping;
import org.springframework.web.bind.annotation.RequestBody;
import org.springframework.web.bind.annotation.RequestMapping;
import org.springframework.web.bind.annotation.RestController;

import static com.mewebstudio.javaspringbootboilerplate.util.Constants.SECURITY_SCHEME_NAME;

@RestController
@RequiredArgsConstructor
@RequestMapping(""/account"")
@Tag(name = ""002. Account"", description = ""Account API"")
public class AccountController extends AbstractBaseController {
    private final UserService userService;

    private final MessageSourceService messageSourceService;

    @GetMapping(""/me"")
    @Operation(
        summary = ""Me endpoint"",
        security = @SecurityRequirement(name = SECURITY_SCHEME_NAME),
        responses = {
            @ApiResponse(
                responseCode = ""200"",
                description = ""Successful operation"",
                content = @Content(
                    mediaType = ""application/json"",
                    schema = @Schema(implementation = UserResponse.class)
                )",2,"The snippet establishes a complete Spring Boot REST controller with proper annotations (@RestController, @RequestMapping, @GetMapping) and validation setups.",,
ITEM_291,JD_JAVA_09,Java Backend Intern,Intern,Digital Library & Bookstore API,"Java Core, Spring Boot, Spring Data JPA, MySQL/PostgreSQL",devdcores/BookStoreApp-Distributed-Application,bookstore-account-service/src/main/java/com/devd/spring/bookstoreaccountservice/config/AuthorizationServerConfig.java,80,86,File: bookstore-account-service/src/main/java/com/devd/spring/bookstoreaccountservice/config/AuthorizationServerConfig.java | Lines 80..86,"@Override
  public void configure(AuthorizationServerEndpointsConfigurer endpoints) throws Exception {
    endpoints.authenticationManager(this.authenticationManager)
        .userDetailsService(appUserDetailsService)
        .accessTokenConverter(jwtAccessTokenConverter())
        .tokenStore(tokenStore());
  }",1,"The code snippet is very short and shows only a method configuration override for an AuthorizationServerEndpointsConfigurer, providing peripheral evidence of Spring Security/OAuth setup.",,
ITEM_292,JD_JAVA_12,Junior Java Developer,Junior,Enterprise Software & Financial Services,"Java 17, Spring Boot, JUnit 5 & Mockito, PostgreSQL/MySQL",Angel-Raa/spring-security-jwt-authentication-and-authorization,src/main/java/com/github/angel/raa/modules/controller/AuthenticationController.java,1,50,File: src/main/java/com/github/angel/raa/modules/controller/AuthenticationController.java | Lines 1..50,"package com.github.angel.raa.modules.controller;


import com.github.angel.raa.modules.persistence.dto.user.UserDto;
import com.github.angel.raa.modules.persistence.dto.user.request.AuthenticateRequest;
import com.github.angel.raa.modules.persistence.dto.user.response.AuthenticateResponse;
import com.github.angel.raa.modules.persistence.dto.user.response.LogoutResponse;
import com.github.angel.raa.modules.service.interfaces.auth.AuthenticationService;
import com.github.angel.raa.modules.utils.constants.Message;
import io.swagger.v3.oas.annotations.Operation;
import io.swagger.v3.oas.annotations.media.Content;
import io.swagger.v3.oas.annotations.responses.ApiResponse;
import io.swagger.v3.oas.annotations.tags.Tag;
import jakarta.servlet.http.HttpServletRequest;
import jakarta.validation.Valid;
import lombok.RequiredArgsConstructor;
import org.springframework.http.HttpStatus;
import org.springframework.http.ResponseEntity;
import org.springframework.security.access.prepost.PreAuthorize;
import org.springframework.web.bind.annotation.*;

import java.time.LocalDateTime;
//@CrossOrigin
@RestController
@RequestMapping(""/auth"")
@RequiredArgsConstructor
@Tag(name = ""Authentication"", description = ""Authentication"")
public class AuthenticationController {
    private final AuthenticationService authenticateService;
    @Operation(summary = ""Validate token"")
    @PreAuthorize(""permitAll"")
    @GetMapping(""/validate-token"")
    public ResponseEntity<Boolean> validateToken(@RequestParam String token) {
        boolean isValid = authenticateService.validateToken(token);
        return ResponseEntity.ok(isValid);
    }
    @Operation(summary = ""Login"")
    @ApiResponse(responseCode = ""200"", description = ""Login successfully"",  content = {@Content(mediaType = ""application/json"")})
    @PreAuthorize(""permitAll"")
    @PostMapping(""/login"")
    public ResponseEntity<AuthenticateResponse> login(@Valid @RequestBody AuthenticateRequest request) {
        AuthenticateResponse response = authenticateService.login(request);
        return ResponseEntity.ok(response);

    }


    @GetMapping(""/profile"")
    @PreAuthorize(""hasAuthority('READ_MY_PROFILE')"")
    public ResponseEntity<UserDto> profile() {",2,"The snippet shows strong evidence of Spring Boot and Spring Security expertise, including method-level security with @PreAuthorize and valid DTO request handling.",,
ITEM_293,JD_JAVA_05,Backend Developer (Java/Spring Boot),Fresher,EdTech & Learning Management Systems (LMS),"Java Core, Spring Boot, Spring Security, Spring Data JPA, MySQL",mdtalalwasim/blog-application-spring-boot-rest-api,blog-application-springboot-rest-apis/src/main/java/com/mdtalalwasim/blog/app/BlogApplicationSpringbootRestApisApplication.java,1,50,File: blog-application-springboot-rest-apis/src/main/java/com/mdtalalwasim/blog/app/BlogApplicationSpringbootRestApisApplication.java | Lines 1..50,"package com.mdtalalwasim.blog.app;

import java.util.List;

import org.modelmapper.ModelMapper;
import org.springframework.beans.factory.annotation.Autowired;
import org.springframework.boot.CommandLineRunner;
import org.springframework.boot.SpringApplication;
import org.springframework.boot.autoconfigure.SpringBootApplication;
import org.springframework.context.annotation.Bean;
import org.springframework.security.crypto.password.PasswordEncoder;

import com.mdtalalwasim.blog.app.config.ApplicationConstants;
import com.mdtalalwasim.blog.app.entity.Role;
import com.mdtalalwasim.blog.app.repository.RoleRepository;

@SpringBootApplication
public class BlogApplicationSpringbootRestApisApplication implements CommandLineRunner {

	@Autowired
	private PasswordEncoder passwordEncoder;
	
	//in this project role will not create automatically till now, now we will create role table automatically when this project runs.
	
	@Autowired 
	private RoleRepository roleRepository;
	
	
	//this will add
	public BlogApplicationSpringbootRestApisApplication(PasswordEncoder passwordEncoder) {
        this.passwordEncoder = passwordEncoder;
    }
	
	public static void main(String[] args) {
		SpringApplication.run(BlogApplicationSpringbootRestApisApplication.class, args);
		System.out.println(""Hello"");
	}	
	
	@Bean
	public ModelMapper modelMapper() {
		return new ModelMapper();
	}

	
	//CommandLineRunner method
	@Override
	public void run(String... args) throws Exception {
		System.out.println(this.passwordEncoder.encode(""123456""));
		System.out.println(this.passwordEncoder.encode(""selim""));
		",1,"The snippet contains a main Spring Boot application class implementing CommandLineRunner and a basic bean definition, which represents standard boilerplate setup rather than complex business logic.",,
ITEM_294,JD_REACT_02,ReactJS / TypeScript Intern,Intern/Fresher,Digital Media & Streaming SPA,"HTML5/CSS3, JavaScript (ES6+), TypeScript, ReactJS",ZahraMirzaei/online-shop,components/brands/index.tsx,1,50,File: components/brands/index.tsx | Lines 1..50,"import React from ""react"";
import BrandBox from ""./BrandBox"";
import { brandContent } from ""../../mock/brand"";
import Slider from ""react-slick"";
import SectionTitle from ""../UI/SectionTitle"";
const Brands = () => {
  const settings = {
    infinite: true,
    speed: 6000,
    slidesToShow: 8,
    slidesToScroll: 4,
    autoplay: true,
    autoplaySpeed: 8000,
    cssEase: ""linear"",
    swipeToSlide: true,
    responsive: [
      {
        breakpoint: 1024,
        settings: {
          slidesToShow: 6,
          slidesToScroll: 3,
        },
      },
      {
        breakpoint: 768,
        settings: {
          slidesToShow: 4,
          slidesToScroll: 4,
        },
      },
      {
        breakpoint: 640,
        settings: {
          slidesToShow: 3,
          slidesToScroll: 3,
        },
      },
    ],
  };
  return (
    <div className=""p-1 my-4 md:my-8 text-center"">
      <SectionTitle title={""popularBrands""} />
      <Slider {...settings}>
        {brandContent.map((brandItem) => {
          return (
            <BrandBox
              key={brandItem.id}
              brandName={brandItem.name}
              imageSrc={brandItem.imgSrc}
            />",1,"The component utilizes a third-party slider library (react-slick) with standard settings configuration, representing peripheral React UI setup rather than complex state or custom hook logic.",,
ITEM_295,JD_JAVA_01,Backend Developer (Java / Spring Boot),Fresher,E-Commerce Platform,"Java, Spring Boot, Spring Security & JWT, Spring Data JPA / Hibernate, MySQL, Git",Snailclimb/spring-security-jwt-guide,src/main/java/github/javaguide/springsecurityjwtguide/security/service/AuthService.java,1,50,File: src/main/java/github/javaguide/springsecurityjwtguide/security/service/AuthService.java | Lines 1..50,"package github.javaguide.springsecurityjwtguide.security.service;

import github.javaguide.springsecurityjwtguide.security.common.utils.CurrentUserUtil;
import github.javaguide.springsecurityjwtguide.security.common.utils.JwtTokenUtil;
import github.javaguide.springsecurityjwtguide.security.dto.LoginRequest;
import github.javaguide.springsecurityjwtguide.security.entity.JwtUser;
import github.javaguide.springsecurityjwtguide.system.entity.User;
import github.javaguide.springsecurityjwtguide.system.exception.UserNameNotFoundException;
import github.javaguide.springsecurityjwtguide.system.service.UserService;
import lombok.RequiredArgsConstructor;
import lombok.extern.slf4j.Slf4j;
import org.springframework.beans.factory.annotation.Autowired;
import org.springframework.data.redis.core.StringRedisTemplate;
import org.springframework.security.authentication.BadCredentialsException;
import org.springframework.security.core.Authentication;
import org.springframework.security.core.GrantedAuthority;
import org.springframework.security.core.context.SecurityContextHolder;
import org.springframework.stereotype.Service;

import java.util.List;
import java.util.stream.Collectors;

/**
 * @author shuang.kou
 **/
@Service
@RequiredArgsConstructor(onConstructor = @__(@Autowired))
@Slf4j
public class AuthService {
    private final UserService userService;
    private final StringRedisTemplate stringRedisTemplate;
    private final CurrentUserUtil currentUserUtil;

    public String createToken(LoginRequest loginRequest) {
        User user = userService.find(loginRequest.getUsername());
        if (!userService.check(loginRequest.getPassword(), user.getPassword())) {
            throw new BadCredentialsException(""The user name or password is not correct."");
        }
        JwtUser jwtUser = new JwtUser(user);
        if (!jwtUser.isEnabled()) {
            throw new BadCredentialsException(""User is forbidden to login"");
        }
        List<String> authorities = jwtUser.getAuthorities()
                .stream()
                .map(GrantedAuthority::getAuthority)
                .collect(Collectors.toList());
        String token = JwtTokenUtil.createToken(user.getUserName(), user.getId().toString(), authorities, loginRequest.getRememberMe());
        stringRedisTemplate.opsForValue().set(user.getId().toString(), token);
        return token;
    }",2,"The class implements a robust authentication service using Spring Security components, password validation, and token creation logic backed by Redis.",,
ITEM_296,JD_JAVA_03,Java Backend Fresher,Fresher,Fintech & Payment Gateway,"Java, Spring Boot, Spring Data JPA, PostgreSQL, Redis",mewebstudio/java-spring-boot-boilerplate,src/main/java/com/mewebstudio/javaspringbootboilerplate/controller/AccountController.java,108,145,File: src/main/java/com/mewebstudio/javaspringbootboilerplate/controller/AccountController.java | Lines 108..145,"@GetMapping(""/resend-email-verification"")
    @Operation(
        summary = ""Resend e-mail verification endpoint"",
        security = @SecurityRequirement(name = SECURITY_SCHEME_NAME),
        responses = {
            @ApiResponse(
                responseCode = ""200"",
                description = ""Successful operation"",
                content = @Content(
                    mediaType = ""application/json"",
                    schema = @Schema(implementation = SuccessResponse.class)
                )
            ),
            @ApiResponse(
                responseCode = ""400"",
                description = ""Bad request"",
                content = @Content(
                    mediaType = MediaType.APPLICATION_JSON_VALUE,
                    schema = @Schema(implementation = ErrorResponse.class)
                )
            ),
            @ApiResponse(
                responseCode = ""401"",
                description = ""Bad credentials"",
                content = @Content(
                    mediaType = MediaType.APPLICATION_JSON_VALUE,
                    schema = @Schema(implementation = ErrorResponse.class)
                )
            )
        }
    )
    public ResponseEntity<SuccessResponse> resendEmailVerificationMail() {
        userService.resendEmailVerificationMail();

        return ResponseEntity.ok(SuccessResponse.builder()
            .message(messageSourceService.get(""verification_email_sent""))
            .build());
    }",2,The code provides strong evidence of Spring Boot controller implementation with OpenAPI annotations and service delegation for a fintech backend.,,
ITEM_297,JD_JAVA_10,Fresher Backend Developer,Fresher,Hospitality & Online Travel Agency (OTA),"Java 17, Spring Boot, Spring Security, Spring Data JPA, MySQL / PostgreSQL, Redis",Snailclimb/spring-security-jwt-guide,src/main/java/github/javaguide/springsecurityjwtguide/security/service/AuthService.java,1,50,File: src/main/java/github/javaguide/springsecurityjwtguide/security/service/AuthService.java | Lines 1..50,"package github.javaguide.springsecurityjwtguide.security.service;

import github.javaguide.springsecurityjwtguide.security.common.utils.CurrentUserUtil;
import github.javaguide.springsecurityjwtguide.security.common.utils.JwtTokenUtil;
import github.javaguide.springsecurityjwtguide.security.dto.LoginRequest;
import github.javaguide.springsecurityjwtguide.security.entity.JwtUser;
import github.javaguide.springsecurityjwtguide.system.entity.User;
import github.javaguide.springsecurityjwtguide.system.exception.UserNameNotFoundException;
import github.javaguide.springsecurityjwtguide.system.service.UserService;
import lombok.RequiredArgsConstructor;
import lombok.extern.slf4j.Slf4j;
import org.springframework.beans.factory.annotation.Autowired;
import org.springframework.data.redis.core.StringRedisTemplate;
import org.springframework.security.authentication.BadCredentialsException;
import org.springframework.security.core.Authentication;
import org.springframework.security.core.GrantedAuthority;
import org.springframework.security.core.context.SecurityContextHolder;
import org.springframework.stereotype.Service;

import java.util.List;
import java.util.stream.Collectors;

/**
 * @author shuang.kou
 **/
@Service
@RequiredArgsConstructor(onConstructor = @__(@Autowired))
@Slf4j
public class AuthService {
    private final UserService userService;
    private final StringRedisTemplate stringRedisTemplate;
    private final CurrentUserUtil currentUserUtil;

    public String createToken(LoginRequest loginRequest) {
        User user = userService.find(loginRequest.getUsername());
        if (!userService.check(loginRequest.getPassword(), user.getPassword())) {
            throw new BadCredentialsException(""The user name or password is not correct."");
        }
        JwtUser jwtUser = new JwtUser(user);
        if (!jwtUser.isEnabled()) {
            throw new BadCredentialsException(""User is forbidden to login"");
        }
        List<String> authorities = jwtUser.getAuthorities()
                .stream()
                .map(GrantedAuthority::getAuthority)
                .collect(Collectors.toList());
        String token = JwtTokenUtil.createToken(user.getUserName(), user.getId().toString(), authorities, loginRequest.getRememberMe());
        stringRedisTemplate.opsForValue().set(user.getId().toString(), token);
        return token;
    }",2,The snippet demonstrates core Spring Security and Redis operations for authentication and token management within a Spring Boot application.,,
ITEM_298,JD_JAVA_02,Junior Java Developer,Intern/Fresher,Enterprise Web & HRM Systems,"Java, Spring Boot, Spring Data JPA, PostgreSQL, JUnit",Angel-Raa/spring-security-jwt-authentication-and-authorization,src/main/java/com/github/angel/raa/modules/persistence/repository/CategoryRepository.java,1,6,File: src/main/java/com/github/angel/raa/modules/persistence/repository/CategoryRepository.java | Lines 1..6,"package com.github.angel.raa.modules.persistence.repository;

import com.github.angel.raa.modules.persistence.models.Category;
import org.springframework.data.jpa.repository.JpaRepository;

public interface CategoryRepository extends JpaRepository<Category, Long> { }",1,This is a simple Spring Data JPA repository interface extending JpaRepository without additional custom business logic.,,
ITEM_299,JD_JAVA_13,Java Backend Fresher,Fresher,FoodTech & Delivery Platform,"Java, Spring Boot, Spring Security & JWT, MySQL & Spring Data JPA, RabbitMQ / Kafka",f-lab-edu/fast-shoppers,src/main/java/com/fastshoppers/entity/BaseEntity.java,1,48,File: src/main/java/com/fastshoppers/entity/BaseEntity.java | Lines 1..48,"package com.fastshoppers.entity;

import java.time.LocalDateTime;

import org.springframework.data.annotation.CreatedDate;
import org.springframework.data.annotation.LastModifiedDate;
import org.springframework.data.jpa.domain.support.AuditingEntityListener;

import com.fastshoppers.util.BooleanToCharConverter;

import jakarta.persistence.Column;
import jakarta.persistence.Convert;
import jakarta.persistence.EntityListeners;
import jakarta.persistence.GeneratedValue;
import jakarta.persistence.GenerationType;
import jakarta.persistence.Id;
import jakarta.persistence.MappedSuperclass;
import lombok.AllArgsConstructor;
import lombok.Getter;
import lombok.NoArgsConstructor;
import lombok.Setter;
import lombok.ToString;

@Getter
@Setter
@NoArgsConstructor
@AllArgsConstructor
@ToString
@EntityListeners(AuditingEntityListener.class)
@MappedSuperclass
public class BaseEntity {

	@Id
	@GeneratedValue(strategy = GenerationType.IDENTITY)
	private int id;

	@CreatedDate
	@Column(name = ""created_at"", nullable = false)
	private LocalDateTime createdAt;

	@LastModifiedDate
	@Column(name = ""updated_at"", nullable = false)
	private LocalDateTime updatedAt;

	@Column(name = ""delete_yn"", nullable = false, length = 1, columnDefinition = ""char(1)"")
	@Convert(converter = BooleanToCharConverter.class)
	private boolean deleteYn;
}",1,"The snippet shows standard JPA auditing configuration and base entity mapping, representing peripheral data persistence boilerplate.",,
ITEM_300,JD_REACT_07,Frontend Developer Intern/Fresher,Intern/Fresher,Real-Time Collaboration & Messaging,"ReactJS, TypeScript, WebSocket / Socket.io-client, Zustand / Redux Toolkit / React Context API, Tailwind CSS / SCSS",hoangtien2k3/ecommerce-microservices,auth-service/src/main/java/com/ecommerce/authservice/controller/AuthController.java,56,71,File: auth-service/src/main/java/com/ecommerce/authservice/controller/AuthController.java | Lines 56..71,"@GetMapping(""/login"")
    public ResponseEntity<Void> ssoLogin(
            @RequestParam(value = ""redirect_uri"", required = false) String redirectUri) {
        String frontendRedirect = resolveFrontendRedirect(redirectUri);
        String state = ssoSessionStore.createLoginState(frontendRedirect);
        String authorizeUrl = UriComponentsBuilder.fromUriString(keycloakProperties.authorizationEndpoint())
                .queryParam(""client_id"", keycloakProperties.getClientId())
                .queryParam(""response_type"", ""code"")
                .queryParam(""scope"", ssoProperties.getScope())
                .queryParam(""redirect_uri"", ssoProperties.getBackendCallbackUrl())
                .queryParam(""state"", state)
                .build()
                .encode()
                .toUriString();
        return ResponseEntity.status(HttpStatus.FOUND).location(URI.create(authorizeUrl)).build();
    }",0,"The code is from a Java backend SSO controller file while evaluating frontend React/TypeScript requirements, making it irrelevant.",,
ITEM_301,JD_JAVA_06,Fresher Java Backend Engineer,Fresher,Digital Healthcare & Telemedicine,"Java 11/17, Spring Boot, Spring Data JPA, PostgreSQL/MySQL",mdtalalwasim/blog-application-spring-boot-rest-api,blog-application-springboot-rest-apis/src/main/java/com/mdtalalwasim/blog/app/config/SwaggerConfig.java,14,25,File: blog-application-springboot-rest-apis/src/main/java/com/mdtalalwasim/blog/app/config/SwaggerConfig.java | Lines 14..25,"@Bean
	public OpenAPI openAPI() {
		  
		 
		return new OpenAPI()
				.info(new Info().title(""Blog Application Beckend API"")
						.description(""This is blog application project api and Developed by Md. Talal Wasim"")
						.version(""1.0"")
						.contact(new Contact().name(""Md. Talal Wasim"").email(""md.talalwasim@gmail.com"").url(""https://mdtalalwasim.github.io/""))
						.license(new License().name(""Licence""))
						).externalDocs(new ExternalDocumentation().url(""https://mdtalalwasim.github.io/"").description(""This is external url""));
	}",1,"This is a basic configuration bean for Swagger/OpenAPI setup, which is considered peripheral evidence.",,
ITEM_302,JD_REACT_07,Frontend Developer Intern/Fresher,Intern/Fresher,Real-Time Collaboration & Messaging,"ReactJS, TypeScript, WebSocket / Socket.io-client, Zustand / Redux Toolkit / React Context API, Tailwind CSS / SCSS",DevlinRocha/banter,src/components/Members.tsx,1,50,File: src/components/Members.tsx | Lines 1..50,"import { useEffect, useRef, useState, Fragment } from ""react"";
import { query, collection, onSnapshot } from ""firebase/firestore"";
import { db } from ""../../firebase"";
import tw from ""tailwind-styled-components/dist/tailwind"";
import {
  useServersState,
  setMembers,
  setMemberProfileCardOpen,
  setMemberProfileCardPosition,
  setMemberRoles,
  MemberRole,
  MemberInfo,
  RoleData,
  MemberData,
  setMemberPreview,
  RoleListData,
} from ""../features/servers"";
import { useAppDispatch } from ""../redux/hooks"";
import Image from ""next/image"";

export default function Members() {
  const { server, members, memberRoles, memberProfileCardOpen } =
    useServersState();
  const memberRef = useRef<HTMLLIElement[]>([]);
  const [assignedRoles, setAssignedRoles] = useState<RoleListData[]>([]);
  const [unassignedRoles, setUnassignedRoles] = useState<MemberData[]>([]);
  const dispatch = useAppDispatch();

  useEffect(() => {
    if (!server.serverID) return;

    const q = query(collection(db, ""servers"", server.serverID, ""members""));

    const unsubscribe = onSnapshot(q, (querySnapshot) => {
      const memberRolesList: MemberRole[] = [];

      querySnapshot.forEach((doc) => {
        const docData = doc.data();

        const memberRoles: MemberRole = {
          userID: doc.id,

          serverOwner: docData.serverOwner,

          roles: docData.roles,

          // permissions: docData.permissions,
        };

        memberRolesList.push(memberRoles);",2,"The component provides strong evidence of React, TypeScript, custom hooks, and state management using Firebase and Redux.",,
ITEM_303,JD_REACT_01,Frontend Developer Fresher (ReactJS / TypeScript),Fresher,E-Commerce Storefront & Order Management,"ReactJS, TypeScript, Redux Toolkit, Tailwind CSS, Git",devdcores/BookStoreApp-Distributed-Application,bookstore-account-service/src/main/java/com/devd/spring/bookstoreaccountservice/config/AuthForwardInterceptor.java,23,28,File: bookstore-account-service/src/main/java/com/devd/spring/bookstoreaccountservice/config/AuthForwardInterceptor.java | Lines 23..28,"@Override
  public void apply(RequestTemplate template) {
    HttpServletRequest request = ((ServletRequestAttributes) Objects
        .requireNonNull(RequestContextHolder.getRequestAttributes())).getRequest();
    template.header(HttpHeaders.AUTHORIZATION, request.getHeader(HttpHeaders.AUTHORIZATION));
  }",0,The code is a Java interceptor class while the job requirement is for a React/TypeScript frontend developer position.,,
ITEM_304,JD_JAVA_03,Java Backend Fresher,Fresher,Fintech & Payment Gateway,"Java, Spring Boot, Spring Data JPA, PostgreSQL, Redis",mewebstudio/java-spring-boot-boilerplate,src/main/java/com/mewebstudio/javaspringbootboilerplate/controller/AccountController.java,66,106,File: src/main/java/com/mewebstudio/javaspringbootboilerplate/controller/AccountController.java | Lines 66..106,"@PostMapping(""/password"")
    @Operation(
        summary = ""Password update endpoint"",
        security = @SecurityRequirement(name = SECURITY_SCHEME_NAME),
        responses = {
            @ApiResponse(
                responseCode = ""200"",
                description = ""Successful operation"",
                content = @Content(
                    mediaType = ""application/json"",
                    schema = @Schema(implementation = SuccessResponse.class)
                )
            ),
            @ApiResponse(
                responseCode = ""401"",
                description = ""Bad credentials"",
                content = @Content(
                    mediaType = MediaType.APPLICATION_JSON_VALUE,
                    schema = @Schema(implementation = ErrorResponse.class)
                )
            ),
            @ApiResponse(
                responseCode = ""422"",
                description = ""Validation failed"",
                content = @Content(
                    mediaType = MediaType.APPLICATION_JSON_VALUE,
                    schema = @Schema(implementation = DetailedErrorResponse.class)
                )
            )
        }
    )
    public ResponseEntity<SuccessResponse> password(
        @Parameter(description = ""Request body to update password"", required = true)
        @RequestBody @Valid UpdatePasswordRequest request
    ) throws BindException {
        userService.updatePassword(request);

        return ResponseEntity.ok(SuccessResponse.builder()
            .message(messageSourceService.get(""your_password_updated""))
            .build());
    }",2,The code snippet demonstrates a robust Spring Boot REST controller method with DTO validation (@Valid) and service delegation.,,
ITEM_305,JD_JAVA_10,Fresher Backend Developer,Fresher,Hospitality & Online Travel Agency (OTA),"Java 17, Spring Boot, Spring Security, Spring Data JPA, MySQL / PostgreSQL, Redis",mdtalalwasim/blog-application-spring-boot-rest-api,blog-application-springboot-rest-apis/src/main/java/com/mdtalalwasim/blog/app/controller/UserRestController.java,1,50,File: blog-application-springboot-rest-apis/src/main/java/com/mdtalalwasim/blog/app/controller/UserRestController.java | Lines 1..50,"package com.mdtalalwasim.blog.app.controller;

import java.util.List;
import java.util.Map;

import org.springframework.beans.factory.annotation.Autowired;
import org.springframework.http.HttpStatus;
import org.springframework.http.ResponseEntity;
import org.springframework.security.access.prepost.PreAuthorize;
import org.springframework.web.bind.annotation.DeleteMapping;
import org.springframework.web.bind.annotation.GetMapping;
import org.springframework.web.bind.annotation.PathVariable;
import org.springframework.web.bind.annotation.PostMapping;
import org.springframework.web.bind.annotation.PutMapping;
import org.springframework.web.bind.annotation.RequestBody;
import org.springframework.web.bind.annotation.RequestMapping;
import org.springframework.web.bind.annotation.RestController;

import com.mdtalalwasim.blog.app.payloads.ApiResponse;
import com.mdtalalwasim.blog.app.payloads.UserDto;
import com.mdtalalwasim.blog.app.services.UserService;

import jakarta.validation.Valid;

@RestController
@RequestMapping(""/api/users"")
public class UserRestController {
	
	@Autowired
	private UserService userService;
	
	
	//create user
	@PostMapping(""/"")
	public ResponseEntity<UserDto> createUser(@Valid @RequestBody UserDto userDto){
		UserDto createdUserDto = this.userService.createUser(userDto);
		return new ResponseEntity<>(createdUserDto,HttpStatus.CREATED);
		
	}
	
	//update user
	@PutMapping(""/{userId}"")
	public ResponseEntity<UserDto> updateUser(@Valid @RequestBody UserDto userDto, @PathVariable Integer userId){
		UserDto updatedUser = this.userService.updateUser(userDto, userId);
		//return new ResponseEntity<UserDto>(updatedUser,HttpStatus.OK);//or
		return  ResponseEntity.ok(updatedUser);
	}
	
	//to make access for only ADMIN ROLE.  
	//Admin can delete only",2,"The snippet shows a Spring Boot REST controller utilizing @RestController, request mappings, and DTO validation, satisfying Spring Boot competencies.",,
ITEM_306,JD_REACT_07,Frontend Developer Intern/Fresher,Intern/Fresher,Real-Time Collaboration & Messaging,"ReactJS, TypeScript, WebSocket / Socket.io-client, Zustand / Redux Toolkit / React Context API, Tailwind CSS / SCSS",mdtalalwasim/blog-application-spring-boot-rest-api,blog-application-springboot-rest-apis/src/main/java/com/mdtalalwasim/blog/app/config/SwaggerConfig.java,1,27,File: blog-application-springboot-rest-apis/src/main/java/com/mdtalalwasim/blog/app/config/SwaggerConfig.java | Lines 1..27," package com.mdtalalwasim.blog.app.config;

import org.springframework.context.annotation.Bean;
import org.springframework.context.annotation.Configuration;

import io.swagger.v3.oas.models.ExternalDocumentation;
import io.swagger.v3.oas.models.OpenAPI;
import io.swagger.v3.oas.models.info.Contact;
import io.swagger.v3.oas.models.info.Info;
import io.swagger.v3.oas.models.info.License;
@Configuration
public class SwaggerConfig {
	
	@Bean
	public OpenAPI openAPI() {
		  
		 
		return new OpenAPI()
				.info(new Info().title(""Blog Application Beckend API"")
						.description(""This is blog application project api and Developed by Md. Talal Wasim"")
						.version(""1.0"")
						.contact(new Contact().name(""Md. Talal Wasim"").email(""md.talalwasim@gmail.com"").url(""https://mdtalalwasim.github.io/""))
						.license(new License().name(""Licence""))
						).externalDocs(new ExternalDocumentation().url(""https://mdtalalwasim.github.io/"").description(""This is external url""));
	}

}",1,"The code snippet provides a basic Swagger/OpenAPI configuration bean, which serves as peripheral evidence of Spring Boot setup but lacks direct evidence of the frontend competencies required by the JD.",,
ITEM_307,JD_JAVA_08,Junior Java Software Engineer,Junior,Logistics & Fleet Management,"Java 17, Spring Boot, Spring Data JPA, MySQL/PostgreSQL, MapStruct, Bean Validation",Rapter1990/parkinglot,src/main/java/com/project/parkinglot/config/OpenApiConfig.java,1,35,File: src/main/java/com/project/parkinglot/config/OpenApiConfig.java | Lines 1..35,"package com.project.parkinglot.config;

import io.swagger.v3.oas.annotations.OpenAPIDefinition;
import io.swagger.v3.oas.annotations.enums.SecuritySchemeIn;
import io.swagger.v3.oas.annotations.enums.SecuritySchemeType;
import io.swagger.v3.oas.annotations.info.Contact;
import io.swagger.v3.oas.annotations.info.Info;
import io.swagger.v3.oas.annotations.security.SecurityScheme;

/**
 * Configuration class named {@link OpenApiConfig} for OpenAPI documentation.
 */
@OpenAPIDefinition(
        info = @Info(
                contact = @Contact(
                        name = ""Sercan Noyan Germiyanoğlu | Mehmet Şeymus Yüzen | Harun Yusuf Ekşioğlu | Muhammet Oğuzhan Aydoğan"",
                        url = ""https://github.com/Rapter1990/parkinglot/""
                ),
                description = ""Case Study - Parking Lot "" +
                        ""(Spring Boot, Spring Security , Mysql, JUnit, Integration Test, Docker, Test Container, AOP, Prometheus, Grafana) "",
                title = ""Parking Lot App API"",
                version = ""1.0.0""
        )
)
@SecurityScheme(
        name = ""bearerAuth"",
        description = ""JWT Token"",
        scheme = ""bearer"",
        type = SecuritySchemeType.HTTP,
        bearerFormat = ""JWT"",
        in = SecuritySchemeIn.HEADER
)
public class OpenApiConfig {

}",1,"The code contains standard OpenAPI annotations and security schema metadata for documentation setup, representing peripheral configuration rather than core business logic or domain services.",,
ITEM_308,JD_REACT_06,Junior ReactJS Developer,Junior,Productivity & Collaborative Kanban System,"ReactJS, TypeScript, Redux Toolkit / Zustand, React Hook Form & Zod/Yup, Tailwind CSS / CSS-in-JS",JordanKnott/taskcafe,frontend/src/shared/components/Admin/index.tsx,1,50,File: frontend/src/shared/components/Admin/index.tsx | Lines 1..50,"import React, { useState, useRef } from 'react';
import styled, { css } from 'styled-components';
import TaskAssignee from 'shared/components/TaskAssignee';
import Select from 'shared/components/Select';
import { User, UserPlus, Checkmark } from 'shared/icons';
import { usePopup, Popup } from 'shared/components/PopupMenu';
import { RoleCode, useUpdateUserRoleMutation } from 'shared/generated/graphql';
import Input from 'shared/components/Input';
import Button from 'shared/components/Button';
import NOOP from 'shared/utils/noop';
import { mixin } from 'shared/utils/styles';

const UserSelect = styled(Select)`
  margin: 8px 0;
  padding: 8px 0;
`;

const NewUserPassInput = styled(Input)`
  margin: 8px 0;
`;

const InviteMemberButton = styled(Button)`
  padding: 7px 12px;
`;

const UserPassBar = styled.div`
  display: flex;
  padding-top: 8px;
`;

const UserPassConfirmButton = styled(Button)`
  width: 100%;
  padding: 7px 12px;
`;

const UserPassButton = styled(Button)`
  width: 50%;
  padding: 7px 12px;
  & ~ & {
    margin-left: 6px;
  }
`;

const MemberItemOptions = styled.div``;

const MemberItemOption = styled(Button)`
  padding: 7px 9px;
  margin: 4px 0 4px 8px;
  float: left;
  min-width: 95px;",0,"The code snippet is cut within a 50-line window containing only styled-components definitions and imports without any component logic, state handling, or functional code.",,
ITEM_309,JD_REACT_05,Next.js & TypeScript Frontend Developer,Fresher / Junior,High-Performance Web & Digital Commerce,"ReactJS, TypeScript, Next.js, Tailwind CSS, RESTful API / GraphQL",RishiBakshii/mern-chat-app,next-js-frontend/src/app/auth/forgot-password/page.tsx,40,54,File: next-js-frontend/src/app/auth/forgot-password/page.tsx | Lines 40..54,"const page = () => {
  return (
    <div className=""flex flex-col gap-y-6"">
      <div className=""flex flex-col gap-y-3"">
        <h3 className=""text-4xl text-fluid-h3 font-bold"">Let us help you</h3>
        <p className=""text-lg text-fluid-p"">
          You&apos;ll receive a password reset link if your email is registered
          with us
        </p>
      </div>
      <ForgotPasswordForm />
      <AuthRedirectLink pageName=""Login"" text=""Go back?"" to=""auth/login"" />
    </div>
  );
};",1,"The snippet shows a basic functional React component rendering Tailwind CSS layout classes and child components, offering mild peripheral evidence for frontend development.",,
ITEM_310,JD_REACT_01,Frontend Developer Fresher (ReactJS / TypeScript),Fresher,E-Commerce Storefront & Order Management,"ReactJS, TypeScript, Redux Toolkit, Tailwind CSS, Git",Blazity/next-enterprise,components/Button/Button.test.tsx,1,32,File: components/Button/Button.test.tsx | Lines 1..32,"import { render, screen } from ""@testing-library/react""
import { describe, expect, it } from ""vitest""
import { Button } from ""./Button""

describe(""Button"", () => {
  it(""renders with children"", () => {
    render(<Button href=""/test"">Click me</Button>)
    expect(screen.getByText(""Click me"")).toBeInTheDocument()
  })

  it(""applies correct intent classes"", () => {
    const { container } = render(
      <Button href=""/test"" intent=""secondary"">
        Secondary
      </Button>
    )
    const link = container.querySelector(""a"")
    expect(link).toHaveClass(""bg-transparent"")
    expect(link).toHaveClass(""text-blue-400"")
  })

  it(""applies correct size classes"", () => {
    const { container } = render(
      <Button href=""/test"" size=""sm"">
        Small
      </Button>
    )
    const link = container.querySelector(""a"")
    expect(link).toHaveClass(""text-sm"")
    expect(link).toHaveClass(""min-w-20"")
  })
})",1,"The file contains unit testing code using testing-library and vitest for a button component, which is relevant to quality assurance but provides only peripheral evidence of direct frontend feature implementation.",,
ITEM_311,JD_JAVA_03,Java Backend Fresher,Fresher,Fintech & Payment Gateway,"Java, Spring Boot, Spring Data JPA, PostgreSQL, Redis",mewebstudio/java-spring-boot-boilerplate,src/main/java/com/mewebstudio/javaspringbootboilerplate/controller/AccountController.java,1,50,File: src/main/java/com/mewebstudio/javaspringbootboilerplate/controller/AccountController.java | Lines 1..50,"package com.mewebstudio.javaspringbootboilerplate.controller;

import com.mewebstudio.javaspringbootboilerplate.dto.request.user.UpdatePasswordRequest;
import com.mewebstudio.javaspringbootboilerplate.dto.response.DetailedErrorResponse;
import com.mewebstudio.javaspringbootboilerplate.dto.response.ErrorResponse;
import com.mewebstudio.javaspringbootboilerplate.dto.response.SuccessResponse;
import com.mewebstudio.javaspringbootboilerplate.dto.response.user.UserResponse;
import com.mewebstudio.javaspringbootboilerplate.service.MessageSourceService;
import com.mewebstudio.javaspringbootboilerplate.service.UserService;
import io.swagger.v3.oas.annotations.Operation;
import io.swagger.v3.oas.annotations.Parameter;
import io.swagger.v3.oas.annotations.media.Content;
import io.swagger.v3.oas.annotations.media.Schema;
import io.swagger.v3.oas.annotations.responses.ApiResponse;
import io.swagger.v3.oas.annotations.security.SecurityRequirement;
import io.swagger.v3.oas.annotations.tags.Tag;
import jakarta.validation.Valid;
import lombok.RequiredArgsConstructor;
import org.springframework.http.MediaType;
import org.springframework.http.ResponseEntity;
import org.springframework.validation.BindException;
import org.springframework.web.bind.annotation.GetMapping;
import org.springframework.web.bind.annotation.PostMapping;
import org.springframework.web.bind.annotation.RequestBody;
import org.springframework.web.bind.annotation.RequestMapping;
import org.springframework.web.bind.annotation.RestController;

import static com.mewebstudio.javaspringbootboilerplate.util.Constants.SECURITY_SCHEME_NAME;

@RestController
@RequiredArgsConstructor
@RequestMapping(""/account"")
@Tag(name = ""002. Account"", description = ""Account API"")
public class AccountController extends AbstractBaseController {
    private final UserService userService;

    private final MessageSourceService messageSourceService;

    @GetMapping(""/me"")
    @Operation(
        summary = ""Me endpoint"",
        security = @SecurityRequirement(name = SECURITY_SCHEME_NAME),
        responses = {
            @ApiResponse(
                responseCode = ""200"",
                description = ""Successful operation"",
                content = @Content(
                    mediaType = ""application/json"",
                    schema = @Schema(implementation = UserResponse.class)
                )",1,"The snippet displays a standard Spring REST controller class header and annotations with an incomplete method due to line cutoff, providing only basic peripheral evidence of Spring Boot controller design.",,
ITEM_312,JD_REACT_09,Frontend Web Developer,Intern / Fresher,Service Discovery & Booking Platform,"ReactJS, TypeScript, React Router, Axios",devdcores/BookStoreApp-Distributed-Application,bookstore-account-service/src/main/java/com/devd/spring/bookstoreaccountservice/config/AuthForwardInterceptor.java,23,28,File: bookstore-account-service/src/main/java/com/devd/spring/bookstoreaccountservice/config/AuthForwardInterceptor.java | Lines 23..28,"@Override
  public void apply(RequestTemplate template) {
    HttpServletRequest request = ((ServletRequestAttributes) Objects
        .requireNonNull(RequestContextHolder.getRequestAttributes())).getRequest();
    template.header(HttpHeaders.AUTHORIZATION, request.getHeader(HttpHeaders.AUTHORIZATION));
  }",0,"The code snippet is written in Java (AuthForwardInterceptor) and targets a Spring backend, which is completely unrelated to the frontend ReactJS and TypeScript requirements of the JD.",,
ITEM_313,JD_JAVA_12,Junior Java Developer,Junior,Enterprise Software & Financial Services,"Java 17, Spring Boot, JUnit 5 & Mockito, PostgreSQL/MySQL",mewebstudio/java-spring-boot-boilerplate,src/main/java/com/mewebstudio/javaspringbootboilerplate/controller/AccountController.java,1,50,File: src/main/java/com/mewebstudio/javaspringbootboilerplate/controller/AccountController.java | Lines 1..50,"package com.mewebstudio.javaspringbootboilerplate.controller;

import com.mewebstudio.javaspringbootboilerplate.dto.request.user.UpdatePasswordRequest;
import com.mewebstudio.javaspringbootboilerplate.dto.response.DetailedErrorResponse;
import com.mewebstudio.javaspringbootboilerplate.dto.response.ErrorResponse;
import com.mewebstudio.javaspringbootboilerplate.dto.response.SuccessResponse;
import com.mewebstudio.javaspringbootboilerplate.dto.response.user.UserResponse;
import com.mewebstudio.javaspringbootboilerplate.service.MessageSourceService;
import com.mewebstudio.javaspringbootboilerplate.service.UserService;
import io.swagger.v3.oas.annotations.Operation;
import io.swagger.v3.oas.annotations.Parameter;
import io.swagger.v3.oas.annotations.media.Content;
import io.swagger.v3.oas.annotations.media.Schema;
import io.swagger.v3.oas.annotations.responses.ApiResponse;
import io.swagger.v3.oas.annotations.security.SecurityRequirement;
import io.swagger.v3.oas.annotations.tags.Tag;
import jakarta.validation.Valid;
import lombok.RequiredArgsConstructor;
import org.springframework.http.MediaType;
import org.springframework.http.ResponseEntity;
import org.springframework.validation.BindException;
import org.springframework.web.bind.annotation.GetMapping;
import org.springframework.web.bind.annotation.PostMapping;
import org.springframework.web.bind.annotation.RequestBody;
import org.springframework.web.bind.annotation.RequestMapping;
import org.springframework.web.bind.annotation.RestController;

import static com.mewebstudio.javaspringbootboilerplate.util.Constants.SECURITY_SCHEME_NAME;

@RestController
@RequiredArgsConstructor
@RequestMapping(""/account"")
@Tag(name = ""002. Account"", description = ""Account API"")
public class AccountController extends AbstractBaseController {
    private final UserService userService;

    private final MessageSourceService messageSourceService;

    @GetMapping(""/me"")
    @Operation(
        summary = ""Me endpoint"",
        security = @SecurityRequirement(name = SECURITY_SCHEME_NAME),
        responses = {
            @ApiResponse(
                responseCode = ""200"",
                description = ""Successful operation"",
                content = @Content(
                    mediaType = ""application/json"",
                    schema = @Schema(implementation = UserResponse.class)
                )",1,"The snippet shows a Spring Boot controller class header and partial endpoint mapping cut off at line 50, providing peripheral structural evidence without full method implementations or tests.",,
ITEM_314,JD_JAVA_05,Backend Developer (Java/Spring Boot),Fresher,EdTech & Learning Management Systems (LMS),"Java Core, Spring Boot, Spring Security, Spring Data JPA, MySQL",f-lab-edu/fast-shoppers,src/main/java/com/fastshoppers/entity/Product.java,1,50,File: src/main/java/com/fastshoppers/entity/Product.java | Lines 1..50,"package com.fastshoppers.entity;

import java.math.BigDecimal;

import org.springframework.data.jpa.domain.support.AuditingEntityListener;

import jakarta.persistence.AttributeOverride;
import jakarta.persistence.Column;
import jakarta.persistence.Entity;
import jakarta.persistence.EntityListeners;
import jakarta.persistence.FetchType;
import jakarta.persistence.JoinColumn;
import jakarta.persistence.ManyToOne;
import jakarta.persistence.Table;
import lombok.AllArgsConstructor;
import lombok.Getter;
import lombok.NoArgsConstructor;
import lombok.Setter;
import lombok.ToString;

@Entity
@AttributeOverride(name = ""id"", column = @Column(name = ""product_id"", nullable = false))
@Table(name = ""product"")
@Getter
@Setter
@NoArgsConstructor
@AllArgsConstructor
@EntityListeners(AuditingEntityListener.class)
@ToString
public class Product extends BaseEntity {

	@Column(name = ""product_uuid"", nullable = false, unique = true)
	private String productUuid;

	@ManyToOne(fetch = FetchType.LAZY)
	@JoinColumn(name = ""category_id"", nullable = false)
	private Category category;

	@Column(name = ""product_name"", length = 255, nullable = false)
	private String productName;

	@Column(name = ""product_subtitle"", length = 255)
	private String productSubtitle;

	@Column(name = ""list_price"", nullable = false)
	private BigDecimal listPrice;

	@Column(name = ""selling_price"", nullable = false)
	private BigDecimal sellingPrice;
",1,"The code defines a standard JPA entity with basic annotations and auditing listeners, representing basic boilerplate data modeling rather than comprehensive backend business logic.",,
ITEM_315,JD_REACT_06,Junior ReactJS Developer,Junior,Productivity & Collaborative Kanban System,"ReactJS, TypeScript, Redux Toolkit / Zustand, React Hook Form & Zod/Yup, Tailwind CSS / CSS-in-JS",robbins23/admin-dashboard-nextjs-typescript-daisyui-template,src/components/typography/error-text.tsx,1,14,File: src/components/typography/error-text.tsx | Lines 1..14,"import React, { ReactNode } from 'react';

interface ErrorTextProps {
  styleClass?: string;
  children: ReactNode;
}

function ErrorText({ styleClass, children }: ErrorTextProps): JSX.Element {
  return (
    <p className={`text-center text-error ${styleClass || ''}`}>{children}</p>
  );
}

export default ErrorText;",1,"The snippet is a simple presentational React component with TypeScript typing rendering basic JSX, lacking advanced state management, form validation, or custom hooks required for a higher relevance score.",,
ITEM_316,JD_JAVA_02,Junior Java Developer,Intern/Fresher,Enterprise Web & HRM Systems,"Java, Spring Boot, Spring Data JPA, PostgreSQL, JUnit",mdtalalwasim/blog-application-spring-boot-rest-api,blog-application-springboot-rest-apis/src/main/java/com/mdtalalwasim/blog/app/BlogApplicationSpringbootRestApisApplication.java,46,76,File: blog-application-springboot-rest-apis/src/main/java/com/mdtalalwasim/blog/app/BlogApplicationSpringbootRestApisApplication.java | Lines 46..76,"@Override
	public void run(String... args) throws Exception {
		System.out.println(this.passwordEncoder.encode(""123456""));
		System.out.println(this.passwordEncoder.encode(""selim""));
		
		
		try {
			
			//create 2 Role, When Application run 1st time. if role is created before then it will not created again.
			Role role = new Role();
			role.setId(ApplicationConstants.ADMIN_USER_ID_HARDCODED_ID_VALUE);//role.setId(7001);
			role.setName(""ADMIN_USER"");
			
			Role role2 = new Role();
			role2.setId(ApplicationConstants.NORMAL_USER_ID_HARDCODED_ID_VALUE);//role.setId(7001);
			role2.setName(""NORMAL_USER"");
			
			List<Role> roles = List.of(role,role2);
			
			List<Role> rolesResult	 = this.roleRepository.saveAll(roles);
			
			//only systout for personal check.
			rolesResult.forEach(r->{
				System.out.println(r.getName());  
			});
			
			
		} catch (Exception e) {
			
		}
	}",2,The code provides strong evidence of Spring Boot and Spring Data JPA usage via CommandLineRunner bean initialization and roleRepository.saveAll persistence logic.,,
ITEM_317,JD_REACT_05,Next.js & TypeScript Frontend Developer,Fresher / Junior,High-Performance Web & Digital Commerce,"ReactJS, TypeScript, Next.js, Tailwind CSS, RESTful API / GraphQL",vercel/commerce,components/welcome-toast.tsx,6,36,File: components/welcome-toast.tsx | Lines 6..36,"export function WelcomeToast() {
  useEffect(() => {
    // ignore if screen height is too small
    if (window.innerHeight < 650) return;
    if (!document.cookie.includes(""welcome-toast=2"")) {
      toast(""🛍️ Welcome to Next.js Commerce!"", {
        id: ""welcome-toast"",
        duration: Infinity,
        onDismiss: () => {
          document.cookie = ""welcome-toast=2; max-age=31536000; path=/"";
        },
        description: (
          <>
            This is a high-performance, SSR storefront powered by Shopify,
            Next.js, and Vercel.{"" ""}
            <a
              href=""https://vercel.com/templates/next.js/nextjs-commerce""
              className=""text-blue-600 hover:underline""
              target=""_blank""
            >
              Deploy your own
            </a>
            .
          </>
        ),
      });
    }
  }, []);

  return null;
}",0,"This component represents trivial UI boilerplate rendering a simple welcome toast wrapper, offering no significant evidence of complex Next.js/React development skills.",,
ITEM_318,JD_JAVA_02,Junior Java Developer,Intern/Fresher,Enterprise Web & HRM Systems,"Java, Spring Boot, Spring Data JPA, PostgreSQL, JUnit",Rapter1990/parkinglot,src/main/java/com/project/parkinglot/logging/repository/LogRepository.java,1,10,File: src/main/java/com/project/parkinglot/logging/repository/LogRepository.java | Lines 1..10,"package com.project.parkinglot.logging.repository;

import com.project.parkinglot.logging.entity.LogEntity;
import org.springframework.data.jpa.repository.JpaRepository;

/**
 * Repository interface named {@link LogRepository} for managing log entity persistence.
 */
public interface LogRepository extends JpaRepository<LogEntity, Long> {
}",1,"This is a basic Spring Data JPA repository interface extension (JpaRepository) with standard boilerplate, showing peripheral evidence of Spring Data JPA usage.",,
ITEM_319,JD_REACT_08,React TypeScript Fresher,Fresher,Personal Finance & Digital Banking Portal,"ReactJS, TypeScript, React Hook Form, Zod / Yup, Authentication & Axios Interceptors, Material UI / Ant Design / Shadcn UI / Tailwind CSS",robbins23/admin-dashboard-nextjs-typescript-daisyui-template,src/components/input/text-area.tsx,1,44,File: src/components/input/text-area.tsx | Lines 1..44,"import React, { useState } from 'react';

interface TextAreaProps {
  labelTitle: string;
  labelStyle?: string;
  containerStyle?: string;
  defaultValue?: string;
  placeholder?: string;
  updateFormValue: (updateType: string, value: string) => void;
  updateType: string;
}

function TextArea({
  labelTitle,
  labelStyle,
  containerStyle,
  defaultValue,
  placeholder,
  updateFormValue,
  updateType,
}: TextAreaProps): JSX.Element {
  const [value, setValue] = useState<string>(defaultValue || '');

  const updateTextAreaValue = (val: string): void => {
    setValue(val);
    updateFormValue(updateType, val);
  };

  return (
    <div className={`form-control w-full ${containerStyle}`}>
      <label className=""label"">
        <span className={'label-text text-xs text-base-content ' + (labelStyle || '')}>{labelTitle}</span>
      </label>
      <textarea
        value={value}
        placeholder={placeholder || ''}
        onChange={(e) => updateTextAreaValue(e.target.value)}
        className=""textarea textarea-bordered w-full""
      />
    </div>
  );
}

export default TextArea;",2,"The snippet shows a well-typed React TypeScript component with custom form state handling and callback delegation, matching junior frontend competencies.",,
ITEM_320,JD_JAVA_09,Java Backend Intern,Intern,Digital Library & Bookstore API,"Java Core, Spring Boot, Spring Data JPA, MySQL/PostgreSQL",devdcores/BookStoreApp-Distributed-Application,bookstore-account-service/src/main/java/com/devd/spring/bookstoreaccountservice/config/AuthForwardInterceptor.java,1,29,File: bookstore-account-service/src/main/java/com/devd/spring/bookstoreaccountservice/config/AuthForwardInterceptor.java | Lines 1..29,"package com.devd.spring.bookstoreaccountservice.config;

import feign.RequestInterceptor;
import feign.RequestTemplate;
import java.util.Objects;
import javax.servlet.http.HttpServletRequest;
import org.springframework.http.HttpHeaders;
import org.springframework.stereotype.Component;
import org.springframework.web.context.request.RequestContextHolder;
import org.springframework.web.context.request.ServletRequestAttributes;

/**
 * @author: Devaraj Reddy, Date : 2019-07-02
 */

/*
This is required for Feign clients to make request to services.
It takes the token from header and set the header in the feign request header.
 */
@Component
public class AuthForwardInterceptor implements RequestInterceptor {

  @Override
  public void apply(RequestTemplate template) {
    HttpServletRequest request = ((ServletRequestAttributes) Objects
        .requireNonNull(RequestContextHolder.getRequestAttributes())).getRequest();
    template.header(HttpHeaders.AUTHORIZATION, request.getHeader(HttpHeaders.AUTHORIZATION));
  }
}",1,"The code provides peripheral evidence of Spring configuration and Feign request interceptor implementation, but lacks comprehensive core business logic.",,
ITEM_321,JD_JAVA_11,Java Backend Developer,Fresher / Junior,Social Network & Technical Blogging Platform,"Java 17, Spring Boot 3, Spring Security 6, Spring Data JPA / Hibernate, PostgreSQL, Git",huseynovvusal/spring-blog-api,src/main/java/com/huseynovvusal/springblogapi/config/SecurityConfig.java,49,71,File: src/main/java/com/huseynovvusal/springblogapi/config/SecurityConfig.java | Lines 49..71,"@Bean
  public SecurityFilterChain securityFilterChain(HttpSecurity http) throws Exception {
    LOGGER.info(""Initializing SecurityFilterChain configuration"");

    return http.csrf(AbstractHttpConfigurer::disable)
        .authorizeHttpRequests(
            req ->
                req.requestMatchers(""/auth/**"")
                    .permitAll()
                    .requestMatchers(""/swagger-ui/**"", ""/api-docs/**"")
                    .permitAll()
                    .requestMatchers(""/admin/**"")
                    .hasRole(""ADMIN"")
                    .anyRequest()
                    .authenticated())
        .userDetailsService(userDetailsService)
        .sessionManagement(
            session -> session.sessionCreationPolicy(SessionCreationPolicy.STATELESS))
        .addFilterBefore(jwtAuthenticationFilter, UsernamePasswordAuthenticationFilter.class)
        .addFilterAfter(blockedUserFilter, JwtAuthenticationFilter.class)
        .addFilterAfter(databaseHealthFilter, BlockedUserFilter.class)
        .build();
  }",2,"The snippet directly implements an in-depth Spring Security 6 SecurityFilterChain bean with lambda DSL, role-based authorization, and custom JWT filters.",,
ITEM_322,JD_JAVA_14,Backend Engineer (Java / Spring Boot),Intern/Fresher,HRTech & Recruitment Job Portal,"Java Core, Spring Boot, Spring Data JPA, Spring Security & JWT, PostgreSQL / MySQL",huseynovvusal/spring-blog-api,src/main/java/com/huseynovvusal/springblogapi/config/SecurityConfig.java,1,50,File: src/main/java/com/huseynovvusal/springblogapi/config/SecurityConfig.java | Lines 1..50,"package com.huseynovvusal.springblogapi.config;

import com.huseynovvusal.springblogapi.filter.BlockedUserFilter;
import com.huseynovvusal.springblogapi.filter.DatabaseHealthFilter;
import com.huseynovvusal.springblogapi.filter.JwtAuthenticationFilter;
import com.huseynovvusal.springblogapi.service.UserDetailsServiceImpl;
import lombok.RequiredArgsConstructor;
import org.slf4j.Logger;
import org.slf4j.LoggerFactory;
import org.springframework.boot.web.servlet.FilterRegistrationBean;
import org.springframework.context.annotation.Bean;
import org.springframework.context.annotation.Configuration;
import org.springframework.security.authentication.AuthenticationManager;
import org.springframework.security.config.annotation.authentication.configuration.AuthenticationConfiguration;
import org.springframework.security.config.annotation.web.builders.HttpSecurity;
import org.springframework.security.config.annotation.web.configuration.EnableWebSecurity;
import org.springframework.security.config.annotation.web.configurers.AbstractHttpConfigurer;
import org.springframework.security.config.http.SessionCreationPolicy;
import org.springframework.security.crypto.bcrypt.BCryptPasswordEncoder;
import org.springframework.security.crypto.password.PasswordEncoder;
import org.springframework.security.web.SecurityFilterChain;
import org.springframework.security.web.authentication.UsernamePasswordAuthenticationFilter;

/**
 * Security configuration class for setting up Spring Security. Configures JWT authentication,
 * stateless session management, and endpoint access rules.
 */
@Configuration
@EnableWebSecurity
@RequiredArgsConstructor
public class SecurityConfig {

  private static final Logger LOGGER = LoggerFactory.getLogger(SecurityConfig.class);

  private final UserDetailsServiceImpl userDetailsService;
  private final JwtAuthenticationFilter jwtAuthenticationFilter;
  private final BlockedUserFilter blockedUserFilter;
  private final DatabaseHealthFilter databaseHealthFilter;

  /**
   * Configures the security filter chain for HTTP requests. - Disables CSRF - Permits
   * unauthenticated access to /auth/** endpoints - Requires authentication for all other endpoints
   * - Adds JWT authentication filter before UsernamePasswordAuthenticationFilter
   *
   * @param http the HttpSecurity object to configure
   * @return the configured SecurityFilterChain
   * @throws Exception if configuration fails
   */
  @Bean
  public SecurityFilterChain securityFilterChain(HttpSecurity http) throws Exception {",2,"Although cut off at the method signature, the visible class-level annotations, dependency injections, and context setup provide strong evidence of advanced Spring Security and Spring Boot configuration.",,
ITEM_323,JD_REACT_06,Junior ReactJS Developer,Junior,Productivity & Collaborative Kanban System,"ReactJS, TypeScript, Redux Toolkit / Zustand, React Hook Form & Zod/Yup, Tailwind CSS / CSS-in-JS",sylvaincodes/youtube_ecommerce,components/modules/custom/Container.tsx,1,11,File: components/modules/custom/Container.tsx | Lines 1..11,"import React from ""react"";

export default function Container({
  children,
  className,
}: {
  children: React.ReactNode;
  className?: string;
}) {
  return <div className={`container h-full w-full ${className}`}>{children}</div>;
}",0,"This is a trivial wrapper component with standard container props and zero business logic, qualifying as boilerplate.",,
ITEM_324,JD_JAVA_02,Junior Java Developer,Intern/Fresher,Enterprise Web & HRM Systems,"Java, Spring Boot, Spring Data JPA, PostgreSQL, JUnit",f-lab-edu/fast-shoppers,src/main/java/com/fastshoppers/entity/BaseEntity.java,1,48,File: src/main/java/com/fastshoppers/entity/BaseEntity.java | Lines 1..48,"package com.fastshoppers.entity;

import java.time.LocalDateTime;

import org.springframework.data.annotation.CreatedDate;
import org.springframework.data.annotation.LastModifiedDate;
import org.springframework.data.jpa.domain.support.AuditingEntityListener;

import com.fastshoppers.util.BooleanToCharConverter;

import jakarta.persistence.Column;
import jakarta.persistence.Convert;
import jakarta.persistence.EntityListeners;
import jakarta.persistence.GeneratedValue;
import jakarta.persistence.GenerationType;
import jakarta.persistence.Id;
import jakarta.persistence.MappedSuperclass;
import lombok.AllArgsConstructor;
import lombok.Getter;
import lombok.NoArgsConstructor;
import lombok.Setter;
import lombok.ToString;

@Getter
@Setter
@NoArgsConstructor
@AllArgsConstructor
@ToString
@EntityListeners(AuditingEntityListener.class)
@MappedSuperclass
public class BaseEntity {

	@Id
	@GeneratedValue(strategy = GenerationType.IDENTITY)
	private int id;

	@CreatedDate
	@Column(name = ""created_at"", nullable = false)
	private LocalDateTime createdAt;

	@LastModifiedDate
	@Column(name = ""updated_at"", nullable = false)
	private LocalDateTime updatedAt;

	@Column(name = ""delete_yn"", nullable = false, length = 1, columnDefinition = ""char(1)"")
	@Convert(converter = BooleanToCharConverter.class)
	private boolean deleteYn;
}",1,"The snippet is a standard JPA entity with auditing listeners and boilerplate annotations, serving as peripheral evidence for Spring Data JPA.",,
ITEM_325,JD_REACT_07,Frontend Developer Intern/Fresher,Intern/Fresher,Real-Time Collaboration & Messaging,"ReactJS, TypeScript, WebSocket / Socket.io-client, Zustand / Redux Toolkit / React Context API, Tailwind CSS / SCSS",JordanKnott/taskcafe,frontend/src/shared/components/Checklist/index.tsx,1,50,File: frontend/src/shared/components/Checklist/index.tsx | Lines 1..50,"import React, { useState, useRef, useEffect } from 'react';
import styled from 'styled-components';
import { CheckSquare, Trash, Square, CheckSquareOutline, Clock, Cross, AccountPlus } from 'shared/icons';
import { DragDropContext, Droppable, Draggable, DropResult } from 'react-beautiful-dnd';
import {
  isPositionChanged,
  getSortedDraggables,
  getNewDraggablePosition,
  getAfterDropDraggableList,
} from 'shared/utils/draggables';
import Button from 'shared/components/Button';
import TextareaAutosize from 'react-autosize-textarea';
import Control from 'react-select/src/components/Control';
import useOnOutsideClick from 'shared/hooks/onOutsideClick';
import { mixin } from 'shared/utils/styles';

const Wrapper = styled.div`
  margin-bottom: 24px;
`;

const WindowTitle = styled.div`
  padding: 8px 0;
  position: relative;
  margin: 0 0 4px 40px;
`;

const WindowTitleIcon = styled(CheckSquareOutline)`
  top: 10px;
  left: -32px;
  position: absolute;
`;

const WindowChecklistTitle = styled.div`
  display: flex;
  justify-content: space-between;
  align-items: center;
  flex-flow: row wrap;
`;

const WindowTitleText = styled.h3`
  cursor: pointer;
  color: ${props => props.theme.colors.text.primary};
  margin: 6px 0;
  display: inline-block;
  width: auto;
  min-height: 18px;
  font-size: 16px;
  line-height: 20px;
  min-width: 40px;
`;",1,"The snippet cuts off after styled-components definitions and imports, leaving only peripheral traces without actual component rendering or state logic.",,
ITEM_326,JD_REACT_03,Fullstack TypeScript Fresher,Fresher,Fullstack Web Application Development,"TypeScript, JavaScript (ES6+), ReactJS, Node.js / Express.js, JWT Authentication, MongoDB / PostgreSQL / MySQL",boxyhq/saas-starter-kit,components/account/UpdatePassword.tsx,1,50,File: components/account/UpdatePassword.tsx | Lines 1..50,"import { useFormik } from 'formik';
import { useTranslation } from 'next-i18next';
import { Button } from 'react-daisyui';
import toast from 'react-hot-toast';
import * as Yup from 'yup';

import { Card, InputWithLabel } from '@/components/shared';
import { defaultHeaders, passwordPolicies } from '@/lib/common';
import { maxLengthPolicies } from '@/lib/common';

const schema = Yup.object().shape({
  currentPassword: Yup.string().required().max(maxLengthPolicies.password),
  newPassword: Yup.string()
    .required()
    .min(passwordPolicies.minLength)
    .max(maxLengthPolicies.password),
});

const UpdatePassword = () => {
  const { t } = useTranslation('common');

  const formik = useFormik({
    initialValues: {
      currentPassword: '',
      newPassword: '',
    },
    validationSchema: schema,
    onSubmit: async (values) => {
      const response = await fetch('/api/password', {
        method: 'PUT',
        headers: defaultHeaders,
        body: JSON.stringify(values),
      });

      const json = await response.json();

      if (!response.ok) {
        toast.error(json.error.message);
        return;
      }

      toast.success(t('successfully-updated'));
      formik.resetForm();
    },
  });

  return (
    <>
      <form onSubmit={formik.handleSubmit}>
        <Card>",2,"The code provides strong evidence of TypeScript, React, and form validation using Formik and Yup libraries as required by the fullstack fresher JD.",,
ITEM_327,JD_JAVA_09,Java Backend Intern,Intern,Digital Library & Bookstore API,"Java Core, Spring Boot, Spring Data JPA, MySQL/PostgreSQL",Snailclimb/spring-security-jwt-guide,src/main/java/github/javaguide/springsecurityjwtguide/security/service/AuthService.java,1,50,File: src/main/java/github/javaguide/springsecurityjwtguide/security/service/AuthService.java | Lines 1..50,"package github.javaguide.springsecurityjwtguide.security.service;

import github.javaguide.springsecurityjwtguide.security.common.utils.CurrentUserUtil;
import github.javaguide.springsecurityjwtguide.security.common.utils.JwtTokenUtil;
import github.javaguide.springsecurityjwtguide.security.dto.LoginRequest;
import github.javaguide.springsecurityjwtguide.security.entity.JwtUser;
import github.javaguide.springsecurityjwtguide.system.entity.User;
import github.javaguide.springsecurityjwtguide.system.exception.UserNameNotFoundException;
import github.javaguide.springsecurityjwtguide.system.service.UserService;
import lombok.RequiredArgsConstructor;
import lombok.extern.slf4j.Slf4j;
import org.springframework.beans.factory.annotation.Autowired;
import org.springframework.data.redis.core.StringRedisTemplate;
import org.springframework.security.authentication.BadCredentialsException;
import org.springframework.security.core.Authentication;
import org.springframework.security.core.GrantedAuthority;
import org.springframework.security.core.context.SecurityContextHolder;
import org.springframework.stereotype.Service;

import java.util.List;
import java.util.stream.Collectors;

/**
 * @author shuang.kou
 **/
@Service
@RequiredArgsConstructor(onConstructor = @__(@Autowired))
@Slf4j
public class AuthService {
    private final UserService userService;
    private final StringRedisTemplate stringRedisTemplate;
    private final CurrentUserUtil currentUserUtil;

    public String createToken(LoginRequest loginRequest) {
        User user = userService.find(loginRequest.getUsername());
        if (!userService.check(loginRequest.getPassword(), user.getPassword())) {
            throw new BadCredentialsException(""The user name or password is not correct."");
        }
        JwtUser jwtUser = new JwtUser(user);
        if (!jwtUser.isEnabled()) {
            throw new BadCredentialsException(""User is forbidden to login"");
        }
        List<String> authorities = jwtUser.getAuthorities()
                .stream()
                .map(GrantedAuthority::getAuthority)
                .collect(Collectors.toList());
        String token = JwtTokenUtil.createToken(user.getUserName(), user.getId().toString(), authorities, loginRequest.getRememberMe());
        stringRedisTemplate.opsForValue().set(user.getId().toString(), token);
        return token;
    }",2,"The code demonstrates a Spring Boot service implementing authentication logic, user validation, and JWT token generation, directly supporting the Java backend requirements.",,
ITEM_328,JD_JAVA_15,Java Backend Fresher,Fresher,Retail & Warehouse Inventory Management,"Java 17, Spring Boot, Spring Data JPA, MySQL/PostgreSQL, JWT",hoangtien2k3/ecommerce-microservices,auth-service/src/main/java/com/ecommerce/authservice/controller/AuthController.java,1,50,File: auth-service/src/main/java/com/ecommerce/authservice/controller/AuthController.java | Lines 1..50,"package com.ecommerce.authservice.controller;

import com.ecommerce.authservice.config.SsoProperties;
import com.ecommerce.authservice.dto.request.RefreshTokenRequest;
import com.ecommerce.authservice.dto.request.RegisterRequest;
import com.ecommerce.authservice.service.SsoSessionStore;
import com.ecommerce.authservice.service.UserService;
import com.ecommerce.commonlib.keycloak.KeycloakAuthClient;
import com.ecommerce.commonlib.keycloak.KeycloakClientProperties;
import com.ecommerce.commonlib.keycloak.KeycloakTokenResponse;
import com.ecommerce.commonlib.viewmodel.ApiResponse;
import jakarta.validation.Valid;
import lombok.RequiredArgsConstructor;
import org.springframework.http.HttpStatus;
import org.springframework.http.ResponseEntity;
import org.springframework.util.StringUtils;
import org.springframework.web.bind.annotation.GetMapping;
import org.springframework.web.bind.annotation.PostMapping;
import org.springframework.web.bind.annotation.RequestBody;
import org.springframework.web.bind.annotation.RequestMapping;
import org.springframework.web.bind.annotation.RequestParam;
import org.springframework.web.bind.annotation.RestController;
import org.springframework.web.util.UriComponentsBuilder;

import java.net.URI;

@RestController
@RequestMapping(""/api/v1/auth"")
@RequiredArgsConstructor
public class AuthController {

    private final UserService userService;
    private final KeycloakAuthClient keycloakAuthClient;
    private final KeycloakClientProperties keycloakProperties;
    private final SsoProperties ssoProperties;
    private final SsoSessionStore ssoSessionStore;

    // ------------------------------------------------------------------
    // Self-service registration (creates the user in Keycloak via admin API)
    // ------------------------------------------------------------------

    @PostMapping(""/signup"")
    public ApiResponse<Void> register(@Valid @RequestBody RegisterRequest request) {
        userService.register(request);
        return ApiResponse.message(""User "" + request.getUsername() + "" registered successfully"");
    }

    // ------------------------------------------------------------------
    // SSO — Authorization Code flow, mediated by this backend
    // ------------------------------------------------------------------",2,"The controller class shows a Spring Boot REST API implementation with endpoint mappings, DTO validation, and service delegation suitable for a Java backend fresher role.",,
ITEM_329,JD_JAVA_03,Java Backend Fresher,Fresher,Fintech & Payment Gateway,"Java, Spring Boot, Spring Data JPA, PostgreSQL, Redis",mewebstudio/java-spring-boot-boilerplate,src/main/java/com/mewebstudio/javaspringbootboilerplate/controller/AccountController.java,39,64,File: src/main/java/com/mewebstudio/javaspringbootboilerplate/controller/AccountController.java | Lines 39..64,"@GetMapping(""/me"")
    @Operation(
        summary = ""Me endpoint"",
        security = @SecurityRequirement(name = SECURITY_SCHEME_NAME),
        responses = {
            @ApiResponse(
                responseCode = ""200"",
                description = ""Successful operation"",
                content = @Content(
                    mediaType = ""application/json"",
                    schema = @Schema(implementation = UserResponse.class)
                )
            ),
            @ApiResponse(
                responseCode = ""401"",
                description = ""Bad credentials"",
                content = @Content(
                    mediaType = MediaType.APPLICATION_JSON_VALUE,
                    schema = @Schema(implementation = ErrorResponse.class)
                )
            )
        }
    )
    public ResponseEntity<UserResponse> me() {
        return ResponseEntity.ok(UserResponse.convert(userService.getUser()));
    }",1,"The snippet consists of a standard Spring MVC endpoint delegating directly to a service method without complex business logic, representing peripheral CRUD or delegation evidence.",,
ITEM_330,JD_REACT_06,Junior ReactJS Developer,Junior,Productivity & Collaborative Kanban System,"ReactJS, TypeScript, Redux Toolkit / Zustand, React Hook Form & Zod/Yup, Tailwind CSS / CSS-in-JS",JordanKnott/taskcafe,frontend/src/shared/components/Checklist/index.tsx,1,50,File: frontend/src/shared/components/Checklist/index.tsx | Lines 1..50,"import React, { useState, useRef, useEffect } from 'react';
import styled from 'styled-components';
import { CheckSquare, Trash, Square, CheckSquareOutline, Clock, Cross, AccountPlus } from 'shared/icons';
import { DragDropContext, Droppable, Draggable, DropResult } from 'react-beautiful-dnd';
import {
  isPositionChanged,
  getSortedDraggables,
  getNewDraggablePosition,
  getAfterDropDraggableList,
} from 'shared/utils/draggables';
import Button from 'shared/components/Button';
import TextareaAutosize from 'react-autosize-textarea';
import Control from 'react-select/src/components/Control';
import useOnOutsideClick from 'shared/hooks/onOutsideClick';
import { mixin } from 'shared/utils/styles';

const Wrapper = styled.div`
  margin-bottom: 24px;
`;

const WindowTitle = styled.div`
  padding: 8px 0;
  position: relative;
  margin: 0 0 4px 40px;
`;

const WindowTitleIcon = styled(CheckSquareOutline)`
  top: 10px;
  left: -32px;
  position: absolute;
`;

const WindowChecklistTitle = styled.div`
  display: flex;
  justify-content: space-between;
  align-items: center;
  flex-flow: row wrap;
`;

const WindowTitleText = styled.h3`
  cursor: pointer;
  color: ${props => props.theme.colors.text.primary};
  margin: 6px 0;
  display: inline-block;
  width: auto;
  min-height: 18px;
  font-size: 16px;
  line-height: 20px;
  min-width: 40px;
`;",0,The snippet only contains CSS-in-styled-components styling definitions and React imports without providing any observable business logic or state management.,,
ITEM_331,JD_REACT_08,React TypeScript Fresher,Fresher,Personal Finance & Digital Banking Portal,"ReactJS, TypeScript, React Hook Form, Zod / Yup, Authentication & Axios Interceptors, Material UI / Ant Design / Shadcn UI / Tailwind CSS",kevinshen56714/SkyOffice,client/src/components/CreateRoomForm.tsx,1,50,File: client/src/components/CreateRoomForm.tsx | Lines 1..50,"import React, { useState } from 'react'
import styled from 'styled-components'
import Button from '@mui/material/Button'
import IconButton from '@mui/material/IconButton'
import TextField from '@mui/material/TextField'
import InputAdornment from '@mui/material/InputAdornment'
import Visibility from '@mui/icons-material/Visibility'
import VisibilityOff from '@mui/icons-material/VisibilityOff'

import { IRoomData } from '../../../types/Rooms'
import { useAppSelector } from '../hooks'

import phaserGame from '../PhaserGame'
import Bootstrap from '../scenes/Bootstrap'

const CreateRoomFormWrapper = styled.form`
  display: flex;
  flex-direction: column;
  width: 320px;
  gap: 20px;
`

export const CreateRoomForm = () => {
  const [values, setValues] = useState<IRoomData>({
    name: '',
    description: '',
    password: null,
    autoDispose: true,
  })
  const [showPassword, setShowPassword] = useState(false)
  const [nameFieldEmpty, setNameFieldEmpty] = useState(false)
  const [descriptionFieldEmpty, setDescriptionFieldEmpty] = useState(false)
  const lobbyJoined = useAppSelector((state) => state.room.lobbyJoined)

  const handleChange = (prop: keyof IRoomData) => (event: React.ChangeEvent<HTMLInputElement>) => {
    setValues({ ...values, [prop]: event.target.value })
  }

  const handleSubmit = (event: React.FormEvent<HTMLFormElement>) => {
    event.preventDefault()
    const isValidName = values.name !== ''
    const isValidDescription = values.description !== ''

    if (isValidName === nameFieldEmpty) setNameFieldEmpty(!nameFieldEmpty)
    if (isValidDescription === descriptionFieldEmpty)
      setDescriptionFieldEmpty(!descriptionFieldEmpty)

    // create custom room if name and description are not empty
    if (isValidName && isValidDescription && lobbyJoined) {
      const bootstrap = phaserGame.scene.keys.bootstrap as Bootstrap",2,"The component shows React state hooks, typed form event handling using TypeScript interfaces, and integration with Redux state selectors.",,
ITEM_332,JD_JAVA_03,Java Backend Fresher,Fresher,Fintech & Payment Gateway,"Java, Spring Boot, Spring Data JPA, PostgreSQL, Redis",Angel-Raa/spring-security-jwt-authentication-and-authorization,src/main/java/com/github/angel/raa/modules/persistence/repository/CategoryRepository.java,1,6,File: src/main/java/com/github/angel/raa/modules/persistence/repository/CategoryRepository.java | Lines 1..6,"package com.github.angel.raa.modules.persistence.repository;

import com.github.angel.raa.modules.persistence.models.Category;
import org.springframework.data.jpa.repository.JpaRepository;

public interface CategoryRepository extends JpaRepository<Category, Long> { }",1,"A basic Spring Data JPA interface extending JpaRepository without custom query methods or business logic, offering only peripheral evidence.",,
ITEM_333,JD_JAVA_14,Backend Engineer (Java / Spring Boot),Intern/Fresher,HRTech & Recruitment Job Portal,"Java Core, Spring Boot, Spring Data JPA, Spring Security & JWT, PostgreSQL / MySQL",mdtalalwasim/blog-application-spring-boot-rest-api,blog-application-springboot-rest-apis/src/main/java/com/mdtalalwasim/blog/app/controller/AuthRestController.java,1,50,File: blog-application-springboot-rest-apis/src/main/java/com/mdtalalwasim/blog/app/controller/AuthRestController.java | Lines 1..50,"package com.mdtalalwasim.blog.app.controller;

import org.springframework.beans.factory.annotation.Autowired;
import org.springframework.http.HttpStatus;
import org.springframework.http.ResponseEntity;
import org.springframework.security.authentication.AuthenticationManager;
import org.springframework.security.authentication.BadCredentialsException;
import org.springframework.security.authentication.UsernamePasswordAuthenticationToken;
import org.springframework.security.core.userdetails.UserDetails;
import org.springframework.security.core.userdetails.UserDetailsService;
import org.springframework.web.bind.annotation.PostMapping;
import org.springframework.web.bind.annotation.RequestBody;
import org.springframework.web.bind.annotation.RequestMapping;
import org.springframework.web.bind.annotation.RestController;

import com.mdtalalwasim.blog.app.exceptions.ApiExceptionHandler;
import com.mdtalalwasim.blog.app.payloads.JwtAuthenticationRequest;
import com.mdtalalwasim.blog.app.payloads.JwtAuthenticationResponse;
import com.mdtalalwasim.blog.app.payloads.UserDto;
import com.mdtalalwasim.blog.app.security.JwtTokenHelper;
import com.mdtalalwasim.blog.app.services.UserService;

@RestController
@RequestMapping(""/api/auth/"")
public class AuthRestController {
	
	
	@Autowired
	private JwtTokenHelper jwtTokenHelper;
	
	@Autowired
	private UserDetailsService userDetailsService;
	
	@Autowired
	private UserService userService;
	
	@Autowired
	private AuthenticationManager authenticationManager;
	
	@PostMapping(""/login"")//url is /api/auth/login
	public ResponseEntity<JwtAuthenticationResponse> createToken(@RequestBody JwtAuthenticationRequest request) throws Exception{
		
		//authenticate method body define below
		this.authenticate(request.getUsername(), request.getPassword());
		//if authentication going well, then we need to generate our token.
		
		UserDetails userDetails = this.userDetailsService.loadUserByUsername(request.getUsername());
		
		String ourGeneratedToken = this.jwtTokenHelper.generateToken(userDetails);//generateToken takes userDetails
		JwtAuthenticationResponse response = new JwtAuthenticationResponse();",2,The REST controller implements authentication and token generation workflows utilizing Spring Security components and JWT helpers.,,
ITEM_334,JD_JAVA_04,Java Microservices Fresher,Fresher,Distributed Systems & Supply Chain,"Java 17+, Spring Boot, Apache Kafka, Spring Data JPA, MySQL/PostgreSQL, Docker / Docker Compose",mdtalalwasim/blog-application-spring-boot-rest-api,blog-application-springboot-rest-apis/src/main/java/com/mdtalalwasim/blog/app/controller/CategoryRestController.java,1,50,File: blog-application-springboot-rest-apis/src/main/java/com/mdtalalwasim/blog/app/controller/CategoryRestController.java | Lines 1..50,"package com.mdtalalwasim.blog.app.controller;

import java.util.List;

import org.springframework.beans.factory.annotation.Autowired;
import org.springframework.http.HttpStatus;
import org.springframework.http.ResponseEntity;
import org.springframework.web.bind.annotation.DeleteMapping;
import org.springframework.web.bind.annotation.GetMapping;
import org.springframework.web.bind.annotation.PathVariable;
import org.springframework.web.bind.annotation.PostMapping;
import org.springframework.web.bind.annotation.PutMapping;
import org.springframework.web.bind.annotation.RequestBody;
import org.springframework.web.bind.annotation.RequestMapping;
import org.springframework.web.bind.annotation.RestController;

import com.mdtalalwasim.blog.app.payloads.ApiResponse;
import com.mdtalalwasim.blog.app.payloads.CategoryDto;
import com.mdtalalwasim.blog.app.services.CategoryService;

import jakarta.validation.Valid;

@RestController
@RequestMapping(""/api/categories"")
public class CategoryRestController {
	
	@Autowired
	private CategoryService categoryService;
	
	@PostMapping(""/"")
	public ResponseEntity<CategoryDto> createCategory(@Valid @RequestBody CategoryDto categoryDto){
		System.out.println(""Inside Create Cat"");
		CategoryDto createdCategory = this.categoryService.createCategory(categoryDto);
		
		return new ResponseEntity<CategoryDto>(createdCategory, HttpStatus.CREATED);
	}
	
	@PutMapping(""/{catId}"")
	public ResponseEntity<CategoryDto> updateCategory(@Valid @RequestBody CategoryDto categoryDto, @PathVariable(""catId"") Integer catId){
		CategoryDto updateCategory = this.categoryService.updateCategory(categoryDto, catId);
		
		return new ResponseEntity<CategoryDto>(updateCategory, HttpStatus.OK);
	}
	
	@DeleteMapping(""/{catId}"")
	public ResponseEntity<ApiResponse> deleteCategory(@PathVariable(""catId"") Integer catId){
		this.categoryService.deleteCategory(catId);
		
		return new ResponseEntity<ApiResponse>(new ApiResponse(""Category Deleted Successfully!"", true), HttpStatus.OK);
	}",1,"The controller provides standard CRUD operations delegating directly to a service layer with basic validation annotations, serving as peripheral evidence.",,
ITEM_335,JD_JAVA_01,Backend Developer (Java / Spring Boot),Fresher,E-Commerce Platform,"Java, Spring Boot, Spring Security & JWT, Spring Data JPA / Hibernate, MySQL, Git",huseynovvusal/spring-blog-api,src/main/java/com/huseynovvusal/springblogapi/config/SecurityConfig.java,1,50,File: src/main/java/com/huseynovvusal/springblogapi/config/SecurityConfig.java | Lines 1..50,"package com.huseynovvusal.springblogapi.config;

import com.huseynovvusal.springblogapi.filter.BlockedUserFilter;
import com.huseynovvusal.springblogapi.filter.DatabaseHealthFilter;
import com.huseynovvusal.springblogapi.filter.JwtAuthenticationFilter;
import com.huseynovvusal.springblogapi.service.UserDetailsServiceImpl;
import lombok.RequiredArgsConstructor;
import org.slf4j.Logger;
import org.slf4j.LoggerFactory;
import org.springframework.boot.web.servlet.FilterRegistrationBean;
import org.springframework.context.annotation.Bean;
import org.springframework.context.annotation.Configuration;
import org.springframework.security.authentication.AuthenticationManager;
import org.springframework.security.config.annotation.authentication.configuration.AuthenticationConfiguration;
import org.springframework.security.config.annotation.web.builders.HttpSecurity;
import org.springframework.security.config.annotation.web.configuration.EnableWebSecurity;
import org.springframework.security.config.annotation.web.configurers.AbstractHttpConfigurer;
import org.springframework.security.config.http.SessionCreationPolicy;
import org.springframework.security.crypto.bcrypt.BCryptPasswordEncoder;
import org.springframework.security.crypto.password.PasswordEncoder;
import org.springframework.security.web.SecurityFilterChain;
import org.springframework.security.web.authentication.UsernamePasswordAuthenticationFilter;

/**
 * Security configuration class for setting up Spring Security. Configures JWT authentication,
 * stateless session management, and endpoint access rules.
 */
@Configuration
@EnableWebSecurity
@RequiredArgsConstructor
public class SecurityConfig {

  private static final Logger LOGGER = LoggerFactory.getLogger(SecurityConfig.class);

  private final UserDetailsServiceImpl userDetailsService;
  private final JwtAuthenticationFilter jwtAuthenticationFilter;
  private final BlockedUserFilter blockedUserFilter;
  private final DatabaseHealthFilter databaseHealthFilter;

  /**
   * Configures the security filter chain for HTTP requests. - Disables CSRF - Permits
   * unauthenticated access to /auth/** endpoints - Requires authentication for all other endpoints
   * - Adds JWT authentication filter before UsernamePasswordAuthenticationFilter
   *
   * @param http the HttpSecurity object to configure
   * @return the configured SecurityFilterChain
   * @throws Exception if configuration fails
   */
  @Bean
  public SecurityFilterChain securityFilterChain(HttpSecurity http) throws Exception {",2,"Despite being cut at line 50, the visible code sets up a comprehensive Spring Security configuration with JWT authentication filters, stateless session management, and security annotations.",,
ITEM_336,JD_JAVA_08,Junior Java Software Engineer,Junior,Logistics & Fleet Management,"Java 17, Spring Boot, Spring Data JPA, MySQL/PostgreSQL, MapStruct, Bean Validation",krkarma777/online-store,src/main/java/com/bulkpurchase/domain/repository/GlobalDiscountRepository.java,1,10,File: src/main/java/com/bulkpurchase/domain/repository/GlobalDiscountRepository.java | Lines 1..10,"package com.bulkpurchase.domain.repository;

import com.bulkpurchase.domain.entity.discount.GlobalDiscount;
import org.springframework.data.jpa.repository.JpaRepository;
import org.springframework.stereotype.Repository;

@Repository
public interface GlobalDiscountRepository extends JpaRepository<GlobalDiscount, Long> {

}",0,The code snippet only provides a standard empty Spring Data JPA repository interface without any business logic or custom queries.,,
ITEM_337,JD_JAVA_13,Java Backend Fresher,Fresher,FoodTech & Delivery Platform,"Java, Spring Boot, Spring Security & JWT, MySQL & Spring Data JPA, RabbitMQ / Kafka",Snailclimb/spring-security-jwt-guide,src/main/java/github/javaguide/springsecurityjwtguide/security/exception/JwtAccessDeniedHandler.java,1,24,File: src/main/java/github/javaguide/springsecurityjwtguide/security/exception/JwtAccessDeniedHandler.java | Lines 1..24,"package github.javaguide.springsecurityjwtguide.security.exception;

import org.springframework.security.access.AccessDeniedException;
import org.springframework.security.web.access.AccessDeniedHandler;

import jakarta.servlet.http.HttpServletRequest;
import jakarta.servlet.http.HttpServletResponse;
import java.io.IOException;

/**
 * @author shuang.kou
 * @description AccessDeineHandler 用来解决认证过的用户访问无权限资源时的异常
 */
public class JwtAccessDeniedHandler implements AccessDeniedHandler {
    /**
     * 当用户尝试访问需要权限才能的REST资源而权限不足的时候，
     * 将调用此方法发送403响应以及错误信息
     */
    @Override
    public void handle(HttpServletRequest request, HttpServletResponse response, AccessDeniedException accessDeniedException) throws IOException {
        accessDeniedException = new AccessDeniedException(""Sorry you don not enough permissions to access it!"");
        response.sendError(HttpServletResponse.SC_FORBIDDEN, accessDeniedException.getMessage());
    }
}",1,"Implements a custom Spring Security AccessDeniedHandler for handling unauthorized requests, which is peripheral evidence of Spring Security knowledge.",,
ITEM_338,JD_JAVA_11,Java Backend Developer,Fresher / Junior,Social Network & Technical Blogging Platform,"Java 17, Spring Boot 3, Spring Security 6, Spring Data JPA / Hibernate, PostgreSQL, Git",osopromadze/Spring-Boot-Blog-REST-API,src/main/java/com/sopromadze/blogapi/config/SecutiryConfig.java,1,50,File: src/main/java/com/sopromadze/blogapi/config/SecutiryConfig.java | Lines 1..50,"package com.sopromadze.blogapi.config;

import com.sopromadze.blogapi.repository.UserRepository;
import com.sopromadze.blogapi.security.JwtAuthenticationEntryPoint;
import com.sopromadze.blogapi.security.JwtAuthenticationFilter;
import com.sopromadze.blogapi.service.impl.CustomUserDetailsServiceImpl;
import org.springframework.beans.factory.annotation.Autowired;
import org.springframework.context.annotation.Bean;
import org.springframework.context.annotation.Configuration;
import org.springframework.http.HttpMethod;
import org.springframework.security.authentication.AuthenticationManager;
import org.springframework.security.config.BeanIds;
import org.springframework.security.config.annotation.authentication.builders.AuthenticationManagerBuilder;
import org.springframework.security.config.annotation.method.configuration.EnableGlobalMethodSecurity;
import org.springframework.security.config.annotation.web.builders.HttpSecurity;
import org.springframework.security.config.annotation.web.configuration.EnableWebSecurity;
import org.springframework.security.config.annotation.web.configuration.WebSecurityConfigurerAdapter;
import org.springframework.security.config.http.SessionCreationPolicy;
import org.springframework.security.crypto.bcrypt.BCryptPasswordEncoder;
import org.springframework.security.crypto.password.PasswordEncoder;
import org.springframework.security.web.authentication.UsernamePasswordAuthenticationFilter;

@Configuration
@EnableWebSecurity
@EnableGlobalMethodSecurity(
		securedEnabled = true,
		jsr250Enabled = true,
		prePostEnabled = true)
public class SecutiryConfig extends WebSecurityConfigurerAdapter {
	private final CustomUserDetailsServiceImpl customUserDetailsService;
	private final JwtAuthenticationEntryPoint unauthorizedHandler;
	private final JwtAuthenticationFilter jwtAuthenticationFilter;

	@Autowired
	public SecutiryConfig(UserRepository userRepository, CustomUserDetailsServiceImpl customUserDetailsService,
			JwtAuthenticationEntryPoint unauthorizedHandler, JwtAuthenticationFilter jwtAuthenticationFilter) {
		this.customUserDetailsService = customUserDetailsService;
		this.unauthorizedHandler = unauthorizedHandler;
		this.jwtAuthenticationFilter = jwtAuthenticationFilter;
	}

	@Override
	protected void configure(HttpSecurity http) throws Exception {

		http.cors().and().csrf().disable()
				.exceptionHandling()
				.authenticationEntryPoint(unauthorizedHandler)
				.and()
				.sessionManagement()
				.sessionCreationPolicy(SessionCreationPolicy.STATELESS)",2,"Shows configuration for Spring Security and JWT authentication setup using HttpSecurity, demonstrating strong direct evidence of security configuration.",,
ITEM_339,JD_REACT_10,Fullstack React & TypeScript Developer,Fresher / Junior,EdTech Fullstack Application,"TypeScript, ReactJS, Node.js / Express / NestJS, Redux Toolkit / Zustand, Prisma / TypeORM / Mongoose, Git",sudeepmahato16/movie-app,src/pages/Catalog/components/Search.tsx,1,42,File: src/pages/Catalog/components/Search.tsx | Lines 1..42,"import React, { useState } from ""react"";
import { useParams } from ""react-router-dom"";
import { GoSearch } from ""react-icons/go"";

interface SearchProps {
  setQuery: (val: {}) => void;
}

const Search: React.FC<SearchProps> = ({ setQuery }) => {
  const { category } = useParams();
  const [search, setSearch] = useState<string>("""");

  const handleSubmit = (e: React.FormEvent) => {
    e.preventDefault();
    if (!search) return;
    setQuery({ search });
    setSearch("""");
  };

  return (
    <form
      className=""text-[14px] lg:py-10 md:pt-9 md:pb-10 sm:pt-8 sm:pb-10  pt-6 pb-8 flex flex-row items-center justify-center""
      onSubmit={handleSubmit}
    >
      <input
        type=""text""
        className=""py-[8px] pl-[20px] pr-[36px]  rounded-full outline-none w-[300px] md:w-[340px]  shadow-md transition-all duration-300 focus:shadow-sm text-[#666] focus:bg-[#ffffff] bg-[#fdfdfd] font-medium dark:bg-[#302d3a] dark:text-primary dark:focus:bg-[#474550]""
        onChange={(e) => setSearch(e.target.value)}
        value={search}
        placeholder={`Search ${category === ""movie"" ? ""movies"" : ""tv series""}`}
      />
      <button
        type=""submit""
        className=""text-[18px] -ml-[32px] text-[#ff0000] z-[1]""
      >
        <GoSearch />
      </button>
    </form>
  );
};

export default Search;",2,"Provides a well-typed React TypeScript component with hooks, form event handling, and props, demonstrating strong frontend competencies.",,
ITEM_340,JD_JAVA_03,Java Backend Fresher,Fresher,Fintech & Payment Gateway,"Java, Spring Boot, Spring Data JPA, PostgreSQL, Redis",huseynovvusal/spring-blog-api,src/main/java/com/huseynovvusal/springblogapi/config/OpenAPIConfiguration.java,22,40,File: src/main/java/com/huseynovvusal/springblogapi/config/OpenAPIConfiguration.java | Lines 22..40,"@Bean
  public OpenAPI defineOpenApi() {
    Server server = new Server();
    server.setUrl(serverUrl);
    server.setDescription(serverDescription);

    SecurityScheme securityScheme =
        new SecurityScheme().type(SecurityScheme.Type.HTTP).scheme(""bearer"").bearerFormat(""JWT"");

    Info information =
        new Info()
            .title(""Spring Blog API"")
            .version(""1.0"")
            .description(""Find all API endpoints and related info here..."");
    return new OpenAPI()
        .info(information)
        .servers(List.of(server))
        .components(new Components().addSecuritySchemes(""bearerAuth"", securityScheme));
  }",1,"Contains a basic OpenAPI / Swagger configuration bean, which serves as peripheral evidence of Spring Boot setup.",,
ITEM_341,JD_JAVA_02,Junior Java Developer,Intern/Fresher,Enterprise Web & HRM Systems,"Java, Spring Boot, Spring Data JPA, PostgreSQL, JUnit",Snailclimb/spring-security-jwt-guide,src/main/java/github/javaguide/springsecurityjwtguide/security/exception/JwtAccessDeniedHandler.java,1,24,File: src/main/java/github/javaguide/springsecurityjwtguide/security/exception/JwtAccessDeniedHandler.java | Lines 1..24,"package github.javaguide.springsecurityjwtguide.security.exception;

import org.springframework.security.access.AccessDeniedException;
import org.springframework.security.web.access.AccessDeniedHandler;

import jakarta.servlet.http.HttpServletRequest;
import jakarta.servlet.http.HttpServletResponse;
import java.io.IOException;

/**
 * @author shuang.kou
 * @description AccessDeineHandler 用来解决认证过的用户访问无权限资源时的异常
 */
public class JwtAccessDeniedHandler implements AccessDeniedHandler {
    /**
     * 当用户尝试访问需要权限才能的REST资源而权限不足的时候，
     * 将调用此方法发送403响应以及错误信息
     */
    @Override
    public void handle(HttpServletRequest request, HttpServletResponse response, AccessDeniedException accessDeniedException) throws IOException {
        accessDeniedException = new AccessDeniedException(""Sorry you don not enough permissions to access it!"");
        response.sendError(HttpServletResponse.SC_FORBIDDEN, accessDeniedException.getMessage());
    }
}",1,"Implements an AccessDeniedHandler for Spring Security, providing peripheral evidence of security error handling.",,
ITEM_342,JD_REACT_05,Next.js & TypeScript Frontend Developer,Fresher / Junior,High-Performance Web & Digital Commerce,"ReactJS, TypeScript, Next.js, Tailwind CSS, RESTful API / GraphQL",w3labkr/nextjs14-supabase-blog,app/api/v1/email/verify/route.ts,1,50,File: app/api/v1/email/verify/route.ts | Lines 1..50,"import { NextResponse, type NextRequest } from 'next/server'
import { createClient } from '@/supabase/server'
import { ApiError, revalidates } from '@/lib/utils'
import { authorize } from '@/queries/server/auth'

import { transporter, sender } from '@/lib/nodemailer'
import { jwtSign } from '@/lib/jsonwebtoken'
import { type VerifyTokenPayload } from '@/types/token'

export async function POST(request: NextRequest) {
  const searchParams = request.nextUrl.searchParams
  const userId = searchParams.get('userId') as string

  const { data, options } = await request.json()
  const { authorized } = await authorize(userId)

  if (!authorized) {
    return NextResponse.json(
      { data: null, error: new ApiError(401) },
      { status: 401 }
    )
  }

  const payload: VerifyTokenPayload = {
    email: data?.email,
    user_id: userId,
  }
  const mailOptions = mailTemplate(payload)

  try {
    const info = await transporter.sendMail(mailOptions)

    return NextResponse.json({
      data: info,
      error: null,
      revalidated: revalidates(options),
      now: Date.now(),
    })
  } catch (e: unknown) {
    return NextResponse.json(
      { data: null, error: new ApiError(400, (e as Error)?.message) },
      { status: 400 }
    )
  }
}

function mailTemplate(payload: VerifyTokenPayload) {
  const url = generate_url(payload)

  return {",2,"Implements a complete Next.js API route handler with authorization checks, error handling, and JSON response generation using TypeScript.",,
ITEM_343,JD_JAVA_13,Java Backend Fresher,Fresher,FoodTech & Delivery Platform,"Java, Spring Boot, Spring Security & JWT, MySQL & Spring Data JPA, RabbitMQ / Kafka",f-lab-edu/fast-shoppers,src/main/java/com/fastshoppers/entity/Product.java,1,50,File: src/main/java/com/fastshoppers/entity/Product.java | Lines 1..50,"package com.fastshoppers.entity;

import java.math.BigDecimal;

import org.springframework.data.jpa.domain.support.AuditingEntityListener;

import jakarta.persistence.AttributeOverride;
import jakarta.persistence.Column;
import jakarta.persistence.Entity;
import jakarta.persistence.EntityListeners;
import jakarta.persistence.FetchType;
import jakarta.persistence.JoinColumn;
import jakarta.persistence.ManyToOne;
import jakarta.persistence.Table;
import lombok.AllArgsConstructor;
import lombok.Getter;
import lombok.NoArgsConstructor;
import lombok.Setter;
import lombok.ToString;

@Entity
@AttributeOverride(name = ""id"", column = @Column(name = ""product_id"", nullable = false))
@Table(name = ""product"")
@Getter
@Setter
@NoArgsConstructor
@AllArgsConstructor
@EntityListeners(AuditingEntityListener.class)
@ToString
public class Product extends BaseEntity {

	@Column(name = ""product_uuid"", nullable = false, unique = true)
	private String productUuid;

	@ManyToOne(fetch = FetchType.LAZY)
	@JoinColumn(name = ""category_id"", nullable = false)
	private Category category;

	@Column(name = ""product_name"", length = 255, nullable = false)
	private String productName;

	@Column(name = ""product_subtitle"", length = 255)
	private String productSubtitle;

	@Column(name = ""list_price"", nullable = false)
	private BigDecimal listPrice;

	@Column(name = ""selling_price"", nullable = false)
	private BigDecimal sellingPrice;
",1,"Defines a standard JPA entity class with annotations and audit listeners, representing simple entity boilerplate without complex service logic.",,
ITEM_344,JD_REACT_08,React TypeScript Fresher,Fresher,Personal Finance & Digital Banking Portal,"ReactJS, TypeScript, React Hook Form, Zod / Yup, Authentication & Axios Interceptors, Material UI / Ant Design / Shadcn UI / Tailwind CSS",JordanKnott/taskcafe,frontend/src/shared/components/Admin/index.tsx,1,50,File: frontend/src/shared/components/Admin/index.tsx | Lines 1..50,"import React, { useState, useRef } from 'react';
import styled, { css } from 'styled-components';
import TaskAssignee from 'shared/components/TaskAssignee';
import Select from 'shared/components/Select';
import { User, UserPlus, Checkmark } from 'shared/icons';
import { usePopup, Popup } from 'shared/components/PopupMenu';
import { RoleCode, useUpdateUserRoleMutation } from 'shared/generated/graphql';
import Input from 'shared/components/Input';
import Button from 'shared/components/Button';
import NOOP from 'shared/utils/noop';
import { mixin } from 'shared/utils/styles';

const UserSelect = styled(Select)`
  margin: 8px 0;
  padding: 8px 0;
`;

const NewUserPassInput = styled(Input)`
  margin: 8px 0;
`;

const InviteMemberButton = styled(Button)`
  padding: 7px 12px;
`;

const UserPassBar = styled.div`
  display: flex;
  padding-top: 8px;
`;

const UserPassConfirmButton = styled(Button)`
  width: 100%;
  padding: 7px 12px;
`;

const UserPassButton = styled(Button)`
  width: 50%;
  padding: 7px 12px;
  & ~ & {
    margin-left: 6px;
  }
`;

const MemberItemOptions = styled.div``;

const MemberItemOption = styled(Button)`
  padding: 7px 9px;
  margin: 4px 0 4px 8px;
  float: left;
  min-width: 95px;",0,The snippet only contains styled-components declarations and import statements with no core component logic or state handling.,,
ITEM_345,JD_REACT_07,Frontend Developer Intern/Fresher,Intern/Fresher,Real-Time Collaboration & Messaging,"ReactJS, TypeScript, WebSocket / Socket.io-client, Zustand / Redux Toolkit / React Context API, Tailwind CSS / SCSS",ZahraMirzaei/online-shop,components/carousel/Slide.tsx,12,38,File: components/carousel/Slide.tsx | Lines 12..38,"const Slide: React.FC<Props> = ({ title, description, bgImg, url }) => {
  const { t } = useLanguage();

  return (
    <>
      <div
        className={`relative w-[100%] h-[50vh] md:h-[70vh] bg-cover bg-center bg-no-repeat`}
        style={{ backgroundImage: `${bgImg}` }}
      >
        <Link href={url}>
          <a className=""block"">
            <div
              className={`backdrop-filter backdrop-blur-[12px] bg-palette-card/60 p-3 md:p-8 lg:p-10 shadow-lg md:overflow-hidden ltr:text-left rtl:text-right rounded-md md:w-[60%] lg:w-[50%] md:mt-auto absolute bottom-0 md:top-[45%] md:right-[25%] md:bottom-auto`}
            >
              <h3 className=""text-lg md:text-2xl lg:text-3xl font-medium"">
                {t[`${title}`]}
              </h3>
              <p className=""text-[13px] md:text-lg mt-2 md:mt-4 lg:mt-8"">
                {t[`${description}`]}
              </p>
            </div>
          </a>
        </Link>
      </div>
    </>
  );
};",0,"A simple UI component rendering a slide carousel card with basic styling and translation calls, constituting trivial frontend UI boilerplate.",,
ITEM_346,JD_JAVA_09,Java Backend Intern,Intern,Digital Library & Bookstore API,"Java Core, Spring Boot, Spring Data JPA, MySQL/PostgreSQL",f-lab-edu/fast-shoppers,src/main/java/com/fastshoppers/entity/BaseEntity.java,1,48,File: src/main/java/com/fastshoppers/entity/BaseEntity.java | Lines 1..48,"package com.fastshoppers.entity;

import java.time.LocalDateTime;

import org.springframework.data.annotation.CreatedDate;
import org.springframework.data.annotation.LastModifiedDate;
import org.springframework.data.jpa.domain.support.AuditingEntityListener;

import com.fastshoppers.util.BooleanToCharConverter;

import jakarta.persistence.Column;
import jakarta.persistence.Convert;
import jakarta.persistence.EntityListeners;
import jakarta.persistence.GeneratedValue;
import jakarta.persistence.GenerationType;
import jakarta.persistence.Id;
import jakarta.persistence.MappedSuperclass;
import lombok.AllArgsConstructor;
import lombok.Getter;
import lombok.NoArgsConstructor;
import lombok.Setter;
import lombok.ToString;

@Getter
@Setter
@NoArgsConstructor
@AllArgsConstructor
@ToString
@EntityListeners(AuditingEntityListener.class)
@MappedSuperclass
public class BaseEntity {

	@Id
	@GeneratedValue(strategy = GenerationType.IDENTITY)
	private int id;

	@CreatedDate
	@Column(name = ""created_at"", nullable = false)
	private LocalDateTime createdAt;

	@LastModifiedDate
	@Column(name = ""updated_at"", nullable = false)
	private LocalDateTime updatedAt;

	@Column(name = ""delete_yn"", nullable = false, length = 1, columnDefinition = ""char(1)"")
	@Convert(converter = BooleanToCharConverter.class)
	private boolean deleteYn;
}",1,"The snippet shows a Spring Data JPA mapped superclass with auditing annotations, providing peripheral evidence of Spring Data JPA usage without core business logic.",,
ITEM_347,JD_REACT_03,Fullstack TypeScript Fresher,Fresher,Fullstack Web Application Development,"TypeScript, JavaScript (ES6+), ReactJS, Node.js / Express.js, JWT Authentication, MongoDB / PostgreSQL / MySQL",JordanKnott/taskcafe,frontend/src/shared/components/Admin/index.tsx,201,250,File: frontend/src/shared/components/Admin/index.tsx | Lines 201..250,"
const TabContentWrapper = styled.div`
  position: relative;
  display: block;
  overflow: hidden;
  width: 100%;
  margin-left: 1rem;
`;

const TabContent = styled.div`
  position: relative;
  width: 100%;
  display: block;
  padding: 0;
  padding: 1.5rem;
  background-color: #10163a;
  border-radius: 0.5rem;
`;

const items = [{ name: 'Members' }];

export const RoleCheckmark = styled(Checkmark)`
  padding-left: 4px;
`;

const permissions = [
  {
    code: 'owner',
    name: 'Owner',
    description:
      'Can view, create and edit team projects, and change settings for the team. Will have admin rights on all projects in this team. Can delete the team and all team projects.',
  },
  {
    code: 'admin',
    name: 'Admin',
    description:
      'Can view, create and edit team projects, and change settings for the team. Will have admin rights on all projects in this team.',
  },

  { code: 'member', name: 'Member', description: 'Can view, create, and edit team projects, but not change settings.' },
];

export const RoleName = styled.div`
  font-size: 14px;
  font-weight: 700;
`;
export const RoleDescription = styled.div`
  margin-top: 4px;
  font-size: 14px;
`;",0,"The code contains styled-components and static configuration data arrays, which constitutes irrelevant UI boilerplate for a backend/fullstack role.",,
ITEM_348,JD_JAVA_02,Junior Java Developer,Intern/Fresher,Enterprise Web & HRM Systems,"Java, Spring Boot, Spring Data JPA, PostgreSQL, JUnit",f-lab-edu/fast-shoppers,src/main/java/com/fastshoppers/entity/Product.java,1,50,File: src/main/java/com/fastshoppers/entity/Product.java | Lines 1..50,"package com.fastshoppers.entity;

import java.math.BigDecimal;

import org.springframework.data.jpa.domain.support.AuditingEntityListener;

import jakarta.persistence.AttributeOverride;
import jakarta.persistence.Column;
import jakarta.persistence.Entity;
import jakarta.persistence.EntityListeners;
import jakarta.persistence.FetchType;
import jakarta.persistence.JoinColumn;
import jakarta.persistence.ManyToOne;
import jakarta.persistence.Table;
import lombok.AllArgsConstructor;
import lombok.Getter;
import lombok.NoArgsConstructor;
import lombok.Setter;
import lombok.ToString;

@Entity
@AttributeOverride(name = ""id"", column = @Column(name = ""product_id"", nullable = false))
@Table(name = ""product"")
@Getter
@Setter
@NoArgsConstructor
@AllArgsConstructor
@EntityListeners(AuditingEntityListener.class)
@ToString
public class Product extends BaseEntity {

	@Column(name = ""product_uuid"", nullable = false, unique = true)
	private String productUuid;

	@ManyToOne(fetch = FetchType.LAZY)
	@JoinColumn(name = ""category_id"", nullable = false)
	private Category category;

	@Column(name = ""product_name"", length = 255, nullable = false)
	private String productName;

	@Column(name = ""product_subtitle"", length = 255)
	private String productSubtitle;

	@Column(name = ""list_price"", nullable = false)
	private BigDecimal listPrice;

	@Column(name = ""selling_price"", nullable = false)
	private BigDecimal sellingPrice;
",1,"The snippet defines a JPA entity extending BaseEntity using Spring Data JPA annotations, representing standard entity configuration rather than full business logic services.",,
ITEM_349,JD_JAVA_11,Java Backend Developer,Fresher / Junior,Social Network & Technical Blogging Platform,"Java 17, Spring Boot 3, Spring Security 6, Spring Data JPA / Hibernate, PostgreSQL, Git",huseynovvusal/spring-blog-api,src/main/java/com/huseynovvusal/springblogapi/config/SecurityConfig.java,91,96,File: src/main/java/com/huseynovvusal/springblogapi/config/SecurityConfig.java | Lines 91..96,"@Bean
  public AuthenticationManager authenticationManager(
      AuthenticationConfiguration authenticationConfiguration) throws Exception {
    LOGGER.debug(""Retrieving AuthenticationManager from configuration"");
    return authenticationConfiguration.getAuthenticationManager();
  }",1,"The snippet is a small 6-line window retrieving an AuthenticationManager bean, acting as peripheral configuration for Spring Security.",,
ITEM_350,JD_JAVA_15,Java Backend Fresher,Fresher,Retail & Warehouse Inventory Management,"Java 17, Spring Boot, Spring Data JPA, MySQL/PostgreSQL, JWT",Rapter1990/parkinglot,src/main/java/com/project/parkinglot/logging/repository/LogRepository.java,1,10,File: src/main/java/com/project/parkinglot/logging/repository/LogRepository.java | Lines 1..10,"package com.project.parkinglot.logging.repository;

import com.project.parkinglot.logging.entity.LogEntity;
import org.springframework.data.jpa.repository.JpaRepository;

/**
 * Repository interface named {@link LogRepository} for managing log entity persistence.
 */
public interface LogRepository extends JpaRepository<LogEntity, Long> {
}",0,"The snippet is a simple empty Spring Data JPA repository interface with zero custom methods or business logic, falling under boilerplate.",,
ITEM_351,JD_JAVA_03,Java Backend Fresher,Fresher,Fintech & Payment Gateway,"Java, Spring Boot, Spring Data JPA, PostgreSQL, Redis",RishiBakshii/mern-chat-app,backend/src/controllers/auth.controller.ts,1,50,File: backend/src/controllers/auth.controller.ts | Lines 1..50,"import { NextFunction, Request, Response } from ""express"";
import jwt from 'jsonwebtoken';
import { config } from ""../config/env.config.js"";
import type { AuthenticatedRequest, OAuthAuthenticatedRequest } from ""../interfaces/auth/auth.interface.js"";
import { prisma } from '../lib/prisma.lib.js';
import type { fcmTokenSchemaType } from ""../schemas/auth.schema.js"";
import { env } from ""../schemas/env.schema.js"";
import { CustomError, asyncErrorHandler } from ""../utils/error.utils.js"";


const getUserInfo = asyncErrorHandler(async(req:AuthenticatedRequest,res:Response,next:NextFunction)=>{
    const user = req.user
    const secureUserInfo = {
        id:user.id,
        name:user.name,
        username:user.username,
        avatar:user.avatar,
        email:user.email,
        createdAt:user.createdAt,
        updatedAt:user.updatedAt,
        emailVerified:user.emailVerified,
        publicKey:user.publicKey,
        notificationsEnabled:user.notificationsEnabled,
        verificationBadge:user.verificationBadge,
        fcmToken:user.fcmToken,
        oAuthSignup:user.oAuthSignup
    }
    return res.status(200).json(secureUserInfo)
})

const updateFcmToken = asyncErrorHandler(async(req:AuthenticatedRequest,res:Response,next:NextFunction)=>{

    const {fcmToken}:fcmTokenSchemaType = req.body

    const user =  await prisma.user.update({
        where:{
            id:req.user.id
        },
        data:{
            fcmToken
        }
    })
    return res.status(200).json({fcmToken:user.fcmToken})
})

const checkAuth = asyncErrorHandler(async(req:AuthenticatedRequest,res:Response,next:NextFunction)=>{
    if(req.user){
        const secureUserInfo = {
            id:req.user.id,
            name:req.user.name,",0,"The code is written in TypeScript/Express.js, which is completely irrelevant to the Java Backend JD requirements.",,
ITEM_352,JD_JAVA_08,Junior Java Software Engineer,Junior,Logistics & Fleet Management,"Java 17, Spring Boot, Spring Data JPA, MySQL/PostgreSQL, MapStruct, Bean Validation",Rapter1990/parkinglot,src/main/java/com/project/parkinglot/repository/PriceListRepository.java,1,10,File: src/main/java/com/project/parkinglot/repository/PriceListRepository.java | Lines 1..10,"package com.project.parkinglot.repository;

import com.project.parkinglot.model.entity.PriceListEntity;
import org.springframework.data.jpa.repository.JpaRepository;

/**
 * Repository interface named {@link PriceListRepository} for managing price lists.
 */
public interface PriceListRepository extends JpaRepository<PriceListEntity, String> {
}",0,"The snippet is an empty Spring Data JPA repository interface with no additional query methods or business logic, representing basic boilerplate.",,
ITEM_353,JD_JAVA_11,Java Backend Developer,Fresher / Junior,Social Network & Technical Blogging Platform,"Java 17, Spring Boot 3, Spring Security 6, Spring Data JPA / Hibernate, PostgreSQL, Git",SaiUpadhyayula/spring-reddit-clone,src/main/java/com/programming/techie/springredditclone/controller/PostController.java,1,47,File: src/main/java/com/programming/techie/springredditclone/controller/PostController.java | Lines 1..47,"package com.programming.techie.springredditclone.controller;

import com.programming.techie.springredditclone.dto.PostRequest;
import com.programming.techie.springredditclone.dto.PostResponse;
import com.programming.techie.springredditclone.service.PostService;
import lombok.AllArgsConstructor;
import org.springframework.http.HttpStatus;
import org.springframework.http.ResponseEntity;
import org.springframework.web.bind.annotation.*;

import java.util.List;

import static org.springframework.http.ResponseEntity.status;

@RestController
@RequestMapping(""/api/posts"")
@AllArgsConstructor
public class PostController {

    private final PostService postService;

    @PostMapping
    public ResponseEntity<Void> createPost(@RequestBody PostRequest postRequest) {
        postService.save(postRequest);
        return new ResponseEntity<>(HttpStatus.CREATED);
    }

    @GetMapping
    public ResponseEntity<List<PostResponse>> getAllPosts() {
        return status(HttpStatus.OK).body(postService.getAllPosts());
    }

    @GetMapping(""/{id}"")
    public ResponseEntity<PostResponse> getPost(@PathVariable Long id) {
        return status(HttpStatus.OK).body(postService.getPost(id));
    }

    @GetMapping(params = ""subredditId"")
    public ResponseEntity<List<PostResponse>> getPostsBySubreddit(@RequestParam Long subredditId) {
        return status(HttpStatus.OK).body(postService.getPostsBySubreddit(subredditId));
    }

    @GetMapping(params = ""username"")
    public ResponseEntity<List<PostResponse>> getPostsByUsername(@RequestParam String username) {
        return status(HttpStatus.OK).body(postService.getPostsByUsername(username));
    }
}",2,"The snippet provides direct and strong evidence of Spring Boot capabilities, featuring a REST controller with proper endpoint mappings, DTO handling, and service delegation.",,
